recovery_mode,n,median_snr,median_tmag,median_period_d,median_depth_retention
bls_peak_mismatch,923,0.8026348846626298,19.48045454636365,1.399052538808099,0.2728121682690154
bls_top1_recovered,50,12.901723827592456,17.45253090585026,0.6376847851434335,0.6534773553831494
bls_topn_harmonic_match,17,0.9079051725847898,19.624502632634705,0.4592765196355056,0.2452278009227865
bls_topn_recovered,10,7.968110342240862,18.753031283482137,0.46404726211076713,0.3817748207727537
