recovery_mode,n,median_snr,median_tmag,median_period_d,median_depth_retention
bls_peak_mismatch,854,1.2298294265034873,19.50516779005973,1.5480659500726355,0.465505848916909
bls_top1_recovered,82,12.101430956488802,18.25319438692984,0.307654436695565,0.7207161894974168
bls_topn_harmonic_match,46,7.134068638165719,18.5526867404498,0.9423231382340291,0.6597796569264782
bls_topn_recovered,18,6.407748472724993,18.662557907639524,0.3429956318422068,0.6560182994235539
