{
  "apertures": [
    "DET_FLUX",
    "DET_FLUX_ADP",
    "RAW_FLUX_Primary"
  ],
  "by_aperture": {
    "DET_FLUX": {
      "bls_recovered": 7,
      "bls_recovered_frac": 0.035,
      "delta_signal_multi_snr_mad_median": 1.0541779394579431,
      "delta_signal_multi_snr_mad_p16": 0.16370882837653078,
      "delta_signal_multi_snr_mad_p84": 2.8065983343903524,
      "delta_signal_snr_mad_median": 0.19019484011044885,
      "delta_signal_snr_mad_p16": 0.032595496024494165,
      "delta_signal_snr_mad_p84": 0.3991705604504924,
      "depth_retention_frac_median": 0.314592396059191,
      "depth_retention_frac_p16": 0.16355695539429377,
      "depth_retention_frac_p84": 0.5293091917682767,
      "n": 200,
      "n_good_truth_in_transit_median": 28.5,
      "n_good_truth_in_transit_p16": 9.0,
      "n_good_truth_in_transit_p84": 83.16,
      "tmag_median": 19.360762277224225,
      "tmag_p16": 18.55709357484382,
      "tmag_p84": 19.814433725443386,
      "truth_period_d_median": 1.2531127074875252,
      "truth_period_d_p16": 0.27269474913274244,
      "truth_period_d_p84": 6.219186579806454,
      "truth_sampled_model_depth_median": 0.3008313345390979,
      "truth_sampled_model_depth_p16": 0.059847776065942083,
      "truth_sampled_model_depth_p84": 0.623122987196914
    },
    "DET_FLUX_ADP": {
      "bls_recovered": 7,
      "bls_recovered_frac": 0.035,
      "delta_signal_multi_snr_mad_median": 1.1383029915339882,
      "delta_signal_multi_snr_mad_p16": 0.16669974573407484,
      "delta_signal_multi_snr_mad_p84": 2.8606245552774268,
      "delta_signal_snr_mad_median": 0.19889343629249961,
      "delta_signal_snr_mad_p16": 0.039544205825765066,
      "delta_signal_snr_mad_p84": 0.40727175049921593,
      "depth_retention_frac_median": 0.3111926832984352,
      "depth_retention_frac_p16": 0.16034049142238507,
      "depth_retention_frac_p84": 0.5299313469446746,
      "n": 200,
      "n_good_truth_in_transit_median": 28.5,
      "n_good_truth_in_transit_p16": 9.0,
      "n_good_truth_in_transit_p84": 83.16,
      "tmag_median": 19.360762277224225,
      "tmag_p16": 18.55709357484382,
      "tmag_p84": 19.814433725443386,
      "truth_period_d_median": 1.2531127074875252,
      "truth_period_d_p16": 0.27269474913274244,
      "truth_period_d_p84": 6.219186579806454,
      "truth_sampled_model_depth_median": 0.3008313345390979,
      "truth_sampled_model_depth_p16": 0.059847776065942083,
      "truth_sampled_model_depth_p84": 0.623122987196914
    },
    "RAW_FLUX_Primary": {
      "bls_recovered": 7,
      "bls_recovered_frac": 0.035,
      "delta_signal_multi_snr_mad_median": 0.5710405614397911,
      "delta_signal_multi_snr_mad_p16": 0.07231564033442933,
      "delta_signal_multi_snr_mad_p84": 1.7224803166985967,
      "delta_signal_snr_mad_median": 0.10522533469565115,
      "delta_signal_snr_mad_p16": 0.015649984031948404,
      "delta_signal_snr_mad_p84": 0.28260686039352795,
      "depth_retention_frac_median": 0.8740002827298143,
      "depth_retention_frac_p16": 0.5307450221370161,
      "depth_retention_frac_p84": 1.3982817710416027,
      "n": 200,
      "n_good_truth_in_transit_median": 28.5,
      "n_good_truth_in_transit_p16": 9.0,
      "n_good_truth_in_transit_p84": 83.16,
      "tmag_median": 19.360762277224225,
      "tmag_p16": 18.55709357484382,
      "tmag_p84": 19.814433725443386,
      "truth_period_d_median": 1.2531127074875252,
      "truth_period_d_p16": 0.27269474913274244,
      "truth_period_d_p84": 6.219186579806454,
      "truth_sampled_model_depth_median": 0.3008313345390979,
      "truth_sampled_model_depth_p16": 0.059847776065942083,
      "truth_sampled_model_depth_p84": 0.623122987196914
    }
  },
  "created_utc": "2026-06-22T19:53:48.632902+00:00",
  "n_injections": 200,
  "n_rows": 600
}
