review_id,tic,sector,julien_period_d,julien_rf,julien_snr,julien_n,julien_pdf
julien_real:267574918,267574918,56,1.4083,116,9.3,10,TIC267574918_sector56_P_1.4083_RF_116_SNR_9.3_n_10.pdf
julien_real:298666530,298666530,56,1.7203,88,5.5,10,TIC298666530_sector56_P_1.7203_RF_88_SNR_5.5_n_10.pdf
julien_real:406539395,406539395,56,0.32742,169,18.9,12,TIC406539395_sector56_P_0.32742_RF_169_SNR_18.9_n_12.pdf
julien_real:1201294971,1201294971,56,0.28595,69,12.7,7,TIC1201294971_sector56_P_0.28595_RF_69_SNR_12.7_n_7.pdf
julien_real:1551395445,1551395445,56,0.86645,81,8.5,12,TIC1551395445_sector56_P_0.86645_RF_81_SNR_8.5_n_12.pdf
julien_real:1883504789,1883504789,56,0.78714,114,9.0,7,TIC1883504789_sector56_P_0.78714_RF_114_SNR_9_n_7.pdf
julien_real:1883654820,1883654820,56,1.6163,88,6.2,13,TIC1883654820_sector56_P_1.6163_RF_88_SNR_6.2_n_13.pdf
julien_real:1961800465,1961800465,56,0.99363,86,8.6,5,TIC1961800465_sector56_P_0.99363_RF_86_SNR_8.6_n_5.pdf
julien_real:1976964633,1976964633,56,1.4761,78,7.3,12,TIC1976964633_sector56_P_1.4761_RF_78_SNR_7.3_n_12.pdf
