{
  "apertures": [
    "DET_FLUX",
    "DET_FLUX_ADP",
    "DET_FLUX_ADP_LAG",
    "DET_FLUX_ADP_SML",
    "DET_FLUX_LAG",
    "DET_FLUX_SML",
    "RAW_FLUX_Large",
    "RAW_FLUX_Primary",
    "RAW_FLUX_Small"
  ],
  "by_aperture": {
    "DET_FLUX": {
      "bls_recovered": 32,
      "bls_recovered_frac": 0.032,
      "delta_signal_multi_snr_mad_median": 0.8498506351797989,
      "delta_signal_multi_snr_mad_p16": 0.16816224222139536,
      "delta_signal_multi_snr_mad_p84": 3.2970193429585075,
      "delta_signal_snr_mad_median": 0.16917988891348262,
      "delta_signal_snr_mad_p16": 0.03543633364236758,
      "delta_signal_snr_mad_p84": 0.5251211442093177,
      "depth_retention_frac_median": 0.2868495318290636,
      "depth_retention_frac_p16": 0.12666030405933087,
      "depth_retention_frac_p84": 0.542743060442229,
      "n": 1000,
      "n_good_truth_in_transit_median": 28.0,
      "n_good_truth_in_transit_p16": 9.0,
      "n_good_truth_in_transit_p84": 92.0,
      "tmag_median": 19.439149815278633,
      "tmag_p16": 18.395206374049103,
      "tmag_p84": 19.82330199635885,
      "truth_period_d_median": 1.252310943232684,
      "truth_period_d_p16": 0.25693578491803293,
      "truth_period_d_p84": 6.278148562078035,
      "truth_sampled_model_depth_median": 0.28710301469192734,
      "truth_sampled_model_depth_p16": 0.07210145755851734,
      "truth_sampled_model_depth_p84": 0.6517775401264466
    },
    "DET_FLUX_ADP": {
      "bls_recovered": 32,
      "bls_recovered_frac": 0.032,
      "delta_signal_multi_snr_mad_median": 0.8914986950021038,
      "delta_signal_multi_snr_mad_p16": 0.17424169892957853,
      "delta_signal_multi_snr_mad_p84": 3.4249623163623872,
      "delta_signal_snr_mad_median": 0.18007570710364273,
      "delta_signal_snr_mad_p16": 0.03798462893567316,
      "delta_signal_snr_mad_p84": 0.5704803743503382,
      "depth_retention_frac_median": 0.2844776030459697,
      "depth_retention_frac_p16": 0.1258058753285445,
      "depth_retention_frac_p84": 0.5359831059030502,
      "n": 1000,
      "n_good_truth_in_transit_median": 28.0,
      "n_good_truth_in_transit_p16": 9.0,
      "n_good_truth_in_transit_p84": 92.0,
      "tmag_median": 19.439149815278633,
      "tmag_p16": 18.395206374049103,
      "tmag_p84": 19.82330199635885,
      "truth_period_d_median": 1.252310943232684,
      "truth_period_d_p16": 0.25693578491803293,
      "truth_period_d_p84": 6.278148562078035,
      "truth_sampled_model_depth_median": 0.28710301469192734,
      "truth_sampled_model_depth_p16": 0.07210145755851734,
      "truth_sampled_model_depth_p84": 0.6517775401264466
    },
    "DET_FLUX_ADP_LAG": {
      "bls_recovered": 32,
      "bls_recovered_frac": 0.032,
      "delta_signal_multi_snr_mad_median": 0.5261039223955959,
      "delta_signal_multi_snr_mad_p16": 0.08772003217415089,
      "delta_signal_multi_snr_mad_p84": 2.4237860631798434,
      "delta_signal_snr_mad_median": 0.10391759997538941,
      "delta_signal_snr_mad_p16": 0.018164032521803944,
      "delta_signal_snr_mad_p84": 0.4072449125679181,
      "depth_retention_frac_median": 0.1665110488600734,
      "depth_retention_frac_p16": 0.04752353534820577,
      "depth_retention_frac_p84": 0.3536628639632992,
      "n": 1000,
      "n_good_truth_in_transit_median": 28.0,
      "n_good_truth_in_transit_p16": 9.0,
      "n_good_truth_in_transit_p84": 92.0,
      "tmag_median": 19.439149815278633,
      "tmag_p16": 18.395206374049103,
      "tmag_p84": 19.82330199635885,
      "truth_period_d_median": 1.252310943232684,
      "truth_period_d_p16": 0.25693578491803293,
      "truth_period_d_p84": 6.278148562078035,
      "truth_sampled_model_depth_median": 0.28710301469192734,
      "truth_sampled_model_depth_p16": 0.07210145755851734,
      "truth_sampled_model_depth_p84": 0.6517775401264466
    },
    "DET_FLUX_ADP_SML": {
      "bls_recovered": 32,
      "bls_recovered_frac": 0.032,
      "delta_signal_multi_snr_mad_median": 1.5829018956743455,
      "delta_signal_multi_snr_mad_p16": 0.3098980887435409,
      "delta_signal_multi_snr_mad_p84": 5.544222345143929,
      "delta_signal_snr_mad_median": 0.28059731479447547,
      "delta_signal_snr_mad_p16": 0.06609920609635755,
      "delta_signal_snr_mad_p84": 0.9555071416497565,
      "depth_retention_frac_median": 0.49607648362936896,
      "depth_retention_frac_p16": 0.3080303117767195,
      "depth_retention_frac_p84": 0.7132186813261913,
      "n": 1000,
      "n_good_truth_in_transit_median": 28.0,
      "n_good_truth_in_transit_p16": 9.0,
      "n_good_truth_in_transit_p84": 92.0,
      "tmag_median": 19.439149815278633,
      "tmag_p16": 18.395206374049103,
      "tmag_p84": 19.82330199635885,
      "truth_period_d_median": 1.252310943232684,
      "truth_period_d_p16": 0.25693578491803293,
      "truth_period_d_p84": 6.278148562078035,
      "truth_sampled_model_depth_median": 0.28710301469192734,
      "truth_sampled_model_depth_p16": 0.07210145755851734,
      "truth_sampled_model_depth_p84": 0.6517775401264466
    },
    "DET_FLUX_LAG": {
      "bls_recovered": 32,
      "bls_recovered_frac": 0.032,
      "delta_signal_multi_snr_mad_median": 0.5088360137374379,
      "delta_signal_multi_snr_mad_p16": 0.08002397246708302,
      "delta_signal_multi_snr_mad_p84": 2.2518841535337546,
      "delta_signal_snr_mad_median": 0.09763365455423757,
      "delta_signal_snr_mad_p16": 0.016559391174071146,
      "delta_signal_snr_mad_p84": 0.3798622399779919,
      "depth_retention_frac_median": 0.16754978823625005,
      "depth_retention_frac_p16": 0.04763692972333474,
      "depth_retention_frac_p84": 0.35528344135923196,
      "n": 1000,
      "n_good_truth_in_transit_median": 28.0,
      "n_good_truth_in_transit_p16": 9.0,
      "n_good_truth_in_transit_p84": 92.0,
      "tmag_median": 19.439149815278633,
      "tmag_p16": 18.395206374049103,
      "tmag_p84": 19.82330199635885,
      "truth_period_d_median": 1.252310943232684,
      "truth_period_d_p16": 0.25693578491803293,
      "truth_period_d_p84": 6.278148562078035,
      "truth_sampled_model_depth_median": 0.28710301469192734,
      "truth_sampled_model_depth_p16": 0.07210145755851734,
      "truth_sampled_model_depth_p84": 0.6517775401264466
    },
    "DET_FLUX_SML": {
      "bls_recovered": 32,
      "bls_recovered_frac": 0.032,
      "delta_signal_multi_snr_mad_median": 1.5666214424807747,
      "delta_signal_multi_snr_mad_p16": 0.29794494904582297,
      "delta_signal_multi_snr_mad_p84": 5.273757541320899,
      "delta_signal_snr_mad_median": 0.27903194318771807,
      "delta_signal_snr_mad_p16": 0.06429943466803731,
      "delta_signal_snr_mad_p84": 0.9275534308250383,
      "depth_retention_frac_median": 0.5002634903628081,
      "depth_retention_frac_p16": 0.3119069198232936,
      "depth_retention_frac_p84": 0.7144258590659412,
      "n": 1000,
      "n_good_truth_in_transit_median": 28.0,
      "n_good_truth_in_transit_p16": 9.0,
      "n_good_truth_in_transit_p84": 92.0,
      "tmag_median": 19.439149815278633,
      "tmag_p16": 18.395206374049103,
      "tmag_p84": 19.82330199635885,
      "truth_period_d_median": 1.252310943232684,
      "truth_period_d_p16": 0.25693578491803293,
      "truth_period_d_p84": 6.278148562078035,
      "truth_sampled_model_depth_median": 0.28710301469192734,
      "truth_sampled_model_depth_p16": 0.07210145755851734,
      "truth_sampled_model_depth_p84": 0.6517775401264466
    },
    "RAW_FLUX_Large": {
      "bls_recovered": 32,
      "bls_recovered_frac": 0.032,
      "delta_signal_multi_snr_mad_median": 0.21301612570767076,
      "delta_signal_multi_snr_mad_p16": 0.032805263538886076,
      "delta_signal_multi_snr_mad_p84": 0.9110706087346159,
      "delta_signal_snr_mad_median": 0.04246276585757944,
      "delta_signal_snr_mad_p16": 0.006933876248331514,
      "delta_signal_snr_mad_p84": 0.1469564988535963,
      "depth_retention_frac_median": 0.8216459942161765,
      "depth_retention_frac_p16": 0.6531342995466429,