epoch,train_loss,train_accuracy,train_n,validation_accuracy,validation_n,test_accuracy,test_n
1.0,0.6950823633294356,0.5,76.0,0.5,26.0,0.5,26.0
2.0,0.6947031805389806,0.5,76.0,0.5,26.0,0.5,26.0
3.0,0.6940886503771732,0.5,76.0,0.5,26.0,0.5,26.0
4.0,0.6940520405769348,0.5,76.0,0.5,26.0,0.5,26.0
5.0,0.6935928463935852,0.5,76.0,0.5,26.0,0.5,26.0
6.0,0.6937153339385986,0.5,76.0,0.5,26.0,0.5,26.0
7.0,0.6935316920280457,0.5,76.0,0.5,26.0,0.5,26.0
8.0,0.6935754292889645,0.5,76.0,0.5,26.0,0.5,26.0
