recovery_mode,n,median_snr,median_tmag,median_period_d,median_depth_retention
bls_peak_mismatch,29,7.462960508395139,18.79574387130369,1.43618365594985,0.5468436249795584
bls_top1_recovered,42,10.78788657096371,18.586261041946827,0.3042440566787187,0.6896289597254173
bls_topn_harmonic_match,18,9.056572183846045,18.204367438260796,1.735800493238342,0.7024203508499126
bls_topn_recovered,5,9.730017840409484,18.23286355674184,1.84558713981772,0.5710410424638348
