aperture,n,n_snr_ge_threshold,median_snr,p90_snr,median_depth_retention,median_tmag,frac_snr_ge_threshold
DET_FLUX_ADP_SML,1000,124,1.5829018956743455,8.091664424975512,0.4960764836293689,19.439149815278636,0.124
DET_FLUX_SML,1000,117,1.5666214424807747,8.049524058070226,0.5002634903628081,19.439149815278636,0.117
RAW_FLUX_Small,1000,81,1.066649334145137,6.158305662953332,0.8254315627694742,19.439149815278636,0.081
DET_FLUX_ADP,1000,71,0.8914986950021038,4.861162639784443,0.28447760304596964,19.439149815278636,0.071
DET_FLUX,1000,66,0.8498506351797989,4.538429627486474,0.28684953182906353,19.439149815278636,0.066
DET_FLUX_ADP_LAG,1000,46,0.5261039223955959,3.6480165359713053,0.16651104886007334,19.439149815278636,0.046
DET_FLUX_LAG,1000,39,0.5088360137374379,3.2699091276925922,0.16754978823625005,19.439149815278636,0.039
RAW_FLUX_Primary,1000,29,0.4465468524595495,2.6141851727363976,0.8235126181914183,19.439149815278636,0.029
RAW_FLUX_Large,1000,14,0.21301612570767076,1.3260627282604993,0.8216459942161765,19.439149815278636,0.014
