branch,mask_mode,aperture,n_tics,median_sde_rank1,median_trend_ptp,p90_trend_ptp
adpplus_0p12,iterative,DET_FLUX_ADP,2000,12.125569238085752,0.05233231037855145,0.16402413242102534
adpplus_0p12,iterative,DET_FLUX_ADP_SML,2000,9.499418451332808,0.0573269352316856,0.1897310096713098
adpplus_0p20,iterative,DET_FLUX_ADP,2000,11.510567769496285,0.0796516805887222,0.18123884111960484
adpplus_0p20,iterative,DET_FLUX_ADP_SML,2000,9.334823021951703,0.0847108279069939,0.21146648891182654
adpplus_adaptive,iterative,DET_FLUX_ADP,2000,11.840280151047327,0.0833709537982941,0.18600336977378473
adpplus_adaptive,iterative,DET_FLUX_ADP_SML,2000,9.323692444676757,0.07282163616668286,0.20635405165404327
current_adp,current,DET_FLUX_ADP,2000,14.452846276515782,0.13463942408561705,0.20230084270238846
current_adp,current,DET_FLUX_ADP_SML,2000,8.218036098487577,0.1279405519366264,0.191054109930992
