profile,development_selection_score,validation_macro_f1,validation_balanced_accuracy,validation_real_planet_recall,validation_real_eb_recall,validation_real_variable_recall,validation_real_other_recall,validation_ece,fold_macro_f1_mean
shape_plus_periodogram_bls,0.8095292657245263,0.8072919586551052,0.7861898582495139,0.8,0.6666666666666666,0.7558139534883721,0.9900579950289975,0.016472552888616824,0.8060507033871215
full_combined,0.7979563273371378,0.7947803617500724,0.782607142083657,0.8,0.6428571428571429,0.7093023255813954,0.9908864954432477,0.017594812206315365,0.7908504199658263
metadata_only,0.7499096254161732,0.7236526378433972,0.7073804656147007,0.8,0.5476190476190477,0.6976744186046512,0.9693454846727423,0.01658879915793248,0.7276689353953303
shape_plus_raw_chronology,0.7106187689222642,0.7355101469028028,0.6950118330608333,0.6,0.5476190476190477,0.5930232558139535,0.9875724937862469,0.024794967933558534,0.7278792065090858
seven_harmonic_shape,0.6751554252201641,0.7168145135444871,0.6795205096003994,0.5,0.5238095238095238,0.5,0.9884009942004971,0.02594032854239223,0.7104506059539738
single_period_native_fold,0.6236914403862366,0.6956813301640888,0.677228761532302,0.1,0.5714285714285714,0.6046511627906976,0.9867439933719967,0.024038840599773008,0.6878640099738643
