top_k,n_injections,n_recovered,recovery_fraction
1,14706,2522,0.17149462804297566
3,14706,2699,0.18353053175574596
5,14706,2777,0.18883448932408542
