tmag_bin,n_injections,n_bls_top5,n_teacher_v2,bls_top5_fraction,teacher_v2_end_to_end_fraction,teacher_v2_retention_given_bls
Tmag < 17,303,197,160,0.6501650165016502,0.528052805280528,0.8121827411167513
17 <= Tmag < 18,733,323,278,0.4406548431105048,0.3792633015006821,0.8606811145510835
18 <= Tmag < 19,2124,696,589,0.327683615819209,0.2773069679849341,0.8462643678160919
Tmag >= 19,11546,1561,1117,0.13519833708643686,0.09674346093885328,0.7155669442664958
