model,n_common_injections,n_bls_recovered,n_model_recovered,end_to_end_fraction,conditional_on_bls
teacher_v2,14706,2777,2144,0.14579083367333062,0.7720561757292042
teacher_v1,14706,2777,1562,0.10621515027879777,0.5624774936982355
metadata_only,14706,2777,1720,0.11695906432748537,0.6193734245588765
