tmag_bin,n_injections,n_bls_top5,n_teacher_v2,bls_top5_fraction,teacher_v2_end_to_end_fraction,teacher_v2_retention_given_bls
Tmag < 17,88,53,42,0.6022727272727273,0.4772727272727273,0.7924528301886793
17 <= Tmag < 18,199,94,88,0.4723618090452261,0.44221105527638194,0.9361702127659575
18 <= Tmag < 19,732,229,193,0.3128415300546448,0.26366120218579236,0.8427947598253275
Tmag >= 19,3981,468,340,0.1175584024114544,0.08540567696558654,0.7264957264957265
