failure_class,n,median_empirical_snr,median_tmag,median_period_d,median_depth,median_radius_rearth,median_depth_retention,median_good_in_transit
matched_top1,32,17.002676391519387,17.276638844152952,0.3515937287266623,0.3951559811828493,5.895799898359314,0.7274401785257282,86.0
matched_exact_topn,11,9.045562962079662,18.722841035226697,0.3623447213511264,0.40157793125298,6.342708421138708,0.4689551753134435,77.0
matched_harmonic_topn,25,4.073605580559618,18.439969958090316,0.9557405729754508,0.3991525423912482,4.830712302371018,0.4281734860619837,42.0
low_snr_unmatched,904,0.7582390420470957,19.495387903449895,1.417187878530921,0.27432870276828636,3.762128105500147,0.2689520433518508,25.0
snr_qualified_bls_ranking_loss,28,10.083587427135882,18.11031956821087,0.8440812402126148,0.6285794761162844,9.124450804464125,0.5216229404323784,62.0
