recovery_mode,n,median_empirical_snr,median_tmag,median_period_d,median_depth,median_radius_rearth,median_depth_retention,median_good_in_transit
bls_top1_recovered,32,17.002676391519387,17.276638844152952,0.3515937287266623,0.3951559811828493,5.895799898359314,0.7274401785257282,86.0
bls_topn_recovered,11,9.045562962079662,18.722841035226697,0.3623447213511264,0.40157793125298,6.342708421138708,0.4689551753134435,77.0
bls_topn_harmonic_match,25,4.073605580559618,18.439969958090316,0.9557405729754508,0.3991525423912482,4.830712302371018,0.4281734860619837,42.0
bls_peak_mismatch,932,0.8063005569069828,19.479049031224662,1.3994429190189028,0.27930129868155806,3.854411225932722,0.27232536578544964,26.0
