tmag_bin,n,top1_recovered,exact_recovered,any_period_match,unmatched,median_empirical_snr,median_tmag,median_period_d,median_depth,median_radius_rearth,median_depth_retention,top1_recovered_frac,exact_recovered_frac,any_period_match_frac,unmatched_frac
<16,11,9,10,10,1,39.49809822125972,15.802236652755075,0.4927530064896155,0.2356477059133243,6.053492087218217,0.9622402358227088,0.8181818181818182,0.9090909090909091,0.9090909090909091,0.09090909090909091
16-17,18,4,5,10,8,12.369176686607009,16.62217629866042,1.1699545459095657,0.29604322079315915,4.467958082501756,0.6902647887562987,0.2222222222222222,0.2777777777777778,0.5555555555555556,0.4444444444444444
17-18,68,9,11,17,51,3.7679660913348334,17.65915334114585,1.6977196681556064,0.26939639860087566,3.1300262346357073,0.6699365796090773,0.1323529411764706,0.16176470588235295,0.25,0.75
18-19,219,6,12,16,203,2.015970549984732,18.617903853131104,1.318279727796136,0.3509200115702128,3.8626168634992,0.4262497968007145,0.0273972602739726,0.0547945205479452,0.0730593607305936,0.9269406392694064
19-20,659,4,5,15,644,0.6033137284210948,19.63344589644132,1.242105901940222,0.2793718476725141,4.0567431438524055,0.2335723630769454,0.006069802731411229,0.007587253414264037,0.02276176024279211,0.9772382397572079
>20,25,0,0,0,25,0.3604077582387676,20.05722124901267,0.9867661937816578,0.2720647163081373,4.300866474753394,0.2090439389464977,0.0,0.0,0.0,1.0
