period_bin,n,top1_recovered,exact_recovered,any_period_match,unmatched,median_empirical_snr,median_tmag,median_period_d,median_depth,median_radius_rearth,median_depth_retention,top1_recovered_frac,exact_recovered_frac,any_period_match_frac,unmatched_frac
<0.25,153,12,14,22,131,1.3674761147566417,19.46120497146824,0.1756640123101311,0.1785848069361419,4.223295364050366,0.3034454998481801,0.0784313725490196,0.0915032679738562,0.1437908496732026,0.8562091503267973
0.25-0.5,154,10,16,16,138,1.3638354932681471,19.44337761220073,0.36133984089581417,0.21009867778620625,4.0849141924256385,0.3367988539818187,0.06493506493506493,0.1038961038961039,0.1038961038961039,0.8961038961038961
0.5-1,151,5,6,13,138,1.0242241250982356,19.416923470881635,0.7217751660156274,0.2793718476725141,3.8711020137201935,0.3304630494974725,0.033112582781456956,0.039735099337748346,0.08609271523178808,0.9139072847682119
1-2,142,5,5,11,131,1.1291503246317967,19.358120991809866,1.417187878530921,0.2912259930980089,3.827419447992475,0.3061641300750678,0.035211267605633804,0.035211267605633804,0.07746478873239436,0.9225352112676056
2-5,198,0,2,5,193,0.8072527169049505,19.4407436826792,3.1744518885044637,0.40499191778240734,4.3284489917915305,0.253217727768802,0.0,0.010101010101010102,0.025252525252525252,0.9747474747474747
5-10,151,0,0,1,150,0.6244852928650894,19.414582663709176,7.381618486089275,0.4673119388645717,4.1712507395839165,0.243196594224763,0.0,0.0,0.006622516556291391,0.9933774834437086
>10,51,0,0,0,51,0.4371837768290351,19.630445279521304,11.25913532809492,0.3841738940963755,3.049930483696179,0.2331313029603951,0.0,0.0,0.0,1.0
