depth_bin,n,top1_recovered,exact_recovered,any_period_match,unmatched,median_empirical_snr,median_tmag,median_period_d,median_depth,median_radius_rearth,median_depth_retention,top1_recovered_frac,exact_recovered_frac,any_period_match_frac,unmatched_frac
<1%,29,0,0,0,29,0.0137035467689495,19.596203590579112,0.9267972907142804,0.0052168005326951,2.169519886674556,0.2759596877816785,0.0,0.0,0.0,1.0
1-3%,57,1,1,3,54,0.0931996988098971,19.377254094836307,0.6996717975318576,0.0176746826829016,2.18354266610855,0.3623125340779374,0.017543859649122806,0.017543859649122806,0.05263157894736842,0.9473684210526315
3-10%,117,1,1,5,112,0.2471548425319893,19.53475695817634,0.4981126543204511,0.0623584914742636,2.767607204488798,0.3232090285584179,0.008547008547008548,0.008547008547008548,0.042735042735042736,0.9572649572649573
10-30%,308,9,13,16,292,0.7086014851842483,19.476253947554333,0.9351637435680353,0.1884641940813594,2.8357797667245976,0.2914837239265805,0.02922077922077922,0.04220779220779221,0.05194805194805195,0.948051948051948
30-100%,489,21,28,44,445,1.912198208668724,19.38555987668963,1.986214313915384,0.5582375750548919,5.620580786420452,0.2638330475622353,0.04294478527607362,0.05725971370143149,0.08997955010224949,0.9100204498977505
>100%,0,0,0,0,0,,,,,,,,,,
