snr_bin,n,top1_recovered,exact_recovered,any_period_match,unmatched,median_empirical_snr,median_tmag,median_period_d,median_depth,median_radius_rearth,median_depth_retention,top1_recovered_frac,exact_recovered_frac,any_period_match_frac,unmatched_frac
<1,527,0,0,6,521,0.3331122682274623,19.61185963878516,1.7044301881213824,0.1550059158248541,3.0130579055146276,0.2278322625657185,0.0,0.0,0.011385199240986717,0.9886148007590133
1-3,277,1,2,8,269,1.725100398132136,19.342126111401075,1.0520344687560383,0.4221039736154895,4.3691074136554855,0.3101158440756211,0.0036101083032490976,0.007220216606498195,0.02888086642599278,0.9711191335740073
3-5,96,1,4,8,88,3.636517430230982,18.86326862395161,0.8248004387724932,0.5715616626391808,6.598467953478686,0.39794928144459263,0.010416666666666666,0.041666666666666664,0.08333333333333333,0.9166666666666666
5-7,29,1,2,3,26,5.727420049220402,18.475713449359493,1.312445003629248,0.4980098910349536,6.594744391964794,0.4828080466830237,0.034482758620689655,0.06896551724137931,0.10344827586206896,0.896551724137931
7-10,24,5,8,11,13,8.478605536825931,18.14095938245069,0.4619169156488772,0.6599307033925719,6.994389002078558,0.45032945350116727,0.20833333333333334,0.3333333333333333,0.4583333333333333,0.5416666666666666
10-20,30,10,12,15,15,12.019285365099831,17.93479965505807,0.5231737053804276,0.52760188074998,8.211766599183507,0.5500153401046045,0.3333333333333333,0.4,0.5,0.5
>20,17,14,15,17,0,32.13373237602241,16.094145373133674,0.7217751660156274,0.40157793125298,4.051290691301403,0.8019390713074036,0.8235294117647058,0.8823529411764706,1.0,0.0
