radius_rearth_bin,n,top1_recovered,exact_recovered,any_period_match,unmatched,median_empirical_snr,median_tmag,median_period_d,median_depth,median_radius_rearth,median_depth_retention,top1_recovered_frac,exact_recovered_frac,any_period_match_frac,unmatched_frac
<1,53,0,0,0,53,0.1282070101762542,19.61186121798194,1.6101537695653625,0.0430974507264975,0.7960069376150538,0.3495153918423826,0.0,0.0,0.0,1.0
1-2,183,2,2,6,177,0.6150514895453174,19.425660607184035,1.1690596139945284,0.2025133870628473,1.498014376395794,0.3440726705642886,0.01092896174863388,0.01092896174863388,0.03278688524590164,0.9672131147540983
2-4,264,8,10,16,248,0.9024878845153346,19.361261959596966,1.1564414444724345,0.27913984092929184,2.834637490617124,0.30644889075660087,0.030303030303030304,0.03787878787878788,0.06060606060606061,0.9393939393939394
4-8,250,12,16,22,228,1.145834378778106,19.397405340657816,1.4963244616592086,0.4103663878549447,5.748834624720601,0.2769110373464439,0.048,0.064,0.088,0.912
8-11.2,120,2,4,6,114,1.3012999376393188,19.485708467557615,1.4157038096574057,0.4759823089707206,9.58962450352659,0.2552531765815847,0.016666666666666666,0.03333333333333333,0.05,0.95
11.2-16,115,7,10,16,99,1.7295325904574026,19.571503816473065,1.1356588245321997,0.4850802849679472,13.400000507753246,0.2217450891820875,0.06086956521739131,0.08695652173913043,0.1391304347826087,0.8608695652173913
16-25,15,1,1,2,13,3.116575576465278,19.53142499938266,0.4963931268041376,0.395242211765184,16.390757726487124,0.2956591475018265,0.06666666666666667,0.06666666666666667,0.13333333333333333,0.8666666666666667
>25,0,0,0,0,0,,,,,,,,,,
