recovery_mode,n,median_snr,median_tmag,median_period_d,median_depth_retention
bls_peak_mismatch,932,0.8063005569069828,19.479049031224662,1.3994429190189028,0.27232536578544964
bls_top1_recovered,32,17.002676391519387,17.276638844152952,0.3515937287266623,0.7274401785257282
bls_topn_harmonic_match,25,4.073605580559618,18.439969958090316,0.9557405729754508,0.4281734860619837
bls_topn_recovered,11,9.045562962079662,18.722841035226697,0.3623447213511264,0.4689551753134435
