873965
1014196
1130644
1202936
1205359
1205965
1206178
1227950
1338424
1360104
1362894
1442449
1472576
1573839
1730647
1868257
1967409
2020725
2084183
2084703
2094712
2140147
2224747
2224750
2242348
2962605
3775034
5392904
5393020
5452928
5624184
5709015
7983187
7985026
11560959
11741512
11973083
17685932
17754631
18213411
18558724
19204398
19492690
21813791
21818299
21894942
22014729
22016715
22083201
22234651
24441509
25078523
25103548
25133286
25154903
25836202
25836205
26302491
26304254
26304506
29723418
30264530
31923183
31998168
31998581
32154307
33049037
33243603
33301713
33318760
33321190
33394766
33406297
33715209
33716446
33717565
33724884
33735626
33840009
34946488
34967182
34988608
35051273
36733697
36736020
36736263
36823291
36842204
36846661
36977116
36980316
37364410
37435001
37926787
38004089
38348412
38388918
38454876
38498678
38570885
38709750
38845357
44851957
45156716
45163142
45163849
45193172
45410536
45632044
45770266
46847635
46905621
47003319
47143814
47176068
47352092
47353019
47378647
47481377
47791607
48011814
48279084
48280477
48337030
48475480
51915236
52065416
52104043
52776916
54986420
55096188
55170529
55172537
55224097
55450123
55452212
55513753
55605752
55650407
55661983
55746724
56524988
56546056
56709209
56976851
56980182
56983306
56983798
60784926
60901643
61039665
62686022
62733529
62759586
62761029
62816675
62827400
62845369
62846288
62855807
62858438
70566571
70625581
70716302
70824361
70909003
70986542
71158426
71244903
71298589
71302293
71338278
71338307
71407717
71489738
71671654
72542690
72961607
73005766
73010117
73257724
75401353
75743635
75823453
75985275
77521023
77551542
77641691
77644191
80185435
80810516
81209540
81427796
81711052
82127841
93113533
96055700
96092372
96092488
96177397
101225576
101227789
101362123
101414764
101433897
101528506
101583521
118166788
118540315
118609693
118688924
118690168
119082027
121809743
121811003
122996150
123222318
123257044
123375934
124521820
124537679
124573902
124598476
132923808
134637308
140033499
140422153
140689601
141056084
141428805
141610893
141624136
141626895
141682270
141976247
142016907
142142160
143402932
143732676
143770845
145863747
146136390
146140219
148559577
149598862
149972853
150145337
150189557
150275852
167554511
168067013
168071263
168244077
168346586
175708640
176935277
176935877
177019285
177113266
177166233
177172698
177236998
177240025
177258544
178835540
178865175
178876506
179119903
179299789
179681608
179687002
180573885
181208184
181686257
182661485
183467456
185369994
185370035
185374889
185531025
185617406
185693907
186012744
186015338
186100808
186103592
186222446
186315815
186925997
186981654
187024332
187096198
187123483
189112745
189163244
189272916
189275135
189343031
189386434
189386606
191021183
191233258
191532802
192083079
192084774
192538483
192544822
192545917
192929432
192943007
192973597
192991819
193090606
193092806
193159342
193162038
193273291
196357294
196429262
196460304
196460607
196461131
196465709
196468637
196518001
196552905
196607323
220399066
220404108
220405411
220438568
220478684
231085358
231124601
231606394
231606406
231609255
231609845
237938683
237950422
237957324
238059286
238158494
238164321
238189493
238193323
238311627
238330354
238333351
238373107
238572177
255560654
260042074
260193294
260239413
260240161
260266507
260355861
260369118
260370234
260420535
260655374
261400271
269071459
269850765
269855781
269857703
271598082
271900390
272130251
275185040
275185321
275185778
275308213
277735435
279321596
279480555
279510595
279950184
281066222
281282751
283395465
283397030
283402168
283581337
283582645
283583403
283584163
283588331
283777340
283779853
283882408
283925772
283993815
284072948
284195125
285222557
285315101
285407529
286000913
286936972
287352377
289668154
289711034
289818817
293165262
293222240
293439615
293520466
293521053
293522346
293606304
293808242
293811983
293811985
293918644
293919815
293970644
294054806
294156700
294257706
294276888
294395613
294398838
296200782
296203496
296725156
296729204
296843816
296860904
296861254
296881988
297583265
300013123
300033022
300159301
300290940
300807817
300970893
302138281
306671823
306826966
306900042
307288808
307363368
307571978
307640193
307786626
307804424
307901061
307934757
307982318
307983133
308541364
308822626
308842594
308884681
308986588
308992061
308993835
309025727
309070278
309151287
309754884
309780291
309787398
309787639
309791758
311142672
318183668
318184221
319304848
319323471
332560116
332654913
334631792
334692863
334774892
339729708
339770965
340004061
340181246
340360114
341189751
341191766
342073608
342607694
342675737
342753098
343962319
344926886
344927121
344957182
345036441
348760910
348841203
348882376
350136907
350152284
350197340
350445929
350522226
350583903
350742965
350764642
350767497
350820735
350843318
350857733
350858656
350953743
354827983
355154138
355357493
355463889
355632682
355848507
355940343
356455717
356617719
358165776
358817158
358850883
360377746
364266095
370038109
370038895
370248051
373522376
373602086
373844388
373982378
382041479
382160135
382247276
382303117
382519085
383667584
385000090
385207696
385545233
386564007
388754258
391745438
391825813
391923441
393204653
393556575
393557934
393781133
393989510
394080042
394222786
404763306
405485213
409980174
410007055
410091786
410351350
415646477
418095386
422203250
423320660
423321905
423344204
423392930
423433528
430591603
432085744
432134447
432164209
432192535
434451273
434477379
439137570
439927344
442750342
445518927
447970305
453028979
453033978
453035617
453049604
455251068
455272118
455275325
461799854
461829578
461831423
461837710
504278288
504715202
508188227
520387931
520643418
522735245
650041113
650041142
650041260
650041318
650041436
650041815
650046569
650047913
650048362
650048889
650049585
650049698
650049739
650050300
650050347
650050460
650050594
650051252
650051695
650051832
650052238
650052247
650052569
650058864
650059185
650060459
650061031
650061199
650061352
650061621
650061877
650062019
650062126
650062418
650062479
650062671
650063518
650063810
650064018
650064338
650065677
650065722
650066430
650066687
650068200
650071256
650071338
650071487
650071627
650072910
650073202
650075570
650075674
650075853
650075961
650076125
650076411
650076673
650077306
650077796
650077885
650078178
650078479
650078582
650078642
650080047
650080708
650080836
650081239
650081868
650081904
650082230
650082623
650083080
650083182
650083400
650085048
650085122
650085980
650085983
650086024
650086680
650088162
650088779
650089070
650089229
650089378
650090002
650090199
650091983
650092435
650092530
650092637
650092825
650093768
650094633
650094739
650094842
650095454
650095634
650095765
650096398
650096750
650097038
650097502
650098320
650099884
650099904
650100059
650100273
650101087
650101154
650101965
650102183
650102399
650102405
650102528
650103708
650103763
650104006
650104992
650105354
650105531
650105666
650105742
650105840
650106490
650106890
650106917
650107186
650107254
650107445
650107552
650108083
650110381
650111183
650112282
650112292
650112426
650112613
650112895
650113893
650114601
650114889
650116011
650116974
650117435
650117526
650117536
650117859
650118607
650118757
650119090
650119393
650119557
650119849
650120032
650120560
650121029
650121044
650121054
650121072
650121286
650121770
650122520
650123226
650123240
650123388
650123389
650123405
650124969
650125325
650126582
650126824
650126828
650127830
650128434
650128569
650128835
650129702
650129836
650129976
650130559
650130973
650131048
650131683
650131855
650131905
650132005
650132103
650132220
650132642
650132738
650132747
650133055
650133096
650133383
650133456
650133640
650133773
650134165
650134604
650135077
650135309
650135741
650136986
650137462
650137552
650137795
650138430
650138828
650139014
650139625
650140591
650141416
650142214
650143128
650143201
650143300
650144183
650144560
650144574
650144877
650145039
650145611
650146492
650146617
650147084
650147391
650158551
650158785
650158904
650158947
650159676
650159709
650159774
650159803
650159825
650159835
650160052
650170945
650171281
650171303
650171567
650172851
650174219
650174979
650175785
650175870
650175884
650176534
650176662
650176829
650177039
650177278
650177352
650178143
650178193
650178255
650178264
650182492
650183581
650210199
650211034
650211275
650211338
650211556
650211759
650213538
650214066
650214283
650214418
650214433
650214638
650215323
650215511
650215575
650215621
650215626
650215714
650215879
650217292
650217410
650217451
650217774
650217993
650218008
650218024
650218209
650218302
650218926
650219709
650219810
650221135
650221282
650221289
650221882
650222274
650222400
650222536
650222571
650222817
650222843
650222964
650223167
650223372
650223449
650224131
650224809
650224842
650225012
650225760
650226365
650226534
650227266
650227547
650228143
650228181
650228596
650228941
650229448
650229955
650230440
650230508
650231184
650231979
650232081
650232307
650232448
650233460
650233481
650233544
650234061
650234427
650234585
650234959
650235940
650236058
650236291
650236316
650236463
650236521
650236602
650236871
650239433
650240216
650240306
650240369
650240887
650241083
650241155
650258230
650258856
650259376
650260014
650260153
650261177
650326645
650326965
650327100
650327355
650327424
650328009
650328377
650329067
650329153
650330139
650330208
650330584
650331112
650331213
650331519
650331927
650331960
650331994
650332077
650332084
650332299
650332360
650332527
650333020
650333420
650333628
650333670
650333788
650334362
650335108
650335392
650335632
650335828
650336123
650336411
650336992
650337093
650337269
650337288
650339549
650339566
650340698
650340713
650340826
650340966
650342271
650342479
650342591
650344111
650344112
650344369
650345141
650351023
650353869
650354259
650354412
650354569
650354801
650354846
650354863
650354998
650355661
650355881
650355986
650356023
650356367
650356369
650357006
650357507
650357828
650358826
650359037
650359411
650359623
650359639
650360562
650361152
650361226
650361335
650361575
650361603
650361921
650361937
650362072
650362142
650362774
650363126
650363248
650363417
650363784
650364961
650365132
650365174
650365891
650365968
650366408
650366602
650366945
650367564
650367708
650367831
650367987
650368231
650368431
650368562
650369026
650369270
650369306
650369356
650369392
650369631
650369951
650369963
650370307
650370632
650370669
650371595
650371823
650372257
650372783
650373020
650374027
650374113
650374363
650374668
650374950
650375243
650388828
650389322
650389539
650417679
650417793
650418377
650418416
650420218
650420403
650420461
650420700
650421062
650421319
650421337
650421661
650422064
650427685
650427743
650427851
650428571
650429081
650429104
650429225
650429330
650429411
650429512
650429529
650429732
650430397
650430435
650430672
650431154
650431520
650431932
650432254
650432490
650432684
650433770
650433802
650435104
650435340
650435479
650435602
650435652
650435679
650435990
650436243
650436255
650436469
650436488
650456290
650456303
650456356
650456529
650456807
650457348
650457462
650457512
650457594
650457764
650457892
650458053
650458785
650459427
650459607
650459969
650460010
650460542
650460593
650461118
650461119
650461294
650461343
650461609
650461972
650462057
650462084
650462138
650462210
650462245
650462716
650462861
650462931
650463015
650463120
650463259
650463517
650463596
650463831
650463931
650463974
650464486
650464620
650464670
650464762
650464925
650465057
650465159
650465204
650465245
650465359
650465692
650465707
650465802
650466298
650466880
650466930
650468551
650469195
650469241
650469313
650475359
650475496
650477000
650477100
650477463
650477700
650478730
650478856
650479053
650479630
650479713
650479724
650482565
650482730
650484453
650485483
650485574
650485616
650486555
650486653
650487017
675057534
675058494
675058521
675058861
675059011
675059063
675059453
675060163
675060857
675060913
675069449
675069450
675070002
675070141
675070874
675071203
675071571
675072172
675072810
675073105
675075230
675075357
675075608
675076579
675076593
675076948
675077475
675078717
675078968
675079281
675079297
675079795
675079895
675080469
675080841
675081374
675081653
675082105
675082293
675082607
675082784
675083354
675083479
675083538
675084174
675084350
675084568
675084692
675084984
675085493
675086051
675086245
675086706
675086719
675087297
675088055
675088534
675089361
675089585
675089710
675089775
675090188
675090669
675091519
675092474
675092773
675094703
675094737
675094861
675095438
675095862
675096527
675096858
675096862
675097598
675098658
675098692
675098786
675099046
675099161
675099174
675099871
675099930
675100226
675100257
675101173
675101917
675102109
675102877
675103267
675103590
675104253
675104707
675105039
675105097
675105366
675105431
675105550
675105959
675106375
675107439
675107733
675108558
675108726
675108806
675109290
675109637
675110034
675110162
675113274
675114079
675114495
675114652
675115304
675115479
675115663
675115991
675116869
675117271
675117450
675118832
675120012
675120172
675120423
675120449
675121571
675123241
675123243
675123639
675124211
675124736
675125007
675125497
675125746
675126031
675127540
675127890
675128762
675129347
675132188
675132679
675133589
675133717
675134608
675135039
675136195
675138645
675138656
675139028
675139491
675139899
675140270
675140761
675141572
675141919
675141942
675142833
675143650
675145506
675145891
675145942
675145966
675146761
675146781
675147129
675147504
675148220
675148532
675150853
675151482
675152585
675153396
675153703
675153937
675154188
675154279
675155150
675155241
675155289
675155971
675156668
675157187
675157498
675158855
675164290
675164880
675165191
675165798
675168061
675169139
675169658
675170387
675170929
675171377
675173106
675173164
675173565
675173930
675175131
675175195
675175575
675176294
675176326
675177172
675177935
675178388
675179531
675179904
675180329
675180345
675180487
675181029
675181063
675183361
675183705
675183716
675184099
675184549
675186134
675186222
675186471
675187031
675187340
675187444
675187637
675188062
675188158
675188717
675188760
675189231
675189352
675189761
675190135
675190156
675191396
675191711
675191921
675192224
675192232
675192415
675192785
675193070
675193519
675193627
675193794
675194539
675195111
675195175
675195410
675196041
675196569
675197447
675197969
675199407
675199610
675199864
675199990
675200417
675200455
675201170
675201245
675201592
675201594
675201654
675201666
675202289
675202879
675203059
675203166
675203330
675203502
675203835
675203843
675204004
675204017
675204520
675205328
675205400
675206181
675207197
675209108
675209302
675210257
675211219
675211668
675213032
675213618
675213821
675214716
675215392
675217136
675217165
675218212
675221719
675222917
675223586
675224677
675225067
675225907
675226538
675228488
675230040
675230048
675231703
675231895
675231979
675232389
675232621
675232817
675234068
675234343
675235960
675236177
675236779
675236864
675237077
675238989
675240650
675241383
675241531
675242438
675245072
675245194
675245900
675246367
675247045
675247444
675247480
675247519
675248197
675248240
675248251
675248704
675249275
675249529
675249723
675249858
675250207
675250588
675250967
675251123
675252588
675252793
675252925
675253092
675253755
675254161
675254317
675254440
675254888
675255876
675256511
675256600
675256715
675256958
675257542
675258920
675259167
675259261
675259492
675259728
675260036
675260084
675260349
675260512
675261390
675261551
675261748
675261927
675262327
675262512
675262555
675262743
675262917
675263172
675263378
675264114
675265047
675265552
675266348
675266655
675266787
675268161
675269999
675270452
675270883
675278521
675279768
675280754
675282587
675285252
675289061
675289342
675289611
675296813
675298528
675302498
675308256
675311722
675315843
675325864
675327048
675329200
675329776
675336889
675344400
675352003
675354152
675375304
675378698
675379601
675380321
675381421
675382179
675396280
675398438
675406324
675407654
675410980
675419545
675428093
675434334
675441457
675442789
675446112
675458484
675461285
675470972
675492906
675495603
675498929
675509986
675512027
675515048
675518302
675521585
675537619
675548940
675550616
675561716
675564410
675573700
675576185
675588101
675596981
675605330
675614588
675618440
675631292
675636919
675644719
675648920
675650812
675651482
675652185
675652571
675654127
675656800
675663293
675664844
675664923
675665316
675665726
675669992
675670386
675673012
675676553
675682658
675692206
675696517
675697989
675698135
675698917
675703928
675705118
675706154
675709149
675710571
675710754
675711190
675713000
675717005
675717901
675719309
675720076
675721007
675721892
675723994
675724816
675725361
675726094
675728174
675728876
675734290
675734313
675735405
675738057
675738723
675739580
675739715
675740917
675745179
675759800
675761297
675762696
675763915
675768197
675769938
675774963
675777248
675781181
675781824
675782623
675785428
675786598
675788392
675790900
675793783
675794105
675794449
675795387
675799015
675799593
675801347
675803402
675803794
675807389
675809044
675809303
675811672
675813573
675814433
675814794
675816323
675821013
675821310
675824694
675828639
675829370
675829653
675830953
675832133
675835576
675837058
675839223
675839731
675844396
675845782
675845856
675848958
675849382
675853045
675857730
675859132
675859919
675861255
675861905
675862439
675862984
675866868
675868939
675869085
675869175
675869212
675869676
675870299
675870351
675874537
675874739
675877508
675878578
675883313
675883634
675884251
675885433
675890375
675891128
675892531
675892754
675893604
675895131
675895901
675897561
675898648
675901291
675901527
675901575
675901888
675904272
675904394
675905092
675905459
675914389
675916069
675916886
675917585
675918989
675919476
675920201
675921185
675922421
675922754
675925163
675925749
675927054
675928654
675929149
675930260
675931618
675931832
675934053
675934449
675934938
675935017
675935175
675937073
675939669
675940873
675941637
675944342
675946038
675950406
675950837
675951414
675951977
675956743
675960575
675960746
675962326
675966140
675968528
675968867
675970235
675970364
675974068
675974272
675974626
675975304
675978270
675978646
675978907
675979998
675980500
675981492
675981854
675984854
675985968
675986157
675986402
675987236
675987474
675987894
675988226
675988677
675989296
675989423
675989655
675990483
675991885
675998074
676000638
676001027
676003170
676003606
676005890
676007096
676007184
676007505
676008809
676009816
676011153
676011322
676013169
676017367
676018066
676018544
676019473
676019712
676020731
676020860
676023027
676024040
676028896
676032416
676035163
676042607
676046452
676049856
676051691
676052683
676053032
676054731
676054769
676056947
676057883
676058401
676059222
676059592
676060228
676062611
676063009
676063853
676064402
676065367
676066352
676067565
676068924
676071674
676072470
676074273
676076088
676081430
676082433
676087410
676088142
676089171
676095846
676099156
676101667
676103168
676105587
676109498
676112112
676113921
676118822
676124654
676124711
676125999
676128083
676128131
676132940
676133923
676134955
676137803
676138714
676142724
676143974
676146285
676146628
676147251
676149685
676153176
676153248
676153663
676155127
676156624
676159079
676159353
676163715
676164134
676167141
676167225
676168093
676168242
676168501
676170294
676170589
676170659
676170968
676171849
676172901
676173859
676174194
676174693
676175694
676176828
676177712
676177884
676179983
676180143
676180510
676181884
676183501
676184977
676185188
676185883
676186149
676190971
676190993
676191282
676192721
676194793
676195922
676196369
676199394
676199400
676201566
676201578
676202605
676202768
676203761
676204222
676204448
676205295
676205398
676207021
676207758
676208520
676214346
676215790
676217855
676219739
676222707
676223127
676223849
676223936
676224808
676227818
676227820
676229465
676229532
676230418
676231414
676234834
676235118
676236217
676240790
676241259
676241957
676242615
676242696
676242770
676243121
676245507
676248299
676248544
676248997
676249348
676250596
676251332
676252067
676255319
676256946
676257273
676257732
676262103
676265111
676265752
676268495
676269101
676274219
676274523
676275190
676275275
676276299
676276360
676277062
676278714
676279088
676279093
676281335
676281516
676282096
676282552
676283460
676283780
676284155
676285150
676286347
676286512
676287360
676287697
676289938
676291873
676292214
676292790
676293826
676297887
676298539
676300414
676300583
676301054
676301539
676301730
676302259
676303302
676304339
676305231
676309076
676309725
676311443
676311856
676311990
676312601
676313399
676313884
676314493
676314845
676315486
676319993
676321456
676321876
676322999
676324034
676325723
676327877
676328611
676330998
676332606
676333618
676334054
676334650
676334826
676335250
676335262
676335730
676336713
676337492
676337913
676337920
676340084
676340489
676343075
676343715
676345187
676347535
676347556
676347651
676347679
676348124
676348294
676348296
676348638
676348942
676349215
676349621
676350399
676350457
676350637
676352335
676353556
676356736
676358495
676359418
676359880
676360012
676360165
676360267
676361188
676361320
676363902
676364537
676367995
676368332
676369041
676369078
676369885
676369921
676372202
676372701
676373041
676376676
676376841
676379183
676386717
676388595
676389196
676391629
676394248
676396526
676397138
676398161
676403901
676404486
676405198
676405398
676405611
676406002
676407157
676407158
676407534
676408652
676408710
676408898
676410745
676411103
676411742
676414625
676415653
676419114
676420587
676423000
676425306
676429444
676432097
676433168
676436021
676437698
676440308
676440762
676441880
676442234
676444085
676445725
676447031
676451158
676451588
676451763
676451883
676453253
676454632
676454684
676454747
676455933
676456168
676456830
676457554
676457649
676458497
676458730
676459584
676463246
676465456
676468107
676468867
676469499
676469991
676473034
676474164
676474917
676478175
676478923
676479502
676487381
676488330
676488706
676489798
676490417
676496190
676496866
676500085
676500208
676500491
676501276
676504197
676504325
676506212
676512433
676513959
676514951
676515855
676519082
676520410
676521703
676522737
676523120
676523414
676525797
676526399
676528305
676529069
676529422
676532474
676534040
676535190
676536761
676536933
676539027
676543034
676544048
676547549
676549140
676550078
676550673
676551992
676552441
676555796
676560529
676561430
676562490
676564371
676565276
676565902
676573256
676588866
676590630
676593189
676598289
676604782
676606609
676607976
676611108
676612525
676615732
676616261
676616268
676617376
676618058
676618130
676618366
676621321
676621886
676622476
676624193
676626175
676627544
676629402
676630389
676633338
676634824
676635616
676642494
676651151
676651230
676654176
676654226
676658264
676658419
676659902
676664327
676665440
676670364
676675587
676676152
676681715
676682771
676694680
676697062
676705135
676715553
676718648
676719412
676721863
676721977
676723692
676725007
676725263
676728196
676728881
676730770
676733701
676734909
676735828
676740136
676741273
676744810
676746814
676748767
676752295
676754350
676755256
676757226
676757656
676758047
676758550
676759095
676760250
676760368
676761792
676761859
676761945
676763231
676763491
676763528
676763623
676764009
676764346
676765408
676766703
676772774
676782395
676785124
676786520
676791104
676792561
676797359
676799447
676802409
676803784
676806711
676807453
676810073
676811096
676820212
676821294
676823625
676823938
676834796
676835781
676835909
676840499
676841393
676841862
676844052
676847342
676848051
676848802
676850681
676851709
676852104
676853961
676857095
676862684
676862937
676863483
676864708
676869174
676869369
676875738
676875999
676878024
676883059
676886216
676893940
676895578
676896193
676900593
676903089
676903698
676904017
676905862
676907941
676908032
676910373
676911180
676911622
676911773
676916388
676917048
676918513
676918812
676919830
676920000
676920977
676922615
676922712
676927071
676928577
676930340
676932975
676934711
676937407
676942161
676943697
676959637
676963695
676965555
676970887
676972388
676988820
676996741
676997936
677001239
677009326
677010629
677011624
677017777
677018690
677018695
677019581
677029953
677030331
677035345
677037337
677038637
677043142
677048263
677048721
677060328
677077491
677081317
677081750
677083981
677084412
677098101
677098103
677119466
677129922
677132575
677133354
677135651
677141504
677143970
677144341
677147462
677148512
677152613
677153016
677155453
677157447
677158009
677158525
677160250
677160855
677161427
677165278
677170378
677176536
677177869
677178787
677179301
677202739
677212196
677219638
677224187
677229671
677233431
677240351
677241839
677243033
677245740
677250823
677251743
677254971
677263015
677263729
677267319
677271899
677272500
677277692
677290501
677295688
677297389
677300582
677306086
677309601
677320904
677325515
677326001
677327253
677327287
677328969
677330211
677332885
677337616
677340470
677340970
677341818
677343935
677345986
677347242
677347700
677347766
677348111
677348175
677348955
677349114
677349184
677349957
677350071
677350281
677350810
677351026
677352025
677352246
677352813
677352933
677354519
677355157
677356298
677356593
677357083
677357846
677357947
677358053
677359829
677364323
677365944
677367403
677370220
677371802
677376252
677377827
677380371
677381055
677389467
677389977
677391587
677394206
677394331
677394466
677395318
677397896
677400834
677402174
677402734
677403104
677406610
677407236
677411616
677411881
677414447
677416256
677416839
677416909
677417095
677417182
677417575
677418734
677419001
677429877
677440617
677440752
677448806
677451194
677453102
677454423
677455248
677455402
677456791
677456851
677457467
677457842
677460412
677460691
677461528
677463185
677463851
677468218
677469493
677470246
677470862
677472034
677472553
677474086
677474890
677474986
677476367
677476403
677478164
677478803
677482771
677489011
677489257
677500006
677501258
677505765
677506485
677507136
677509420
677509767
677509917
677510514
677510762
677510790
677511089
677511147
677511443
677511660
677511876
677512043
677512624
677515086
677515353
677516066
677516281
677516325
677517328
677517837
677518319
677518451
677518670
677518735
677519233
677520301
677521489
677521531
677523200
677523467
677524590
677526117
677527192
677530861
677531171
677535610
677537192
677537465
677538455
677538635
677539923
677540432
677540763
677542011
677542995
677543783
677544898
677545399
677548755
677551409
677553481
677555341
677555921
677555957
677556084
677556568
677557037
677558670
677559415
677560153
677561426
677561792
677562740
677566667
677566768
677567668
677568711
677568939
677570116
677571932
677571961
677572525
677575161
677583389
677585222
677596732
677598558
677599337
677603750
677605081
677605426
677605488
677606541
677606630
677609382
677611376
677611988
677615259
677615719
677616147
677618262
677619167
677619449
677619680
677621766
677623564
677623911
677625552
677626710
677632271
677632410
677633087
677634763
677636730
677638208
677638260
677639399
677639404
677640686
677640956
677641081
677641697
677641854
677644832
677645107
677645648
677649698
677649828
677649996
677650107
677650703
677651179
677651244
677651394
677651687
677652813
677655200
677659597
677668146
677670082
677670969
677679062
677679475
677684151
677685097
677688913
677694593
677698653
677700444
677702199
677707269
677709423
677711554
677711576
677714213
677715146
677716405
677717685
677717852
677718780
677718809
677719909
677721165
677722350
677722843
677723887
677724911
677725216
677736827
677738508
677755501
677758067
677767337
677772824
677779250
677785237
677786294
677802524
677803110
677803741
677804264
677805138
677806417
677807780
677808140
677808389
677809179
677812544
677817924
677833869
677836940
677837803
677837974
677841549
677843324
677846417
677849127
677849572
677852603
677855593
677860901
677861652
677866350
677866439
677866455
677868443
677870162
677870581
677870741
677871374
677873068
677874117
677874317
677876123
677876228
677876266
677879552
677880723
677880775
677883169
677883375
677883980
677884064
677885582
677886310
677886707
677887683
677889421
677891990
677892090
677895339
677902410
677903025
677904623
677904816
677905513
677908986
677909935
677911422
677911668
677912019
677921127
677921692
677922627
677924055
677929587
677932351
677932910
677933061
677935354
677950837
677952345
677954501
677956627
677956778
677957828
677960802
677963410
677964562
677967644
677968558
677974646
677974735
677977273
677979689
677979789
677980272
677980310
677981117
677981336
677981345
677981389
677982614
677983316
677984218
677985175
677985187
677988183
677988755
677990339
677991021
677991664
677992422
677994599
677995572
677996406
677996781
677996984
677997104
677997957
677998629
677999135
678000979
678001815
678003527
678004589
678004996
678006097
678009026
678011837
678012283
678013442
678014809
678016469
678016805
678017517
678019309
678020376
678020929
678020988
678022333
678023278
678023489
678026886
678026991
678027024
678028275
678028940
678029988
678029995
678030829
678030952
678031235
678032470
678033570
678033735
678033883
678034238
678034732
678034767
678036632
678037926
678038387
678039155
678042898
678045223
678045400
678045892
678047760
678049625
678049932
678050190
678050689
678050844
678051404
678052693
678053217
678054176
678054387
678057670
678058715
678058984
678060763
678061000
678061557
678062344
678062585
678063809
678063908
678065551
678065608
678066268
678066392
678066417
678066492
678067061
678067976
678069073
678069118
678070235
678074248
678076805
678076829
678077233
678078115
678078963
678079766
678079874
678080462
678080707
678081867
678082123
678088315
678088447
678089850
678090148
678090940
678091442
678092367
678092418
678094530
678095770
678096014
678097630
678098117
678099399
678099751
678099823
678100475
678100483
678100622
678100943
678103521
678103585
678105890
678105959
678112404
678112604
678112753
678113634
678113787
678115390
678117055
678118701
678121352
678122093
678123180
678125668
678128047
678129288
678129950
678129962
678131928
678132239
678133292
678134593
678134959
678135063
678135079
678137923
678138199
678139318
678139556
678140468
678142828
678143768
678143956
678144193
678144882
678146237
678146630
678146738
678146810
678148054
678148613
678148727
678149306
678152335
678152730
678153487
678155569
678158053
678159721
678160454
678160903
678161014
678161820
678161821
678161906
678162012
678162927
678165626
678165974
678166511
678167100
678168802
678172875
678172951
678174668
678175820
678175854
678175875
678176003
678179322
678179344
678180529
678185900
678186117
678186186
678188731
678189364
678189477
678190722
678190905
678190912
678193942
678194078
678195590
678196416
678199961
678199981
678200498
678201041
678201044
678201308
678201634
678201758
678201772
678202013
678203119
678203374
678204995
678206135
678206266
678206766
678207011
678208573
678208851
678208888
678209360
678210044
678210492
678211167
678211260
678213061
678213547
678213689
678213952
678214044
678214346
678215604
678217771
678217984
678218020
678218059
678218318
678218696
678219287
678222005
678222787
678224310
678224672
678226384
678228898
678230392
678231238
678232955
678233008
678233171
678234585
678235937
678236220
678238149
678242666
678243472
678243891
678244024
678245715
678248145
678248694
678249171
678250976
678252763
678252865
678255086
678256161
678256786
678257028
678257647
678258056
678258505
678258801
678259072
678259274
678263105
678264304
678265246
678265435
678266986
678267406
678267671
678272518
678273171
678273941
678275084
678275156
678275451
678277022
678277596
678283894
678283984
678284557
678284814
678286425
678286964
678290116
678291319
678291388
678295679
678296773
678299794
678303235
678305759
678309911
678313441
678314124
678315197
678316950
678319175
678321670
678322944
678324610
678324808
678324854
678324944
678326220
678327006
678327780
678329577
678330420
678330499
678330518
678332828
678334237
678336231
678336940
678339269
678341771
678344536
678348777
678349474
678352666
678356013
678357272
678360593
678363905
678365020
678365454
678369611
678369883
678371314
678373269
678377985
678388256
678390688
678392845
678398334
678399897
678399961
678404229
678404772
678404904
678405355
678405573
678406638
678406800
678411945
678413173
678417667
678419641
678424438
678426999
678430227
678430966
678434809
678439606
678452369
678452898
678453822
678455096
678458605
678466891
678468576
678469225
678469682
678470975
678471299
678474545
678482288
678485881
678494422
678497295
678498197
678499952
678500520
678500672
678502444
678505258
678506809
678509638
678510834
678511208
678513690
678519144
678519845
678520575
678520794
678522929
678523523
678525691
678529463
678531124
678532278
678533217
678535937
678536224
678536529
678536604
678536617
678539363
678543212
678544422
678544548
678546878
678548108
678555601
678555808
678559858
678560539
678561577
678562125
678562735
678565588
678568454
678577937
678578026
678590651
678600128
678603615
678622714
678624339
678688708
678693665
678701565
678706111
678711617
678717215
678717479
678717725
678732669
678732709
678735596
678735840
678736608
678942597
678943247
678944336
678946953
678950526
678950553
678951413
678952286
678952445
678953751
678955581
678956301
678960429
678961497
678962192
678962674
678962746
678963899
678964870
678965163
678965289
678965353
678965497
678967490
678968070
678969227
678969478
678971499
678979616
678979692
678981628
678982240
678982419
678984123
678984750
678985083
678987738
678988836
678989758
678989769
678990125
678991023
678991066
678991295
678992464
678995238
678995380
678995383
678997968
679001039
679002057
679004748
679005092
679006373
679007445
679009297
679016210
679017700
679018682
679021006
679023869
679028517
679028594
679029991
679030960
679032267
679037420
679037429
679037692
679099789
679101184
679273479
679273763
679278229
679279776
679309049
679309136
679312866
679313441
679322678
679323185
679333401
679336067
679337469
679340351
679347056
679350675
679361395
679364696
679364863
679369290
679374288
679377746
679378546
679381066
679382578
679387773
679390385
679399071
679399292
679399487
679401326
679403504
679403590
679404159
679404172
679407046
679408087
679411437
679412447
679412594
679413246
679413351
679414755
679417827
679418037
679418142
679419223
679420279
679426130
679431129
679432861
679435511
679445008
679445606
679445724
679446487
679446753
679447899
679452520
679452614
679452878
679454993
679459271
679460653
679462862
679463089
679465263
679465356
679467159
679468102
679468583
679469731
679471229
679473783
679473862
679474126
679475656
679477668
679485017
679486995
679487446
679489633
679491330
679494069
679494102
679494515
679496280
679496752
679498536
679499197
679507113
679507922
679520024
679521815
679530648
679530918
679532343
679535656
679539442
679548079
679552622
679555225
679555979
679564323
679564756
679611875
679625335
679626316
679638808
679639180
679642165
679644107
679644113
679667057
679669708
679675153
679679180
679680261
679680377
679683183
679683512
679691937
679695407
679695488
679700798
679704415
679706555
679707233
679709437
679709654
679710388
679713988
679714144
679716299
679720461
679722810
679724395
679727235
679728982
679730283
679731544
679738896
679739276
679739286
679740921
679746429
679755547
679768222
679776431
679780535
679783666
679786533
679786543
679787423
679788990
679789395
679792228
679794917
679796633
679797605
679810643
679812250
679813062
679814004
679814421
679816640
679824083
679826982
679828014
679830732
679830942
679832691
679834381
679834916
679836688
679838367
679839418
679840032
679845911
679859104
679860188
679860436
679861003
679861199
679861572
679861629
679861951
679863122
679865650
679866167
679866282
679867835
679875180
679875588
679876287
679879425
679883654
679888208
679888430
679889214
679893926
679894039
679894097
679895736
679895814
679897834
679898701
679900897
679902782
679905829
679906686
679907241
679910696
679912945
679914845
679915549
679920752
679921120
679921458
679922320
679922829
679923151
679923546
679924574
679924614
679926810
679928929
679928991
679931180
679933717
679933719
679934741
679937121
679939837
679940532
679941741
679943049
679943208
679943669
679943893
679945810
679946175
679947186
679949028
679950287
679950486
679950721
679955562
679955959
679957140
679962952
679966260
679966821
679967310
679967485
679967910
679976604
679985200
679986055
679987508
679992474
679993687
679995649
679995668
679996489
679998700
679998920
679999571
680000731
680001569
680003418
680007222
680007755
680012890
680013200
680013439
680013841
680015398
680015953
680019660
680019864
680020330
680020465
680023676
680024357
680025804
680025862
680026394
680028293
680028946
680029365
680029408
680029594
680030179
680037948
680040277
680040467
680040468
680041906
680042232
680042476
680043061
680043310
680044253
680047027
680047287
680048370
680049857
680050268
680050737
680050757
680054556
680057519
680058525
680060659
680062558
680062942
680063101
680063400
680066150
680066171
680066202
680066452
680068633
680069406
680070418
680072080
680073080
680075200
680077340
680078716
680080933
680081343
680083432
680084526
680085753
680087511
680091558
680091594
680091598
680094176
680097860
680098338
680098776
680101463
680101772
680103782
680105149
680105842
680106450
680109654
680109689
680110262
680110836
680111343
680112601
680113026
680113678
680116738
680116833
680118019
680118645
680119017
680119227
680120630
680121230
680121350
680121904
680123375
680123492
680126981
680127533
680128411
680130223
680131422
680132407
680134326
680135942
680136799
680143215
680143775
680144727
680145186
680146351
680146510
680150095
680150180
680151989
680153130
680154359
680154422
680154737
680154881
680155890
680158293
680160379
680163928
680164741
680165487
680166048
680168658
680169046
680169116
680170925
680171541
680171939
680172881
680172965
680175338
680176087
680176424
680176856
680177347
680179786
680182118
680182168
680182603
680182632
680183852
680184173
680184838
680185011
680186793
680187443
680187646
680188321
680189492
680189584
680189780
680193093
680194864
680195468
680196509
680197255
680198035
680198449
680199789
680200370
680201393
680201423
680201424
680203617
680204186
680206977
680207119
680207120
680209819
680210022
680210175
680211335
680213403
680213542
680227893
680229228
680229627
680231550
680231707
680232996
680233856
680235030
680236714
680238158
680239030
680239142
680244517
680246880
680247535
680248777
680251476
680252525
680252686
680254344
680255500
680255586
680258297
680258439
680258824
680271572
680272704
680278507
680281289
680283825
680285043
680285684
680288518
680288724
680291771
680295310
680297079
680297500
680298467
680301133
680304425
680305217
680309167
680311576
680316889
680316930
680316939
680318534
680322016
680322342
680322528
680324215
680329190
680329941
680331272
680332572
680333424
680334789
680336913
680337829
680337969
680342292
680344190
680344928
680349856
680350993
680351333
680353225
680353660
680357616
680360500
680363758
680363973
680366995
680368543
680369060
680369732
680370203
680370308
680371880
680373574
680374175
680376137
680377740
680378200
680414428
680415195
680415803
680416433
680421021
680421270
680421417
680421444
680423138
680424437
680424442
680425894
680426664
680427697
680428121
680430383
680432340
680435091
680438024
680445370
680615732
680616536
680620583
680620794
680621274
680623359
680623964
680625344
680627055
680627966
680632125
680632359
680652824
680653382
680813317
680946794
680965086
680967106
680967636
680967876
680968760
680969353
680971330
680974522
680975296
680977608
680978691
680978853
680980057
680982054
680983103
680983366
680984417
681000141
681009595
681010974
681018750
681019272
681028396
681032603
681034863
681036388
681040101
681041476
681042529
681044034
681046565
681049494
681051070
681052431
681055491
681057133
681059956
681061591
681064920
681065116
681065918
681069180
681071123
681084158
681084905
681095264
681098598
681101420
681101705
681102535
681103234
681103445
681104878
681106355
681108100
681111887
681117268
681123685
681124345
681124997
681133131
681134537
681136429
681139808
681147361
681150128
681154969
681173578
681174965
681178882
681181339
681183172
681184765
681188262
681200850
681201502
681203976
681204784
681207636
681209465
681209760
681213903
681216674
681217462
681218170
681220066
681220339
681225249
681227005
681227353
681227852
681230581
681238632
681239905
681240184
681242820
681246032
681246346
681254066
681256324
681260301
681263674
681263768
681275543
681281105
681281507
681283040
681286473
681293695
681293758
681294152
681300357
681300686
681300922
681301210
681304187
681308602
681309623
681313158
681334507
681339253
681340446
681341048
681341110
681342523
681343297
681343643
681347241
681350114
681352271
681355571
681362983
681363029
681364094
681365394
681366234
681369215
681370074
681371060
681371408
681373456
681376202
681376389
681378659
681382492
681386806
681389563
681390060
681390398
681392689
681400157
681401431
681402440
681404787
681408153
681410386
681410740
681413361
681414215
681414217
681414259
681414792
681416487
681418683
681420390
681421508
681424574
681426146
681426185
681430788
681433988
681439210
681444410
681445088
681453833
681456442
681459922
681460100
681461581
681464749
681467776
681468904
681469498
681475220
681475478
681477574
681479697
681481558
681482093
681482287
681485415
681485947
681496368
681498965
681778867
681780593
681781361
681782347
681782795
681783433
681807186
681812993
681816020
681817386
681819407
681820340
681822589
681824541
681827988
681829732
681830955
681831443
681832434
681835271
681835294
681837175
681838289
681839067
681839147
681839310
681844017
681844120
681846883
681848156
681848232
681848806
681852224
681854382
681854654
681854895
681858872
681859224
681859647
681860279
681861183
681861489
681862239
681864605
681864936
681925241
681925679
681925944
681930530
681940242
681941276
681941510
681950754
681954035
681959144
681959695
681966190
681966864
681970115
681973958
681978675
681978722
681979986
681980048
681980111
681983812
681998633
682004854
682005605
682006798
682008836
682013079
682017967
682023468
682026263
682026369
682027065
682027330
682028808
682028999
682033583
682041066
682045700
682047510
682049672
682049845
682050311
682050871
682052818
682052946
682053765
682055711
682056652
682057157
682058798
682058828
682061733
682064832
682065802
682080823
682081759
682084591
682088664
682091546
682093519
682094328
682095618
682097444
682098972
682099822
682104644
682108409
682112553
682119848
682123241
682124828
682125076
682125276
682126777
682129371
682129447
682132376
682132625
682133814
682133919
682134136
682135213
682136820
682139741
682139814
682142001
682143345
682143377
682143389
682144002
682145808
682145983
682147940
682152316
682152475
682153062
682153230
682153385
682153688
682156613
682156877
682157662
682158461
682160525
682160557
682161721
682162168
682165436
682166420
682169600
682171350
682173369
682174318
682174430
682175334
682175617
682175654
682178395
682179474
682179574
682181804
682182040
682183037
682183313
682184765
682185818
682185869
682186886
682187714
682190125
682190314
682191963
682198952
682199863
682200741
682204482
682206038
682206803
682210430
682211211
682211300
682213047
682216705
682216826
682221769
682224399
682225127
682225709
682225934
682227497
682228049
682228488
682230073
682230773
682233906
682239162
682239333
682241047
682243279
682244491
682249200
682254403
682256493
682259044
682260558
682260672
682263633
682265123
682265967
682278792
682284137
682287745
682290957
682291932
682293515
682298646
682301281
682301302
682307846
682308868
682328406
682329932
682330003
682332174
682340576
682345686
682347039
682348980
682353460
682354652
682356607
682357830
682367220
682367873
682369553
682375841
682378389
682390410
682391373
682394472
682397072
682397507
682397868
682398144
682399986
682401275
682408279
682409488
682410616
682412754
682413277
682414421
682414948
682433118
682437687
682439658
682451477
682459728
682459940
682461126
682461304
682461527
682466937
682471094
682471465
682471674
682474674
682475085
682475093
682476745
682478823
682479005
682480894
682481044
682481832
682484377
682485121
682487166
682487885
682488336
682488965
682490177
682494111
682495576
682496072
682500483
682504951
682506099
682517183
682524707
682527960
682530110
682534762
682538514
682542224
682544806
682548585
682557644
682559674
682562744
682563163
682563747
682564054
682564057
682569389
682569400
682572622
682574992
682575258
682575327
682575673
682579380
682583023
682583713
682584211
682585559
682586133
682588315
682588881
682590660
682591986
682594654
682594809
682597401
682601156
682603487
682603865
682605446
682606361
682608040
682608777
682609107
682609668
682611220
682611493
682613000
682613401
682616106
682616193
682618635
682620080
682620203
682620211
682620729
682620882
682620957
682621686
682626269
682628273
682630958
682631348
682632615
682633315
682634123
682635059
682635849
682636268
682636797
682637530
682639114
682639550
682640602
682641289
682643977
682644116
682645091
682646868
682648426
682648874
682649997
682650817
682651468
682651592
682651673
682651915
682654699
682659203
682659978
682660345
682660372
682661447
682665021
682667041
682668473
682668475
682668676
682672165
682672230
682673719
682677345
682678223
682680299
682681207
682681329
682683201
682686649
682687415
682688364
682689217
682690890
682691818
682691859
682692345
682692973
682693334
682694539
682694794
682695968
682696481
682697234
682698320
682698789
682698793
682699466
682702029
682704320
682704521
682708410
682708766
682711601
682712124
682715865
682721660
682721720
682724199
682728447
682729846
682730599
682734127
682734696
682734856
682736892
682738389
682741403
682744789
682745197
682746071
682749260
682752238
682756939
682758635
682759485
682761204
682769459
682769924
682771748
682772011
682777308
682781496
682793533
682793819
682799173
682801501
682802338
682804374
682804793
682807137
682807570
682808229
682808300
682808840
682811435
682811742
682812635
682814796
682820203
682825275
682826471
682827515
682831318
682832373
682832638
682834423
682835441
682835453
682835690
682839686
682840970
682844330
682845277
682851818
682853106
682859494
682862381
682869089
682872462
682874827
682875049
682879558
682881307
682882169
682886278
682890473
682892278
682894158
682895020
682895708
682897487
682900175
682900838
682906720
682910656
682910719
682912964
682914734
682914830
682915412
682915607
682915715
682916494
682918426
682918475
682919374
682920192
682922199
682925302
682925918
682927487
682928608
682930999
682934768
682936202
682936972
682937691
682942939
682946414
682948721
682954787
682955995
682957204
682961634
682962441
682962468
682968921
682971727
682972895
682973532
682973901
682975813
682977448
682984097
682984997
682985489
682986138
682986509
682990159
682990302
682990382
682991018
682992123
682995492
682996610
682996646
682997791
683001177
683003178
683004222
683007348
683007660
683008451
683008733
683010058
683011499
683013352
683013855
683015175
683019624
683023086
683023267
683023785
683024790
683025392
683025478
683025605
683025731
683026289
683026349
683027144
683028039
683028171
683028472
683028485
683029158
683030192
683030542
683030976
683032215
683033636
683036482
683036587
683037429
683040031
683040259
683040282
683040832
683042031
683042095
683043238
683043298
683043423
683043439
683044540
683046410
683046736
683048853
683049642
683053247
683056337
683062086
683064672
683065820
683067969
683068331
683069790
683070256
683072562
683073645
683076325
683077473
683079298
683083177
683087222
683087582
683087874
683089753
683092851
683097996
683104076
683106851
683107132
683107712
683111193
683111384
683112377
683113841
683115400
683125469
683128746
683129465
683129642
683131508
683131511
683132542
683134830
683139825
683140393
683141181
683144620
683146301
683150939
683151098
683151477
683152223
683153135
683153851
683154105
683154595
683155522
683158810
683162171
683164575
683166189
683166934
683170790
683171646
683178609
683179086
683179925
683182954
683185112
683186614
683187669
683187752
683188752
683189502
683193108
683198826
683199576
683200011
683202336
683202488
683203858
683205432
683207021
683207596
683208532
683210871
683212048
683213531
683214400
683214667
683220341
683222852
683225387
683226618
683227401
683231619
683232673
683236459
683237465
683238244
683239084
683239665
683241695
683253046
683255268
683255846
683261125
683262820
683263846
683266425
683272164
683274090
683274766
683275884
683282999
683285163
683289365
683290047
683291182
683291229
683293807
683294503
683294833
683294878
683296298
683300633
683300970
683306135
683309518
683315736
683319018
683322808
683327378
683328013
683328892
683329218
683329869
683333903
683334983
683335869
683336324
683337832
683337931
683338884
683341780
683342260
683343735
683344596
683346069
683347103
683349122
683352571
683355975
683356492
683360357
683366390
683367009
683367433
683367928
683369481
683370521
683370774
683372617
683377014
683378992
683382411
683382712
683382791
683385393
683386547
683387675
683388871
683392286
683393381
683394540
683395395
683398437
683399209
683406519
683410666
683411163
683411613
683420687
683423659
683424730
683426555
683427842
683432887
683436873
683439309
683439608
683447266
683447441
683448381
683449051
683449289
683450894
683450949
683454301
683454521
683455535
683455946
683456267
683456661
683457101
683458049
683459759
683462322
683464321
683467119
683467248
683468083
683472548
683473574
683473704
683473718
683473894
683474885
683481795
683482068
683484413
683485177
683486350
683488513
683491958
683493372
683493821
683496172
683497823
683498057
683498673
683509931
683510844
683511557
683514380
683514434
683520124
683522067
683522943
683523622
683526053
683529475
683530372
683531749
683531768
683532030
683532338
683536131
683540753
683546280
683546828
683548951
683549066
683551555
683553015
683557707
683558445
683560588
683560598
683562957
683563418
683565326
683573876
683575088
683578105
683578407
683589057
683594684
683596094
683597841
683599089
683600392
683600404
683602149
683603023
683604253
683608011
683614612
683617638
683617809
683619675
683621830
683622014
683622428
683622435
683622935
683622962
683625899
683626494
683627706
683628655
683629189
683629655
683629891
683630830
683632485
683633085
683633844
683636965
683637508
683638423
683639558
683639796
683639868
683640524
683640715
683641726
683643610
683644220
683644936
683645564
683647324
683647576
683648148
683648408
683648777
683650398
683650628
683654325
683655372
683655583
683657795
683662165
683662588
683662734
683665070
683667554
683668424
683668860
683673003
683676467
683680193
683687212
683689544
683689595
683690519
683694540
683697784
683697854
683699266
683699912
683700433
683700694
683704672
683705954
683707202
683707329
683707643
683710978
683712425
683712905
683714353
683715164
683715593
683717518
683718316
683719567
683720077
683720942
683723372
683726851
683728307
683729693
683729724
683729841
683730477
683732079
683732463
683733791
683737484
683738292
683739067
683743243
683745462
683746590
683747831
683751924
683753201
683754113
683754344
683755145
683758884
683759415
683764159
683765019
683765317
683765454
683768721
683770626
683771006
683771471
683773490
683775429
683775692
683777200
683777265
683777270
683779618
683780081
683780147
683781808
683789963
683791269
683791544
683802728
683803417
683804787
683805517
683807056
683818305
683822981
683828032
683828967
683830385
683830795
683832020
683832241
683832313
683834804
683837451
683838726
683840429
683848930
683850347
683850944
683852480
683853000
683853372
683858908
683860037
683860667
683868347
683869137
683871073
683871225
683887418
683888569
683892518
683893166
683894509
683898498
683900068
683900490
683905542
683905774
683906192
683908608
683909276
683911450
683912140
683915462
683918834
683923523
683924660
683929898
683931239
683934123
683934938
683935115
683939752
683940055
683940227
683940234
683943179
683951645
683953128
683953156
683953483
683953507
683953745
683955931
683956587
683959028
683962374
683962768
683964959
683975178
683975183
683979372
683979631
683981528
683982127
683987956
683991232
683995444
684001669
684002244
684002493
684004521
684006676
684008926
684010894
684016372
684018461
684027362
684028434
684031295
684035095
684042269
684043605
684048252
684050174
684050827
684052620
684053399
684054322
684063869
684064189
684068089
684072414
684073152
684077167
684078181
684078664
684079014
684079281
684079490
684080727
684086319
684087038
684087796
684090254
684092732
684094812
684096495
684108441
684108584
684115938
684117914
684120574
684121304
684122342
684126081
684128910
684129481
684132680
684132889
684136977
684137470
684139276
684143323
684145382
684147483
684148699
684151138
684151359
684151419
684151652
684152002
684153330
684153908
684154347
684154388
684155724
684156354
684156375
684156525
684157659
684159184
684159367
684159673
684160944
684161437
684164673
684172692
684172776
684173288
684173776
684173869
684173877
684174188
684176265
684176603
684176699
684177778
684179352
684184143
684186345
684187972
684191398
684191807
684192287
684193103
684193739
684194058
684194683
684195142
684196163
684198115
684199081
684209779
684211364
684212448
684213349
684217711
684219664
684220815
684228532
684230325
684230978
684231665
684234305
684241455
684241504
684244089
684244531
684244954
684246056
684246698
684246929
684247237
684251125
684251130
684252036
684252473
684253282
684253663
684255937
684257482
684258202
684258233
684258751
684261104
684264108
684270064
684274015
684274934
684275703
684277444
684279551
684295095
684296835
684300440
684304254
684305596
684305755
684307874
684309095
684313435
684315908
684315962
684316050
684316956
684317505
684318675
684320059
684323033
684325133
684326259
684326334
684326881
684327652
684328397
684329944
684330698
684331056
684331845
684334195
684336147
684336854
684339421
684340331
684340392
684341267
684347198
684347434
684348998
684349412
684350203
684355365
684356855
684359987
684360179
684361616
684362621
684363061
684363589
684364032
684365739
684365887
684367359
684379569
684379878
684380840
684381484
684383546
684384157
684385135
684387240
684392539
684393085
684394811
684395005
684397681
684402060
684407480
684417070
684419156
684421030
684421539
684421826
684425393
684428047
684429326
684432294
684433350
684434941
684441837
684443560
684444446
684449896
684455021
684458083
684459339
684461338
684462616
684465222
684467462
684476934
684478568
684478789
684481814
684484085
684484644
684487146
684491369
684495994
684497394
684497768
684498905
684505629
684506093
684518235
684523100
684523196
684528615
684532169
684535697
684535708
684536248
684544918
684546486
684548892
684551405
684554211
684556792
684557435
684558427
684562408
684564093
684569962
684575167
684575542
684578720
684592038
684592785
684595170
684597642
684601657
684602044
684603549
684603578
684604621
684607113
684608286
684612045
684620286
684626234
684629531
684630898
684641956
684644430
684647021
684658316
684672256
684673843
684675172
684676458
684678679
684679212
684679935
684688435
684690381
684691806
684701915
684706246
684707312
684710684
684716033
684718219
684718292
684724254
684729640
684730774
684730945
684730953
684731238
684731267
684731778
684734739
684735225
684735554
684735580
684736253
684737020
684737983
684738049
684740868
684742020
684747039
684748391
684749242
684753100
684754201
684754966
684756159
684757832
684757969
684758859
684759741
684764093
684765018
684765372
684765387
684766105
684766302
684766465
684768322
684768827
684769391
684771554
684771954
684772317
684774863
684775123
684775364
684775725
684775861
684776094
684777645
684777854
684779242
684781367
684781385
684782376
684784779
684784783
684784955
684785766
684785995
684786729
684787764
684787840
684789592
684794586
684795650
684795885
684796260
684798583
684798650
684799435
684800351
684801210
684801470
684801492
684802490
684802540
684803443
684804590
684804701
684804740
684804856
684805680
684806881
684807276
684807590
684807957
684808725
684808785
684808881
684809173
684809479
684809608
684810420
684810424
684810594
684810713
684811052
684811247
684811809
684812150
684812857
684813411
684813687
684814803
684815066
684815561
684816954
684816973
684817188
684817312
684817449
684818598
684819028
684819264
684819977
684821762
684828937
684829164
684830082
684832113
684832325
684833374
684834815
684834822
684834960
684835561
684835742
684835820
684836607
684836634
684836946
684837098
684837761
684838917
684839337
684841549
684841815
684842374
684842476
684842880
684843342
684844181
684845179
684845336
684845426
684847128
684847303
684848206
684848388
684849206
684849407
684849507
684849781
684850223
684850318
684850397
684851176
684851461
684852417
684852483
684852739
684852753
684853896
684855584
684855684
684855970
684856791
684857833
684858220
684859574
684859997
684860974
684862836
684863258
684863547
684864484
684865518
684865773
684866250
684868101
684868198
684868714
684870295
684870342
684870578
684870592
684871060
684871062
684871269
684871338
684872037
684872135
684872380
684872549
684873042
684873289
684873438
684875341
684875936
684876647
684876946
684877325
684877381
684877674
684878016
684878289
684878729
684878849
684879074
684879408
684879722
684880083
684880191
684880502
684880599
684881193
684881502
684881581
684881945
684882532
684882563
684882638
684882742
684882885
684883732
684883733
684884178
684884399
684884442
684884462
684884480
684884580
684884663
684884928
684885154
684885255
684885918
684887577
684887826
684887843
684888545
684888706
684889244
684889245
684889568
684889684
684889966
684890351
684892061
684893179
684894053
684894401
684894639
684894690
684894726
684894910
684895774
684895854
684895855
684896582
684897908
684897924
684899753
684900227
684900302
684900413
684900567
684900766
684901270
684901638
684901688
684901711
684901753
684902747
684903149
684903363
684903917
684904038
684904728
684904736
684906069
684906255
684906608
684906758
684906875
684906925
684906959
684907934
684907984
684908011
684908227
684908610
684910125
684910743
684911465
684911641
684912037
684912591
684912972
684913213
684913242
684913320
684913362
684913762
684914789
684915532
684915621
684915685
684916411
684916614
684916854
684917322
684917404
684918052
684918226
684918479
684918706
684918917
684918959
684918979
684919129
684919364
684919378
684919541
684919645
684920181
684921341
684922019
684922318
684922444
684922446
684922765
684923440
684923531
684924002
684924022
684924162
684924796
684925636
684925795
684925931
684926008
684926158
684926259
684926306
684927320
684927714
684927997
684928160
684928251
684928471
684929525
684929543
684930103
684930273
684930382
684931109
684931549
684931651
684932137
684932341
684933440
684933644
684933861
684934017
684934056
684934191
684934683
684934783
684934935
684935437
684935744
684935794
684936048
684936298
684936598
684936758
684936910
684937198
684937321
684937635
684937757
684939237
684939292
684939304
684939424
684939502
684939574
684940555
684941086
684941297
684941537
684941710
684942202
684942348
684942384
684943065
684943223
684943326
684944248
684944723
684944878
684945058
684945231
684945420
684945503
684945833
684946419
684947116
684947246
684947387
684948099
684948318
684948491
684948658
684948744
684948832
684949033
684949111
684949182
684949259
684949396
684949448
684949530
684949733
684950216
684950409
684950826
684950841
684951885
684952149
684952218
684952382
684952477
684952585
684954159
684954365
684954758
684956409
684956891
684957584
684957862
684957934
684957972
684958077
684958339
684958381
684958419
684958423
684958953
684958959
684959082
684959087
684959102
684959305
684959660
684959715
684960305
684960586
684960857
684960913
684961094
684961125
684961183
684961300
684961870
684962046
684962330
684962757
684963039
684963055
684963299
684963896
684964419
684964461
684964508
684964579
684965149
684965858
684966189
684967286
684967458
684967583
684967842
684968056
684968552
684968578
684968905
684969611
684969617
684969803
684970238
684970294
684970355
684970426
684970778
684971066
684971345
684971706
684971765
684972192
684972193
684972252
684972452
684972718
684972805
684973097
684973228
684973374
684973627
684973818
684973987
684974121
684974386
684974494
684974644
684974924
684974971
684975086
684975380
684976666
684976865
684977403
684977547
684977596
684977629
684977802
684978240
684978343
684978650
684978964
684979620
684979701
684980070
684980187
684980386
684980459
684980474
684980509
684980602
684980690
684981583
684981740
684982098
684982750
684982934
684983710
684983743
684984215
684984396
684984977
684985144
684985249
684985701
684985750
684985848
684986152
684986451
684986810
684986929
684987219
684987240
684987459
684987500
684987852
684988899
684989814
684990229
684990657
684990673
684990877
684991198
684991229
684991381
684991532
684991599
684991632
684991741
684992251
684992429
684992793
684993315
684993689
684993997
684994180
684995231
684995614
684995738
684995915
684995921
684996373
684996574
684997168
684997358
684997609
684997687
684997819
684998162
684998206
684998287
684998566
684998715
684998772
684998802
684998928
684999126
684999381
685000100
685000371
685000505
685000540
685000582
685000917
685001401
685001463
685001663
685001901
685002136
685002192
685002695
685002844
685003098
685003196
685003239
685003378
685004414
685004554
685004647
685004872
685005288
685005347
685005403
685005571
685005614
685005774
685006135
685006554
685006942
685006957
685006994
685007120
685007171
685007241
685007282
685007627
685007886
685007953
685008117
685008249
685008463
685009025
685009567
685009602
685009698
685009780
685010446
685011106
685011667
685011720
685011785
685011884
685012668
685012864
685012943
685013071
685013118
685013718
685014444
685014898
685015179
685015319
685015692
685016139
685016150
685016298
685016756
685017119
685017512
685017670
685017878
685017977
685018232
685018412
685018463
685018669
685018823
685019821
685020336
685020478
685021276
685021425
685021451
685023604
685023684
685023797
685024039
685024804
685024900
685028513
685029509
685049366
685049941
685051257
685053146
685053256
685053842
685054931
685057617
685059430
685061888
685068895
685070940
685071119
685074480
685078160
685078279
685081685
685081710
685082533
685083732
685084810
685084850
685085353
685085920
685086534
685086771
685087168
685087366
685087370
685088172
685088413
685088495
685089982
685090525
685091619
685093140
685093495
685093606
685095092
685096176
685096371
685096985
685097070
685097761
685098143
685098446
685098481
685098676
685098770
685099153
685099415
685100013
685100282
685100966
685102200
685104103
685104136
685104137
685105271
685106302
685106332
685107047
685107057
685107201
685107398
685107663
685108192
685108349
685108726
685108733
685109083
685109229
685109551
685109750
685109753
685110524
685110916
685110996
685111450
685112567
685113163
685113403
685113629
685113946
685114019
685114032
685114352
685114536
685114862
685115168
685115194
685115518
685115655
685115840
685115861
685116006
685116162
685116181
685116280
685116958
685117122
685117670
685118437
685118843
685118883
685119459
685119822
685120032
685120641
685120959
685121147
685121348
685121627
685121752
685122552
685123892
685124040
685124526
685124655
685124725
685125412
685125550
685125790
685125825
685125879
685125880
685126404
685126744
685126999
685127382
685127649
685128655
685129331
685129341
685129895
685130020
685130399
685131013
685131040
685131172
685131535
685131754
685132180
685132540
685132702
685133013
685133712
685134185
685134461
685134517
685134688
685134983
685135072
685135343
685135351
685135632
685136020
685136058
685136383
685136841
685137132
685137428
685137490
685137805
685137839
685138025
685138029
685138184
685138622
685138773
685138916
685139131
685139336
685139418
685139728
685139793
685140099
685140294
685140547
685141980
685142073
685142102
685142363
685142549
685142569
685143777
685144073
685144623
685144645
685144667
685145035
685145185
685145264
685145807
685145916
685146034
685146062
685146276
685146363
685146741
685147157
685147161
685147786
685148437
685148848
685149302
685149700
685149869
685150204
685150205
685151724
685151816
685152312
685152950
685153377
685153791
685153855
685153876
685154286
685154524
685156657
685156723
685158334
685158489
685158555
685158593
685158857
685159191
685159282
685159308
685159918
685160965
685160970
685161194
685161815
685161913
685161924
685163240
685163251
685163743
685163885
685164055
685164142
685164386
685164804
685164939
685165079
685165144
685165403
685165465
685165767
685165788
685165792
685166039
685166127
685166549
685166590
685166633
685166975
685167641
685170231
685170530
685171056
685171518
685171572
685238372
685238495
685238648
685238653
685238799
685239046
685239493
685239926
685239955
685240806
685240897
685241803
685241967
685242195
685242323
685242470
685242641
685243066
685243077
685243166
685244103
685244499
685245135
685245627
685245682
685245903
685246202
685247685
685247849
685248338
685248413
685248528
685248844
685248871
685249093
685249292
685249352
685249537
685249791
685250864
685250865
685250874
685250911
685250959
685251012
685251180
685251198
685251221
685251528
685252183
685252320
685252449
685252664
685253231
685253342
685253463
685253470
685253554
685253566
685254508
685254698
685255894
685256589
685256634
685256635
685256690
685256968
685257351
685257601
685257681
685261240
685261339
685261754
685261783
685262313
685262681
685263474
685263791
685263931
685264037
685264070
685264396
685265149
685265273
685265310
685266390
685267357
685281727
724128791
724128806
724129111
724129126
724131334
724131514
724132866
724133194
724133414
724133543
724136012
724136837
724137461
724138807
724139097
724139874
724139983
724140985
724141445
724141892
724142831
724143042
724143243
724144089
724144195
724144686
724146093
724146354
724146484
724146877
724147207
724147344
724147977
724148777
724149472
724149814
724151041
724151797
724152788
724153780
724153827
724156468
724157567
724158130
724159086
724159928
724160630
724161140
724161477
724162964
724163197
724164235
724164370
724164986
724166005
724167129
724167254
724167405
724167786
724168973
724170396
724170893
724171470
724171580
724171808
724172220
724172231
724173172
724173173
724173662
724173979
724174683
724175257
724175304
724175796
724176841
724177039
724177484
724177559
724178132
724178193
724180615
724181725
724184565
724185482
724185546
724186114
724187147
724187515
724188012
724188561
724189019
724189642
724190772
724190970
724191083
724191544
724192368
724192527
724192798
724194143
724196513
724198414
724199624
724199946
724200248
724200852
724201478
724201944
724203130
724203670
724204691
724205469
724211062
724212623
724223672
724223699
724223739
724226105
724226384
724228018
724230415
724232618
724235386
724236575
724237961
724238469
724241777
724242308
724246818
724246869
724247065
724249699
724254235
724254685
724258059
724260437
724261137
724266586
724276489
724277610
724278520
724301890
724311842
724317131
724319721
724323220
724347708
724349615
724350768
724359830
724362772
724363846
724368899
724369924
724371147
724371261
724380724
724383627
724400979
724414638
724417369
724418666
724422525
724428294
724437535
724438125
724441905
724442806
724449867
724464653
724468847
724474082
724485469
724487381
724487497
724491174
724492436
724496070
724496934
724497120
724513401
724515934
724517342
724517924
724518337
724518913
724522589
724525645
724527962
724528921
724529726
724540144
724545284
724546422
724546823
724549090
724551202
724552362
724557151
724557156
724557692
724559719
724570327
724574082
724575442
724576685
724580544
724580718
724581106
724582921
724585705
724598149
724598828
724605487
724615825
724617203
724618885
724621206
724622311
724623904
724624913
724625696
724627146
724630541
724633242
724634205
724635085
724635291
724635848
724637932
724639621
724639654
724642492
724647401
724651543
724655768
724656943
724657632
724657839
724658842
724663302
724668204
724669157
724675021
724675115
724675405
724676710
724678865
724685298
724697351
724697701
724699719
724705829
724718324
724730013
724734508
724735821
724736261
724740918
724745991
724753453
724757790
724759074
724759136
724761600
724761860
724762144
724764757
724770393
724771454
724772649
724772824
724774644
724774851
724780392
724781066
724781564
724781807
724782902
724786205
724791134
724792190
724798294
724799606
724799856
724807602
724811658
724815717
724817424
724824313
724825415
724827018
724827604
724829142
724829946
724831231
724844194
724849260
724853780
724857030
724858554
724858887
724862432
724864980
724873241
724875127
724875537
724875780
724876777
724877533
724877756
724881507
724883230
724885923
724887633
724889902
724892887
724894059
724896486
724899935
724906465
724910146
724913687
724916779
724916937
724917049
724918414
724921949
724922829
724922852
724923489
724924153
724925053
724925557
724927542
724928134
724929200
724931152
724931331
724932362
724934366
724934718
724934796
724935795
724936080
724938508
724938591
724939349
724940375
724942752
724944157
724954647
724960238
724964524
724965283
724968503
724970928
724972668
724979873
724979946
724984044
724985694
724989439
724994252
724999445
725004805
725005586
725007710
725008055
725013499
725013814
725014044
725014464
725017758
725022157
725027611
725028633
725031219
725032180
725034399
725047483
725047972
725052988
725055739
725065730
725067655
725073283
725077900
725078887
725082987
725087327
725091830
725093204
725093615
725094239
725094985
725096467
725096738
725096874
725096951
725097464
725100432
725104351
725123810
725126501
725129873
725131062
725132707
725134697
725135037
725137047
725139992
725141036
725141084
725142736
725142837
725147194
725147562
725147687
725152208
725156136
725157617
725160199
725160574
725162361
725162529
725164818
725168449
725171949
725180422
725185989
725191769
725192755
725199209
725202498
725205032
725219073
725223216
725225904
725227350
725229931
725234151
725238465
725238781
725241354
725241385
725242776
725244162
725244581
725244815
725246467
725247521
725250488
725250658
725253425
725256714
725258755
725262621
725262638
725262830
725264055
725266898
725268220
725268741
725268742
725270755
725270819
725271065
725271220
725273296
725275542
725275649
725276969
725278990
725284188
725297568
725309014
725309736
725310906
725312260
725312376
725317681
725317702
725318475
725319430
725319491
725319865
725322151
725323369
725325619
725327504
725327801
725330241
725330460
725332483
725334122
725335403
725336214
725336604
725337478
725337880
725338385
725338891
725339204
725341933
725342165
725345091
725348912
725348989
725350835
725354772
725361352
725361931
725365160
725367979
725368652
725368938
725372248
725389864
725390491
725407836
725408906
725414366
725416707
725418432
725420194
725424821
725426468
725427614
725430453
725430632
725431346
725432162
725432243
725436183
725446364
725446950
725448703
725449340
725450003
725450212
725450501
725450935
725452771
725453857
725454324
725455395
725458255
725459155
725459325
725459821
725460167
725460758
725461425
725471057
725472684
725473175
725473950
725476655
725479833
725480333
725482610
725482648
725482722
725483087
725484231
725485755
725486275
725488063
725488268
725489418
725490308
725491897
725492813
725494142
725494840
725498410
725498770
725500390
725500717
725501801
725501988
725503685
725504506
725505090
725507024
725507754
725510380
725512720
725514337
725514973
725515469
725515675
725515847
725516404
725518087
725519945
725520316
725521338
725521720
725521809
725523417
725525763
725526771
725527204
725528396
725530128
725533820
725535086
725536287
725536461
725536654
725537338
725539080
725539400
725541283
725541554
725541708
725541785
725542255
725542896
725544468
725546574
725546865
725547959
725548992
725551246
725552272
725552669
725554883
725555339
725556418
725562028
725563333
725564702
725567190
725567906
725567985
725570662
725570970
725571086
725571883
725572101
725573013
725575104
725575995
725576079
725577095
725577218
725577818
725577892
725578041
725578255
725578853
725579360
725580428
725580617
725580851
725582654
725582868
725584104
725585300
725585707
725586990
725587226
725588671
725590236
725591155
725592741
725593852
725597591
725598207
725599117
725602273
725602300
725609430
725609992
725610776
725611983
725612109
725614548
725617809
725619103
725621289
725624042
725625268
725625669
725625856
725626281
725630106
725630503
725630962
725632680
725637892
725641389
725641547
725643806
725643859
725644921
725647356
725649388
725661666
725665362
725666760
725669231
725670944
725671039
725672206
725676462
725677000
725677078
725677237
725680484
725681925
725683120
725686978
725687738
725689136
725689211
725690810
725691000
725691192
725691958
725698216
725698669
725699307
725700559
725702081
725702567
725703560
725704385
725708951
725711504
725714724
725716362
725722341
725726224
725727998
725728064
725728300
725728438
725731969
725734651
725735077
725736763
725737037
725737937
725739002
725739674
725740255
725740671
725740847
725742270
725744086
725744476
725745459
725746616
725746710
725747101
725747637
725751318
725752424
725755548
725756242
725757390
725757833
725758733
725761498
725762004
725762329
725762838
725762949
725763131
725764384
725764503
725766244
725766608
725767742
725769712
725771604
725771763
725772504
725772972
725773353
725773960
725774439
725774740
725776815
725776903
725777478
725777860
725779209
725790693
725791112
725799835
725802031
725806080
725806393
725808567
725808777
725811359
725811729
725811974
725811987
725814502
725815402
725815528
725819138
725820129
725822864
725823196
725824677
725825381
725831405
725832315
725832773
725836947
725837668
725850200
725851668
725851732
725856692
725859288
725859987
725860599
725861509
725862265
725864233
725864607
725865008
725868487
725873574
725875420
725875837
725876603
725877137
725878270
725882333
725885834
725887210
725892234
725893383
725893496
725893554
725894821
725897462
725901022
725901024
725902229
725904906
725905290
725906993
725910064
725910558
725910733
725911531
725912770
725915754
725917250
725918133
725919062
725919161
725922266
725923232
725924090
725925438
725926544
725927022
725927911
725928773
725931393
725931783
725932605
725935401
725936021
725937529
725939041
725939173
725940273
725942211
725943769
725945633
725947087
725948105
725950561
725951699
725953291
725953873
725954170
725956004
725956665
725957127
725957836
725960991
725961219
725962015
725966158
725967304
725968342
725968845
725969077
725969134
725969880
725974584
725976604
725976632
725977191
725977524
725979321
725981360
725981759
725983041
725983898
725983979
725987890
725988304
725990303
725992857
725994173
725994731
725994937
725995420
725996725
725999710
726000509
726000704
726001228
726001989
726002240
726005705
726005808
726007683
726008217
726008397
726008616
726008790
726011550
726013013
726014311
726014588
726016386
726016741
726017469
726017509
726020613
726021036
726021989
726029122
726030133
726033173
726034282
726036230
726042317
726042451
726044298
726048172
726051113
726051982
726055078
726055146
726056838
726060261
726061545
726062145
726063658
726063841
726064303
726067176
726069055
726070778
726071170
726072663
726074196
726077567
726078430
726079843
726081687
726083372
726083441
726083462
726087836
726095397
726101449
726108270
726110716
726111455
726126722
726134541
726136586
726137334
726138254
726141212
726141634
726142104
726142369
726143505
726149057
726154835
726162436
726162803
726166229
726167516
726167709
726168094
726168574
726169064
726169261
726172344
726172348
726173043
726181290
726184828
726186496
726193069
726193101
726196901
726200100
726201011
726202630
726203684
726210822
726211792
726212829
726227314
726230799
726231898
726232079
726232102
726236649
726236698
726238553
726238995
726241881
726245670
726248240
726253599
726253945
726265689
726266420
726267937
726270330
726272502
726272680
726278437
726279010
726280372
726281307
726283106
726283894
726286296
726286758
726289040
726291020
726294616
726302111
726307181
726309775
726312502
726313990
726314490
726320109
726321962
726323243
726323621
726323697
726325348
726326109
726330158
726330792
726333349
726333555
726342055
726343231
726344271
726344488
726344668
726344995
726347161
726348998
726359192
726359604
726359688
726365972
726366443
726368133
726371019
726371711
726372148
726372324
726375366
726376459
726377589
726386742
726387238
726388095
726393052
726393562
726395312
726395725
726405683
726410207
726410706
726412287
726414984
726415322
726415460
726416028
726418781
726423126
726423298
726423654
726424021
726425217
726425225
726428085
726429772
726430369
726430491
726431865
726436534
726437777
726438410
726440421
726446229
726446897
726447156
726449566
726449573
726449585
726452565
726453062
726454778
726455571
726455718
726456783
726459199
726460351
726461145
726462979
726463418
726465214
726467192
726469458
726469534
726471068
726475643
726475833
726477727
726482402
726482961
726484715
726486957
726487790
726489133
726490099
726490123
726492297
726496327
726499041
726502065
726507549
726519716
726520561
726534487
726536699
726538154
726540265
726545384
726549274
726550890
726554203
726555538
726557436
726558515
726561045
726562871
726563872
726564047
726566281
726573827
726576984
726577988
726579059
726581015
726581895
726582073
726583225
726583769
726586096
726588376
726588523
726589796
726590153
726593413
726602316
726604926
726614067
726615691
726618040
726619327
726622658
726629932
726629942
726630181
726632708
726632983
726635721
726636778
726637462
726637692
726641793
726643413
726645567
726646017
726647210
726647367
726648115
726648400
726649837
726651995
726660390
726662703
726663693
726663709
726664988
726667186
726667318
726667327
726667793
726668792
726673363
726674627
726675347
726675518
726676155
726676156
726676895
726677010
726679989
726680484
726680627
726681010
726681828
726682057
726685181
726692647
726693669
726702038
726702978
726703604
726704182
726705977
726708723
726711681
726714431
726719963
726720725
726720834
726721138
726722307
726722604
726724427
726724564
726725090
726728051
726731869
726737002
726739020
726739439
726741211
726744838
726749963
726750607
726751002
726752604
726755956
726756521
726756657
726757220
726757542
726757914
726758037
726760567
726760748
726761562
726762793
726762912
726763260
726764719
726766529
726766621
726767097
726767849
726769219
726771084
726772274
726772295
726772493
726772710
726774419
726775661
726777628
726777672
726778320
726779371
726779662
726784158
726787060
726787084
726787675
726788077
726789229
726790232
726791091
726791217
726792542
726793629
726793702
726794304
726795623
726796182
726796728
726797267
726797414
726797508
726798772
726798793
726799467
726799653
726799662
726800714
726803513
726807040
726807904
726808215
726808345
726809107
726809578
726810053
726810266
726815279
726816670
726816759
726816940
726818072
726818543
726819055
726822370
726824050
726825448
726827776
726830769
726832731
726836384
726836479
726836639
726838500
726838592
726839389
726839952
726841632
726842264
726842520
726842636
726843352
726843449
726843832
726844679
726848532
726849356
726849577
726849620
726850232
726850478
726851860
726855503
726856703
726857041
726857429
726857648
726858239
726858415
726863066
726865008
726865419
726869163
726870150
726870288
726871192
726873189
726875973
726876099
726883652
726884118
726886221
726889943
726895566
726898752
726901371
726903549
726904963
726905551
726906763
726910149
726911135
726912867
726917432
726918037
726918046
726919643
726921901
726924806
726925008
726927110
726930081
726930549
726933973
726934502
726936020
726936165
726936206
726936207
726938635
726938947
726939492
726942502
726942559
726942975
726943741
726944117
726944544
726947148
726947679
726947969
726951409
726956779
726958023
726963508
726964441
726973698
726978026
726980597
726984140
726986834
726989296
726992557
726998254
727001434
727002987
727003203
727004624
727005136
727005212
727005732
727013608
727013712
727014273
727016239
727016411
727018011
727022151
727023713
727024974
727032240
727033600
727036334
727036695
727039948
727040391
727040392
727041637
727042335
727051683
727051994
727052647
727055120
727056320
727058691
727063141
727063175
727064269
727064553
727065462
727070404
727070575
727070775
727070952
727075588
727077387
727079046
727082471
727085203
727092927
727102176
727104599
727109320
727109948
727110332
727126745
727128708
727136274
727143893
727144492
727145514
727145845
727145921
727147304
727148246
727148858
727150801
727152026
727154142
727157483
727160494
727160959
727162209
727172116
727172758
727174245
727176339
727185862
727189498
727189576
727190039
727190810
727197315
727198774
727202150
727204258
727206251
727214829
727216065
727221662
727231086
727231430
727231890
727232781
727238322
727238548
727238966
727240816
727241709
727243233
727243992
727245512
727246293
727246449
727250558
727251088
727254977
727257370
727258629
727266811
727267496
727268482
727272626
727274144
727276873
727286353
727289924
727294159
727294998
727296853
727302757
727307547
727317068
727333150
727340371
727342859
727344615
727344970
727345387
727347819
727350848
727355711
727358953
727366052
727372808
727375485
727376012
727377910
727378531
727378839
727380416
727382905
727383354
727384816
727385225
727388012
727390199
727391412
727395847
727398040
727401144
727402783
727408087
727412577
727413050
727414085
727416986
727422075
727433199
727436370
727437883
727439250
727443533
727443842
727445498
727450796
727451412
727453005
727455569
727456476
727462497
727463337
727463411
727465719
727466338
727466385
727466885
727466967
727467475
727472820
727476123
727478954
727480999
727482168
727482713
727483834
727485550
727487827
727489447
727490378
727490998
727492750
727505943
727511364
727516256
727520557
727525896
727534547
727535304
727541450
727544286
727546002
727546371
727546911
727547671
727550366
727553815
727555601
727556318
727558358
727559637
727560077
727562068
727562256
727562644
727564187
727564224
727564712
727565223
727566338
727567622
727574858
727576808
727578915
727579640
727580045
727580431
727580434
727581189
727581967
727582065
727583217
727584160
727584266
727585127
727587024
727587827
727597914
727598565
727599469
727602364
727602390
727602426
727604062
727609342
727610011
727611156
727612605
727615151
727617125
727623076
727624055
727625016
727625418
727641021
727641218
727642499
727646291
727652591
727652932
727654422
727689429
727690017
727693077
727700094
727700460
727701407
727704940
727710507
727710667
727711949
727712668
727712694
727713737
727714142
727715889
727720936
727725460
727726504
727728165
727728216
727733208
727733991
727734185
727735444
727738628
727740122
727740508
727742621
727743088
727754174
727756748
727759323
727761073
727763686
727764554
727766715
727769522
727769844
727772601
727773495
727782565
727783056
727784609
727785124
727786291
727787657
727789881
727791005
727794524
727796575
727796640
727808682
727809757
727809956
727810416
727811837
727818982
727884099
727886104
727886864
727889476
727890554
727904511
727911096
727913980
727919689
727924623
727929371
727953283
727954271
727971682
727974039
727979159
727980454
727981585
727981691
727982080
727985306
727985417
727986687
727989145
727993888
727997620
727997938
728000873
728002613
728003724
728003966
728006790
728013498
728015705
728016390
728017478
728018093
728018856
728018892
728020931
728022245
728024076
728026210
728029774
728030447
728035084
728035504
728035798
728036556
728037562
728037829
728038452
728038724
728039952
728040727
728049616
728051107
728052725
728054457
728055023
728055826
728056819
728056981
728058131
728058160
728060605
728060935
728066932
728072958
728079080
728082026
728093405
728111116
728112587
728114290
728116457
728118388
728120143
728120814
728121244
728121383
728123622
728131458
728132217
728133276
728133400
728133568
728135677
728145014
728157334
728164545
728173728
728175191
728181283
728183844
728184821
728190754
728192497
728198996
728200345
728204490
728204965
728205020
728205275
728205497
728206480
728208409
728216941
728221805
728224563
728226145
728230334
728232674
728235180
728235213
728235479
728236120
728256747
728265822
728266649
728283457
728288628
728294970
728299067
728301418
728304137
728305886
728313714
728314590
728315258
728316502
728317184
728317834
728318313
728319009
728320999
728325012
728327411
728329050
728336888
728348455
728352685
728362613
728364872
728365888
728366764
728369067
728369756
728370436
728372990
728378680
728380246
728381875
728384565
728385237
728386551
728388007
728392314
728394588
728395689
728398371
728402112
728404865
728409468
728410654
728415054
728419371
728424130
728425908
728426910
728427449
728430523
728430717
728432507
728432609
728433306
728434765
728436524
728437368
728443089
728443254
728443703
728444471
728445195
728446421
728460199
728460268
728460616
728463791
728467923
728472482
728473257
728474515
728474685
728476055
728476066
728476276
728481105
728481714
728483570
728491827
728492355
728493476
728494117
728528874
728529010
728530833
728531720
728533129
728590466
728592746
728592781
728592784
728593008
728593048
728593339
728597053
728597453
728597719
728598066
728598291
728598473
728599006
728599020
728599557
728599901
728600397
728601046
728601765
728602824
728603793
728603985
728604000
728604372
728604444
728605098
728605916
728606189
728607524
728607659
728608040
728610894
728611265
728611845
728612169
728612231
728614480
728616034
728617182
728623136
728624627
728625462
728625844
728630277
728632943
728633377
728635608
728637858
728641554
728644018
728650716
728652330
728653193
728653806
728655032
728655848
728656203
728656412
728657325
728658348
728660006
728660061
728660067
728660766
728661462
728662380
728663262
728663481
728664283
728665761
728666698
728667283
728670500
728671382
728671542
728673993
728674952
728675408
728675465
728675616
728675689
728677703
728678831
728680168
728680348
728680620
728681246
728681652
728682232
728682395
728684296
728685008
728686137
728686369
728688573
728689195
728689614
728689952
728690605
728691610
728691906
728692402
728693112
728695093
728695708
728704613
728705537
728705944
728707143
728707256
728710104
728710304
728710405
728711409
728712468
728712587
728713271
728714656
728715251
728716251
728717906
728718962
728718991
728720933
728725755
728726233
728731872
728735472
728737334
728740344
728740664
728741908
728749701
728750771
728751432
728751458
728751644
728755819
728756730
728758940
728763669
728763813
728767584
728769616
728774423
728776799
728779341
728780935
728781409
728781715
728782710
728784633
728788378
728788717
728788983
728791190
728791977
728793217
728794929
728798354
728800311
728803185
728807663
728808432
728808993
728816679
728817477
728818075
728819675
728823943
728823999
728824282
728826436
728826838
728833439
728838003
728838267
728839647
728841550
728845585
728847845
728848683
728848711
728849896
728850633
728853124
728853774
728857003
728857233
728858782
728859738
728862335
728864907
728866788
728871123
728872356
728873705
728874474
728881008
728883527
728885436
728887071
728889453
728894731
728895849
728897801
728897977
728898631
728901350
728909345
728912268
728917862
728918444
728918774
728919621
728920744
728924234
728926437
728927142
728927827
728928038
728931207
728931442
728931909
728934586
728936931
728937944
728939860
728939928
728940896
728943606
728944919
728946592
728948175
728948657
728949163
728949466
728950126
728950133
728950815
728951863
728954295
728955151
728955198
728957383
728957496
728957883
728961522
728961582
728961639
728962409
728962810
728962881
728962893
728965193
728967989
728971207
728972856
728973180
728973269
728973374
728974794
728980398
728981238
728982365
728984669
728984938
728985634
728985972
728986432
728987986
728988916
728989112
728989871
728990653
728991010
728991030
728995531
728997344
728997893
728998481
728999721
728999818
728999961
729001716
729002061
729002325
729003607
729004137
729005979
729007505
729007886
729009162
729010523
729017036
729017809
729018594
729019328
729024932
729026113
729027115
729029122
729029427
729030785
729031035
729031889
729032052
729032556
729032591
729033113
729036418
729036967
729037052
729038483
729039219
729041712
729044120
729045758
729048010
729048510
729050382
729053489
729053617
729056430
729057197
729059379
729059839
729062749
729063170
729063377
729063739
729065856
729065857
729066460
729068439
729070842
729071953
729072906
729073142
729074392
729074442
729075622
729077588
729078148
729078188
729078664
729081730
729082378
729082589
729084910
729090587
729090764
729092393
729093808
729094365
729095028
729095233
729096457
729096506
729097451
729097931
729099993
729100633
729100910
729100967
729102541
729103416
729104817
729105482
729107818
729109540
729112801
729113575
729115475
729116121
729122744
729125738
729128473
729129454
729129590
729129969
729130788
729131491
729134731
729144186
729148903
729149466
729149550
729151852
729159861
729161521
729162196
729165952
729172834
729174475
729179675
729179782
729181875
729183979
729184208
729185816
729190372
729190752
729193011
729194354
729195401
729195554
729195698
729196008
729196218
729196839
729199274
729200289
729200470
729200486
729200820
729201475
729201668
729204318
729204468
729205488
729206691
729209253
729209631
729209769
729209784
729212145
729213653
729213834
729214324
729214816
729215301
729216264
729219285
729221017
729221410
729225366
729225418
729225638
729226024
729226776
729229042
729233073
729236885
729237068
729237301
729237997
729238975
729240925
729241875
729242124
729243877
729244591
729244727
729246165
729246621
729246940
729248292
729249932
729250655
729253023
729253117
729255817
729258118
729258243
729258289
729258832
729261166
729265827
729266776
729267000
729268053
729268651
729271563
729272011
729275553
729275821
729277563
729278105
729278990
729280453
729285404
729285723
729286056
729287635
729288256
729290371
729290718
729291037
729291577
729292215
729295371
729297130
729298288
729303313
729305494
729305579
729309360
729312171
729313396
729315851
729319253
729321165
729321953
729322860
729323863
729324852
729324954
729325244
729325323
729325917
729331256
729331637
729332411
729332681
729334931
729335558
729337138
729337699
729338366
729339292
729341498
729343026
729344878
729345904
729346000
729347037
729350441
729355714
729355815
729358601
729358669
729361779
729362397
729362436
729364244
729364450
729367346
729368667
729369831
729372207
729372692
729372845
729373122
729379899
729380011
729380758
729381370
729382070
729382717
729383042
729386211
729391573
729393157
729393483
729395502
729397128
729401908
729401976
729402258
729403068
729403091
729403282
729406345
729407634
729408153
729411853
729413561
729417958
729421012
729421688
729422130
729422408
729422810
729424236
729425821
729427192
729428928
729429882
729430123
729433017
729433244
729433417
729434997
729436017
729436865
729438899
729439621
729442138
729444001
729444687
729449061
729449603
729456660
729457949
729459053
729460590
729461650
729462732
729463124
729463689
729467000
729467585
729469415
729469484
729472218
729472281
729474005
729474086
729477824
729478517
729480892
729484872
729484962
729485792
729487581
729488187
729489470
729490511
729491704
729494824
729494981
729496096
729496890
729497914
729499176
729499178
729499526
729501891
729502248
729502907
729505298
729505317
729505379
729508817
729509294
729511020
729511187
729511225
729511444
729512662
729512663
729512901
729513645
729514042
729515063
729516625
729517764
729519516
729519884
729520243
729520759
729523502
729525248
729526302
729531216
729531404
729531687
729532473
729532942
729535261
729535755
729536155
729537981
729538312
729538760
729539800
729540614
729540995
729541079
729542162
729543862
729544876
729547718
729550766
729554565
729555519
729559428
729561039
729561071
729563519
729564119
729567739
729568672
729571363
729571944
729573099
729576562
729578174
729579151
729582832
729586634
729588052
729588283
729590983
729591793
729594341
729595187
729598246
729598260
729604471
729605214
729605777
729612151
729614300
729619086
729619416
729621649
729621856
729630430
729630630
729631920
729632069
729632735
729632934
729633392
729634878
729636368
729638637
729639195
729639259
729641470
729643840
729647840
729649060
729649068
729652152
729655143
729655209
729656091
729656100
729657521
729659989
729660226
729660543
729660804
729661954
729662277
729662907
729663126
729663337
729664190
729664796
729665041
729665973
729666100
729666523
729668404
729668539
729669670
729670126
729673337
729674989
729677817
729677853
729681264
729681535
729682120
729682817
729684042
729685075
729685362
729687612
729691473
729692659
729694505
729695212
729695287
729695567
729695842
729697297
729697688
729697960
729699764
729700056
729700734
729704099
729706883
729708318
729709132
729709642
729709928
729713232
729714887
729715418
729715451
729716486
729716629
729719492
729720748
729721315
729721416
729723465
729723799
729724606
729725324
729727306
729727482
729727988
729729128
729732979
729733651
729734066
729735651
729736097
729736605
729737525
729738875
729741482
729741647
729744801
729745956
729747024
729747457
729747649
729748018
729749794
729750827
729752583
729752995
729753222
729753814
729753839
729754194
729758223
729758226
729758723
729760020
729762275
729762595
729762790
729762823
729763426
729763564
729765191
729766006
729767503
729770211
729771591
729773733
729777194
729777558
729777949
729778271
729781959
729782889
729783160
729784964
729785256
729788772
729789350
729792726
729794303
729794305
729798745
729799074
729803002
729803039
729804635
729805874
729813310
729814452
729819713
729820085
729820155
729820377
729820925
729821107
729826159
729828489
729829008
729838024
729838440
729839267
729840884
729841627
729847056
729847129
729848181
729848371
729850161
729850806
729851564
729857152
729860207
729860413
729860581
729860810
729861222
729861763
729863276
729866772
729867740
729867890
729868783
729869656
729875150
729883513
729887262
729894484
729897506
729902330
729906256
729906952
729919609
729920267
729925586
729927990
729931744
729932959
729936867
729936915
729937500
729942830
729946179
729947969
729948348
729948367
729949484
729951152
729953745
729956795
729957068
729958036
729959444
729962672
729962848
729974761
729976514
729979876
729980026
729980906
729984707
729985222
729988738
729992473
729997128
729999315
729999956
730000452
730013478
730025589
730030234
730031040
730031647
730040933
730102075
730102420
730102728
730104001
730108904
730110628
730113959
730114431
730116467
730116602
730116635
730119010
730121829
730121859
730122695
730123472
730124931
730127020
730127937
730129287
730129916
730131720
730134847
730136903
730137851
730138919
730141863
730144257
730147400
730148940
730151438
730156008
730156287
730161276
730161468
730165259
730169295
730170163
730172168
730172921
730178851
730184286
730185375
730190236
730199848
730200252
730268738
730274337
730283641
730287060
730289679
730291130
730302654
730315190
730324139
730324398
730326328
730326974
730330832
730332331
730335558
730340379
730341163
730347505
730349034
730353358
730355057
730355695
730356142
730359642
730361146
730361275
730361468
730364764
730367525
730369054
730369911
730371763
730372568
730376036
730376636
730384660
730403617
730412251
730416161
730424042
730424194
730431632
730433577
730451586
730451939
730452075
730500126
730639166
730645620
730650557
730652157
730653731
730655303
730709763
730731087
730735638
730737683
730737691
730739198
730741304
730753099
730760276
730761911
730763400
730763837
730763930
730764189
730772865
730775294
730776203
730778354
730780688
730786205
730786884
730798299
730799044
730805879
730809959
730816871
730817439
730817872
730822847
730824614
730825196
730828074
730828657
730834648
730834898
730842962
730843757
730843855
730844011
730847962
730856093
730859043
730859985
730860396
730860449
730867859
730889529
730898300
730902801
730903929
730904250
730905044
730905997
730906153
730906248
730909770
730910162
730910674
730911823
730914301
730915358
730915427
730917751
730918356
730922425
730923622
730924054
730924565
730925668
730927637
730930838
730934950
730936244
730936683
730937338
730943036
730943124
730944524
730952621
730952797
730957726
730959474
730960133
730962346
730962483
730963502
730964287
730964964
730965264
730965336
730966546
730967085
730975377
730979677
730984251
730985039
730987879
730988381
730993078
730993526
730997139
730997946
730998153
730999230
730999969
731009455
731010502
731014032
731020783
731023873
731024664
731026253
731028566
731029254
731029459
731034597
731034840
731036085
731036504
731037947
731038253
731041966
731042627
731047431
731064273
731066849
731067966
731073139
731077052
731078963
731079051
731079339
731079707
731082217
731082274
731084849
731087788
731088149
731089855
731156365
731156554
731157986
731158227
731158806
731159157
731159180
731160253
731163002
731163253
731164035
731173056
731176289
731181404
731182684
731182835
731186962
731191461
731193618
731195654
731202136
731296551
731307938
731427011
731428903
731431016
731431633
731435062
731435075
731435390
731435760
731439229
731439808
731439987
731442113
731444195
731444424
731445092
731450403
731452540
731455995
731456043
731456845
731458833
731458895
731459605
731460627
731461398
731462391
731464038
731464448
731465422
731466191
731468138
731468989
731471766
731472996
731476038
731477827
731478807
731480150
731484592
731485369
731485687
731488352
731489482
731492095
731494446
731494621
731498493
731499325
731619912
731620088
731622741
731623662
731625116
731625790
731628492
731628907
731631894
731632647
731636599
731642605
731656159
731663264
731665594
731669467
731671633
731673521
731681640
731682135
731686221
731686301
731696454
731700862
731702270
731705264
731705442
731708817
731711327
731712139
731714223
731717191
731718283
731721281
731722354
731723089
731775336
731776078
731779274
731779731
731781781
731783274
731790081
731797493
731800734
731801316
731801344
731802256
731802489
731803377
731810880
731812137
731814590
731815851
731816200
731817726
731821297
731821425
731827166
731827271
731829888
731831467
731831781
731834236
731834675
731835392
731835911
731838956
731839654
731841192
731844335
731846197
731846452
731848638
731853403
731854900
731856095
731859003
731859986
731864749
731865060
731865203
731872285
731872871
731879824
731880647
731881663
731883231
731883443
731892501
731901218
731903654
731923850
731925124
731935258
731936855
731942492
731945916
731960099
731960457
731961049
731962731
731963436
731968992
731969066
731973921
731978357
731979582
731981866
731982282
732000490
732002712
732002928
732003064
732033002
732033813
732035242
732035855
732044257
732045744
732048325
732049455
732088097
732088842
732093020
732101259
732142468
732146005
732154908
732165140
732170509
732178418
732184196
732185644
732252946
732253440
732253518
732254413
732255036
732259015
732262586
732266230
732267679
732268678
732268687
732270337
732270559
732270819
732271709
732272476
732273265
732276786
732279860
732280311
732280492
732280675
732283111
732284619
732286138
732286603
732286750
732288942
732289141
732289149
732289408
732289423
732291214
732292037
732293139
732293871
732298080
732298289
732299551
732299964
732300341
732301345
732301988
732305041
732305243
732305618
732305772
732307149
732312508
732313683
732317084
732318760
732320319
732328559
732331411
732333401
732334600
732335069
732336664
732336751
732337324
732337328
732340757
732340888
732342621
732342650
732346326
732348741
732349162
732350603
732351329
732351352
732351564
732351885
732353849
732354137
732354891
732356289
732357382
732358145
732361318
732361665
732362980
732366101
732366605
732368229
732369123
732371671
732372098
732373083
732373150
732373999
732375729
732377712
732377958
732378499
732381943
732381958
732383009
732383067
732383593
732386145
732386616
732387014
732387819
732388189
732388887
732389207
732389379
732390746
732390979
732392392
732392499
732392911
732392963
732393207
732393337
732394677
732395197
732396291
732396684
732397221
732397953
732398026
732398664
732399685
732399882
732400056
732400315
732401751
732402540
732405073
732408154
732409669
732411961
732413784
732414424
732414823
732418519
732419301
732420656
732427912
732428566
732429253
732432621
732434259
732436528
732436800
732438889
732439284
732439620
732439797
732439971
732441114
732441627
732445930
732446014
732446514
732447114
732447719
732448274
732450541
732451751
732453745
732453927
732456321
732457379
732459041
732464120
732467364
732467893
732470326
732478971
732479361
732487463
732489166
732492125
732493455
732493836
732498773
732501271
732502565
732504296
732508815
732508881
732510096
732510334
732511016
732513273
732513655
732516515
732516910
732517774
732521906
732522819
732525785
732527494
732528316
732528430
732529366
732530039
732530936
732531186
732533109
732533933
732535237
732536135
732536223
732536423
732537105
732537301
732537810
732540654
732540825
732541605
732541624
732545509
732545625
732549116
732551031
732551092
732554300
732555350
732557481
732558412
732558590
732559390
732559452
732560052
732561721
732563040
732563386
732563408
732563988
732564429
732566197
732567488
732569920
732570496
732571548
732572580
732572854
732577107
732577269
732578008
732578556
732578979
732579032
732579838
732580956
732581354
732581732
732583676
732583793
732584821
732586068
732586122
732586273
732586733
732586793
732586805
732587981
732591031
732593013
732595656
732595918
732596356
732597035
732600267
732601093
732602503
732603192
732604455
732605330
732606949
732607882
732608405
732608411
732608449
732608623
732609054
732609611
732610362
732612195
732612918
732615360
732616428
732618101
732619722
732621435
732623561
732624723
732625954
732626699
732629169
732633060
732634464
732634549
732636132
732637246
732637442
732637710
732640001
732644148
732646251
732647986
732648638
732650698
732651132
732651846
732652852
732653272
732654480
732654861
732655677
732656111
732657495
732657607
732657648
732658610
732659309
732659324
732664335
732669769
732670469
732672000
732677581
732681827
732682927
732684015
732685255
732686400
732688331
732689396
732689401
732690221
732691012
732692286
732692558
732694534
732695033
732697163
732697375
732697842
732698119
732703417
732705189
732706262
732707299
732709389
732709452
732711986
732712501
732713193
732715563
732718883
732721507
732722056
732722796
732732009
732732461
732732594
732733362
732734293
732735006
732741040
732741444
732743483
732743893
732744886
732745068
732745189
732746787
732747092
732748240
732750022
732750152
732752459
732752511
732753950
732755385
732756063
732756709
732757663
732757815
732758116
732760013
732760511
732760719
732761574
732762049
732769472
732769779
732769874
732772120
732773300
732775111
732776164
732776754
732777139
732778823
732778937
732780278
732782794
732785403
732787457
732787951
732793919
732796199
732806631
732806752
732807662
732808132
732808771
732810158
732810262
732810834
732811033
732811102
732812183
732813091
732817033
732817555
732821843
732822297
732823751
732824171
732825504
732836427
732837066
732842369
732846188
732846606
732848322
732849231
732851777
732853077
732853879
732854041
732854287
732856755
732857577
732857691
732858254
732865039
732869373
732875938
732875951
732876424
732877690
732878435
732879566
732884855
732895359
732902580
732906592
732908461
732911025
732911100
732912593
732913288
732915136
732915472
732916733
732918453
732918614
732923774
732928065
732929235
732929738
732931815
732937020
732942294
732942492
732952860
732955529
732958105
732966073
732967920
732983026
732983787
732985038
732989654
733000453
733001889
733001977
733004492
733004520
733006563
733011181
733013609
733016137
733017712
733019176
733020371
733022658
733027638
733030356
733030384
733035088
733035939
733036729
733037588
733039758
733047882
733049086
733050860
733053127
733058779
733068512
733082758
733092527
733116001
733126353
733141674
733145654
733154066
733156083
733158106
733165679
733171078
733172119
733175320
733180413
733187679
733193622
733200745
733202052
733208573
733212495
733217494
733247563
733249575
733249661
733249999
733251532
733251578
733258416
733261406
733262803
733264767
733266557
733271676
733276922
733277901
733290126
733295747
733297060
733305205
733307661
733307921
733309325
733309851
733313603
733316606
733319969
733323530
733328809
733331853
733344455
733349238
733351908
733354314
733357000
733363472
733368361
733387503
733398840
733400052
733409926
733414709
733416119
733423372
733424775
733426880
733430463
733431452
733437883
733439031
733444270
733446346
733459747
733461668
733467293
733470663
733473560
733481427
733481517
733492270
733494117
733495092
733506201
733507724
733510802
733520279
733528345
733532581
733532657
733532959
733533806
733543587
733549779
733551269
733560823
733561791
733564010
733565915
733586963
733589652
733613713
733641481
733649016
733664700
733665606
733666754
733675712
733679758
733680248
733681608
733682229
733700162
733706280
733713986
733715567
733717134
733719108
733720292
733723728
733726959
733740445
733747792
733753276
733753375
733753908
733762135
733770796
733771559
733772147
733772435
733795470
733799965
733808595
733810015
733810988
733811224
733813873
733816402
733820389
733828211
733828429
733830603
733833110
733841897
733847886
733852443
733856022
733859156
733859627
733861168
733861602
733875694
733890092
733903276
733909078
733912698
733917899
733923414
733923940
733925043
733930218
733932235
733935355
733941871
733942561
733943319
733944478
733945063
733947584
734008988
734010469
734022153
734025173
734027615
734028463
734039538
734041506
734050392
734050420
734054273
734054280
734133135
734136442
734143428
734154043
734157438
734162901
734170599
734170812
734176183
734181309
734182756
734183536
734188198
734196322
734200308
734212582
734212779
734219335
734236273
734243895
734250196
734254622
734259117
734261264
734261654
734279205
734286640
734287780
734290737
734295267
734295462
734295513
734296032
734303809
734304027
734305659
734320098
734324025
734326027
734330914
734334023
734335774
734336491
734339225
734339696
734340653
734342774
734344736
734344922
734346031
734346867
734347042
734354620
734355202
734357076
734359283
734359695
734361854
734362374
734362418
734362932
734363225
734363253
734364730
734364819
734364917
734366765
734369682
734369746
734371082
734372014
734376022
734376100
734377447
734377970
734378428
734379751
734379986
734381726
734382485
734382884
734386004
734386641
734387167
734387473
734387556
734388604
734388622
734388751
734389156
734389868
734391652
734391716
734392851
734393231
734394187
734394382
734395414
734395924
734395948
734396127
734396456
734396683
734397509
734397845
734398127
734398428
734398553
734399777
734400622
734401089
734402330
734402514
734402525
734403002
734403317
734403539
734404166
734404634
734405939
734408135
734408915
734408956
734409956
734410014
734410298
734411683
734411839
734411896
734412147
734413009
734413366
734414453
734415115
734415279
734415365
734415613
734416044
734416868
734416956
734417146
734418271
734418603
734418699
734419008
734420309
734422660
734422823
734422969
734423599
734423656
734424363
734424892
734425395
734425577
734426195
734426336
734427325
734427746
734428076
734428208
734428355
734428587
734429228
734430196
734430214
734430537
734430959
734431102
734431266
734433147
734433311
734433422
734434158
734437156
734437171
734437998
734438442
734438699
734439327
734441302
734441862
734441945
734442546
734442616
734442843
734443038
734443139
734444648
734446530
734446652
734447295
734448782
734448917
734449329
734449461
734449727
734450239
734451309
734451389
734452613
734452741
734452908
734453361
734453482
734454417
734454689
734455498
734457205
734457331
734457392
734459570
734463383
734466376
734466635
734466980
734467709
734469265
734470274
734471205
734471296
734473038
734476762
734477053
734477095
734477458
734479060
734479690
734479793
734480049
734481512
734482942
734483286
734483637
734483708
734483860
734483957
734484664
734485929
734486240
734486398
734486681
734487314
734487497
734487849
734488103
734488977
734489473
734489877
734490886
734491208
734491246
734491587
734492030
734492761
734493118
734493164
734493259
734493935
734494041
734494519
734494722
734494900
734495158
734495862
734496189
734496385
734497223
734497762
734498675
734498937
734499622
734499672
734499730
734499876
734500197
734500278
734500895
734502233
734502284
734502491
734502493
734502996
734503308
734503658
734504055
734504648
734504675
734504769
734505477
734505734
734506360
734506980
734507387
734507459
734507696
734508299
734508486
734508641
734508738
734509406
734509692
734510115
734510237
734510317
734510575
734510600
734510723
734511113
734512601
734513557
734513774
734514037
734514653
734515505
734515655
734515720
734515801
734516119
734516740
734518244
734518500
734518531
734518725
734519256
734519907
734520466
734520706
734520723
734520877
734520909
734520998
734521002
734521404
734521675
734522016
734522226
734523097
734523351
734524364
734524994
734525310
734525661
734525969
734526149
734526481
734526567
734527279
734527743
734528574
734529304
734529397
734530459
734530542
734530812
734531084
734531838
734532593
734532772
734532863
734533700
734534593
734534627
734536371
734536488
734536579
734536708
734536834
734536836
734537197
734537829
734544060
734544175
734544452
734544655
734544960
734545039
734545532
734545603
734545693
734546066
734546233
734546572
734547036
734547291
734547383
734547898
734548036
734548596
734548784
734549109
734549828
734549917
734550264
734551189
734551330
734551346
734552406
734552473
734552490
734553152
734553154
734554096
734554445
734554480
734555437
734557055
734557131
734557358
734557704
734557978
734558328
734558514
734558530
734558603
734558673
734558701
734558730
734559190
734559612
734559651
734559694
734559763
734560444
734560842
734560944
734571092
734596708
734596722
734596925
734597515
734597559
734598120
734598501
734598707
734600130
735145967
735146245
735150314
735150568
735151453
735151588
735151611
735152541
735152634
735152735
735154559
735154904
735155191
735155509
735155671
735155686
735156502
735158362
735158437
735159247
735159888
735161855
735162667
735163409
735163635
735164712
735165476
735165904
735167307
735168281
735168363
735168434
735168450
735168493
735168681
735168783
735169405
735169836
735170085
735171154
735172112
735172189
735172222
735172582
735172596
735173107
735173702
735174184
735174639
735174876
735175285
735176374
735177212
735177332
735178483
735178592
735179055
735179966
735180787
735180799
735181619
735182567
735182597
735182887
735183399
735183875
735183989
735184470
735184493
735184537
735184550
735187009
735187300
735187562
735187767
735188171
735188665
735189147
735189519
735189544
735192197
735192419
735193411
735193509
735193891
735193908
735193989
735195449
735195791
735195792
735196167
735196479
735197691
735197822
735197914
735197978
735199432
735199716
735201171
735201208
735201284
735201668
735202165
735202417
735202489
735202627
735203412
735203982
735204095
735204743
735205760
735205794
735206213
735207475
735207810
735209983
735215104
735215298
735216023
735219142
735219685
735222399
735222505
735222830
735222982
735223742
735224026
735224116
735224219
735224431
735224450
735224840
735224881
735225251
735225869
735228223
735228444
735228956
735231914
735232171
735233650
735234346
735234639
735235818
735236305
735237596
735238124
735239994
735242263
735245435
735246546
735247270
735247343
735250647
735252300
735254106
735258127
735258226
735258569
735258570
735262739
735265176
735268846
735276944
735286490
735287147
735287154
735287257
735290508
735293771
735302749
735303522
735306934
735308965
735322179
735322182
735322829
735326128
735337439
735338253
735355683
735356014
735356300
735356837
735356914
735357649
735362903
735369071
735369126
735369235
735369498
735371231
735375337
735375357
735376557
735376930
735377028
735378454
735379619
735380336
735383627
735384393
735384537
735385515
735393327
735399457
735400632
735414951
735418476
735420746
735427977
735442260
735444137
735446154
735447837
735450589
735453310
735460530
735463825
735467713
735469198
735471074
735471221
735473180
735483559
735487443
735489466
735491690
735508793
735512470
735515822
735534070
735539025
735541473
735542054
735557435
735563247
735564040
735566013
735567462
735569122
735571601
735575092
735584898
735587217
735587515
735588522
735588818
735589627
735589773
735591132
735593249
735593286
735593456
735593953
735595509
735596216
735597182
735597713
735599397
735601080
735601224
735602048
735602914
735603956
735608209
735609793
735610850
735612304
735624005
735636312
735643192
735644991
735645069
735646072
735646645
735646697
735647722
735665555
735668345
735675631
735693060
735698579
735704385
735705415
735705938
735706336
735706772
735708326
735712908
735714275
735718361
735720110
735723481
735727908
735729064
735730776
735733457
735750406
735757070
735765548
735781433
735785906
735788153
735789352
735798818
735803503
735808489
735811384
735820178
735820817
735823796
735829780
735849623
735850829
735854107
735854786
735858140
735859537
735859938
735860015
735861828
735863249
735864712
735866140
735869342
735872084
735873289
735873292
735875557
735886367
735889434
735891069
735897681
735900943
735903420
735903464
735914547
735929220
735933332
735937044
735938199
735944441
735949135
735955623
735964656
735966989
735967827
735972196
735974830
735978768
735979249
735979536
735984894
736001591
736001651
736002919
736005856
736007393
736009178
736012462
736016153
736018162
736019115
736023283
736026126
736027091
736030731
736033078
736033101
736038500
736042048
736047988
736048001
736048844
736050257
736050988
736051234
736055372
736056489
736057551
736066988
736069274
736074263
736074924
736075848
736077915
736079051
736086496
736090638
736090896
736091645
736092426
736093389
736095103
736095531
736098187
736105323
736106232
736106760
736110782
736120863
736127231
736134990
736136457
736139866
736140670
736140674
736150099
736153176
736154731
736160226
736165718
736167111
736169103
736170042
736177421
736178893
736180783
736185266
736186769
736187910
736188357
736189093
736191505
736192880
736195053
736197646
736203280
736203433
736203623
736204878
736208168
736208611
736212156
736212850
736213185
736214416
736216622
736217607
736219467
736221069
736224692
736234110
736234488
736235629
736236797
736237479
736241080
736242141
736242332
736244160
736251722
736252651
736253672
736254734
736260229
736261917
736264649
736268702
736271941
736272492
736273108
736274742
736279492
736279696
736280082
736281222
736285450
736285907
736288326
736291070
736291363
736291400
736291409
736293265
736293855
736293981
736297099
736297741
736301153
736301896
736310357
736312589
736316342
736317139
736318237
736327584
736333527
736336440
736345671
736349014
736349815
736353636
736360260
736362134
736362218
736362778
736362864
736363265
736367556
736369187
736372790
736372828
736372947
736373287
736373916
736386977
736388663
736393458
736398297
736401767
736407594
736409801
736410535
736411475
736411564
736413959
736414493
736418199
736419617
736421541
736423902
736424639
736426162
736426181
736426282
736426466
736426772
736428684
736429743
736430565
736431759
736431988
736432707
736435147
736435466
736435467
736437148
736437531
736437607
736440840
736443646
736449749
736450980
736451698
736451999
736452015
736452069
736456087
736459255
736461338
736464829
736476600
736478382
736478633
736479001
736479880
736492846
736504180
736518864
736519836
736523055
736533892
736537104
736540563
736540731
736544881
736545495
736546506
736547216
736548118
736548232
736555521
736558248
736582222
736583161
736584668
736585334
736587751
736588214
736589400
736590952
736592249
736592374
736592735
736592934
736595224
736597476
736601093
736601469
736601610
736604388
736605093
736606592
736606954
736607850
736614648
736616600
736617286
736617999
736629856
736630359
736632845
736637520
736637549
736639638
736740830
736741225
736784127
736793518
736800852
736806434
736808537
736811362
736813913
736819181
736823377
736827018
736828042
736829112
736833750
736835437
736835707
736843876
736846885
736849078
736850146
736861496
736862014
736863627
736865668
736865720
736866689
736879199
736890397
736894807
736904326
736906401
736917779
736917991
736935912
736939384
736939486
736940169
736940240
736941827
736942346
736942640
736943162
736945251
736947179
736948843
736950241
736951521
736951579
736951673
736953780
736956171
736957048
736957828
736959527
736960085
736961040
736961160
736961653
736962550
736962604
736962705
736963684
736964085
736964113
736964254
736964827
736965245
736965499
736967150
736969319
736970388
736971751
736972006
736972413
736974224
736974310
736981677
736983966
736984099
736984547
736987188
737010393
737029686
737031128
737035457
737038267
737040481
737044145
737045417
737046539
737046844
737053761
737054142
737056427
737056520
737057047
737060020
737061180
737067448
737069493
737071231
737073748
737075206
737079789
737081034
737084923
737091253
737095229
737097923
737098419
737099545
737099775
737102916
737105139
737111913
737124002
737125138
737125863
737126700
737127441
737128378
737131335
737133692
737134113
737134362
737135854
737135975
737139078
737139285
737140135
737142327
737143426
737144405
737148283
737148829
737149878
737150639
737151454
737151795
737152794
737152844
737153267
737154121
737154519
737154910
737155232
737156470
737158261
737159821
737161650
737162013
737163280
737163993
737164778
737165903
737167048
737168120
737169325
737169381
737170505
737170510
737171476
737171946
737172681
737173179
737176917
737177848
737178049
737185905
737187582
737189818
737195258
737198253
737204556
737208262
737209287
737210864
737211559
737215030
737216890
737217916
737219602
737220668
737223987
737224483
737226072
737226204
737227728
737230531
737233841
737239146
737239616
737239828
737243341
737244280
737244728
737245192
737246632
737247721
737247959
737248999
737249189
737249783
737251524
737251862
737252018
737252597
737253112
737253725
737253837
737254712
737254948
737255691
737256127
737256978
737257327
737257516
737257729
737257748
737257883
737258621
737259075
737259581
737259831
737261795
737261824
737262505
737263066
737263352
737263598
737264197
737264229
737264876
737264926
737264989
737265162
737265313
737265364
737265367
737265405
737266646
737266925
737267477
737267528
737268495
737269094
737269137
737269197
737270148
737271493
737271839
737272198
737272494
737272616
737273222
737273235
737273552
737273615
737273626
737273781
737274942
737275274
737275573
737276564
737277131
737277425
737278754
737279069
737280499
737282708
737285984
737285991
737287152
737290161
737290324
737292010
737293921
737294074
737295064
737295385
737295393
737295953
737296958
737297264
737298815
737298967
737299680
737300866
737301049
737303355
737306318
737306626
737306953
737307963
737308804
737310518
737310991
737311021
737311088
737312970
737313035
737313051
737313552
737315017
737316464
737316702
737316879
737317366
737317378
737318426
737318518
737318526
737319237
737319430
737319717
737320375
737320592
737320802
737323101
737323199
737323624
737323753
737324370
737324472
737324606
737325459
737325577
737326096
737326362
737326833
737327260
737327434
737327581
737327647
737328043
737328126
737329349
737329567
737330499
737330617
737330999
737331483
737331592
737332920
737333381
737334010
737334958
737335572
737335683
737335816
737335929
737336388
737336413
737338054
737338148
737338750
737339362
737339425
737339556
737339943
737339955
737339978
737340330
737340499
737340951
737341054
737342516
737343696
737343909
737344976
737345018
737345076
737345285
737345833
737348082
737348681
737349101
737349782
737350255
737350280
737351280
737351374
737351526
737351578
737353746
737354440
737354685
737355024
737355136
737356095
737356734
737357865
737358083
737358089
737358633
737359481
737361009
737361357
737362648
737363274
737365188
737365936
737366354
737366462
737367290
737367519
737368917
737369481
737369725
737369807
737370695
737371006
737372181
737372694
737372792
737372828
737373043
737373072
737374374
737375112
737375445
737375580
737375711
737375749
737376826
737376910
737376921
737377403
737377499
737378155
737378157
737378436
737379225
737379811
737380556
737380895
737381266
737382051
737382217
737382614
737382934
737383274
737383500
737383884
737384291
737384388
737385086
737385302
737385469
737388540
737390319
737391671
737392210
737392345
737392753
737394231
737394621
737395651
737396097
737396162
737396556
737396657
737397964
737398019
737398368
737398889
737399430
737401242
737401309
737401441
737402993
737403115
737403664
737404424
737404600
737405087
737405807
737406048
737406160
737406227
737406777
737406958
737407801
737408012
737408729
737409298
737409479
737410053
737410156
737410445
737410729
737410941
737410990
737411521
737411885
737412175
737412712
737412877
737413032
737413081
737413214
737413297
737414071
737414151
737416006
737416332
737416497
737416591
737416998
737417096
737417109
737418160
737418443
737418500
737419718
737420019
737421008
737421409
737421632
737422376
737423531
737423890
737423918
737424030
737424446
737424824
737426100
737426171
737426459
737426780
737426914
737427815
737428625
737429138
737429634
737429681
737429747
737430334
737430772
737430775
737430963
737432480
737432551
737432571
737433394
737433720
737434101
737435010
737435093
737435475
737435872
737436246
737436822
737437575
737437708
737438586
737438802
737439923
737440538
737440684
737442092
737442373
737442802
737443687
737444181
737444360
737445625
737446200
737446564
737446566
737446619
737446633
737446779
737447094
737447182
737447229
737448100
737448110
737448340
737449132
737450131
737451057
737451427
737451860
737452522
737452853
737453376
737453864
737454266
737454832
737454918
737455602
737456756
737456795
737456927
737457250
737457483
737458368
737458531
737458905
737458930
737458963
737460219
737461080
737461953
737462592
737464261
737464322
737464699
737464853
737464942
737465313
737465487
737465841
737465901
737466128
737466330
737466445
737467010
737468244
737468342
737468972
737469278
737469550
737470154
737470610
737470660
737471155
737471291
737472445
737473097
737473262
737473742
737473743
737473774
737474021
737474192
737475669
737476272
737476408
737477026
737477123
737477349
737477750
737477944
737478094
737478419
737478443
737478980
737479410
737479430
737479563
737479801
737480897
737481194
737481282
737481988
737482387
737482923
737483742
737483743
737486269
737487040
737487350
737488885
737489585
737490590
737490717
737490894
737492358
737492548
737492561
737493967
737494240
737494900
737495427
737495726
737495811
737495943
737496477
737496608
737496847
737497086
737498328
737498717
737498778
737499351
737499486
737500061
737500213
737500566
737500603
737500851
737500893
737501676
737502250
737502778
737503011
737503230
737503955
737504055
737504221
737504546
737505266
737505648
737505724
737505861
737506760
737507373
737507739
737508602
737509068
737510611
737511096
737511524
737511710
737511818
737511869
737512209
737512224
737512565
737513270
737513339
737515398
737516225
737516241
737516352
737516513
737516948
737517155
737517667
737517689
737517709
737518722
737518971
737519330
737519936
737520622
737520829
737521192
737521278
737521697
737523028
737523442
737524965
737526939
737526954
737528749
737529080
737529103
737529332
737529394
737529548
737529638
737529728
737529871
737530657
737531155
737531583
737531775
737532521
737533560
737533611
737534079
737534133
737534318
737535313
737536099
737536214
737536303
737536657
737536690
737536787
737537256
737538151
737538739
737539634
737540035
737541612
737542378
737542420
737543991
737544553
737544695
737545058
737545693
737545960
737546693
737546862
737546901
737548214
737548853
737548956
737549091
737550257
737550548
737550684
737551092
737552173
737552280
737552444
737553587
737553615
737553924
737554058
737554145
737554763
737554811
737555352
737555392
737555552
737555605
737556187
737556481
737556646
737556652
737556653
737556672
737557193
737557427
737559084
737559671
737561712
737562123
737562486
737562632
737562791
737563210
737563651
737564157
737564387
737566706
737571025
737572270
737572432
737573552
737573657
737573931
737574617
737576148
737576324
737576570
737576938
737590581
737591320
737591475
737593250
737594259
737594361
737594977
737595236
737595314
737595356
737595441
737596001
737596339
737597363
737598095
737599011
737599180
737599886
737601139
737602534
737602729
737603274
737603514
737603705
737605506
737605705
737605771
737605943
737609476
764519409
764520211
764525105
764526289
764526497
764527181
764532894
764534797
764541456
764544684
764544870
764545198
764545486
764546805
764547076
764548757
764549476
764549776
764552073
764552411
764552693
764555221
764555315
764556274
764556439
764556440
764556907
764557193
764559790
764560311
764560862
764560928
764560988
764561241
764561281
764561439
764562059
764562810
764570458
764570533
764571324
764571481
764572112
764572423
764574276
764574710
764574747
764574849
764575197
764580984
764581493
764582453
764582460
764591822
764592266
764593953
764595622
764596062
764597632
764597987
764598403
764599677
764599868
764600906
764601107
764601682
764601900
764602633
764602788
764603171
764603588
764604099
764604212
764605006
764605301
764608630
764608671
764608952
764609968
764610068
764611024
764612333
764613464
764614248
764615000
764615741
764615760
764616161
764617185
764617511
764617703
764618265
764618848
764619009
764620014
764620407
764620770
764621244
764621760
764622886
764623110
764625619
764627186
764627861
764628367
764628435
764630396
764630945
764631545
764632069
764632456
764633086
764633122
764633809
764634769
764635429
764635531
764635551
764636274
764637439
764637910
764638256
764638324
764638903
764639693
764641832
764642422
764642848
764644351
764644845
764644864
764645296
764646049
764646948
764647107
764647200
764647946
764648155
764648429
764649548
764649816
764650584
764650729
764650795
764652077
764654039
764654144
764654330
764656290
764657856
764658863
764659442
764659752
764659754
764661066
764661182
764662817
764663229
764667921
764668174
764668424
764670488
764670614
764671399
764673892
764674210
764674565
764675085
764678059
764679018
764680292
764680528
764680755
764680930
764681526
764681649
764683075
764683246
764685478
764686300
764686538
764687167
764688249
764688549
764688688
764689415
764690306
764690373
764690604
764691659
764691737
764692378
764694596
764695585
764696097
764696703
764697324
764699435
764700355
764700715
764701483
764703072
764703198
764704120
764705207
764705319
764705563
764706798
764708190
764708261
764709953
764710243
764710410
764711524
764711793
764714175
764714304
764714388
764715380
764716119
764718065
764719304
764719558
764719836
764721169
764721960
764722001
764722049
764723837
764724598
764724997
764726040
764727314
764729098
764731813
764732487
764733565
764734430
764735184
764735331
764737904
764740203
764742142
764742208
764742299
764742754
764744015
764745179
764745866
764747588
764748206
764748794
764748988
764751788
764752068
764752926
764753238
764753524
764754239
764754333
764756448
764757004
764757260
764758153
764759624
764760107
764760375
764761043
764762328
764762849
764763650
764763810
764764022
764764738
764765085
764765803
764768749
764769424
764770198
764771015
764771304
764771394
764771500
764771763
764772878
764773236
764773264
764776624
764777250
764777404
764777514
764777548
764779157
764780314
764780316
764781942
764782125
764783594
764784318
764785973
764788060
764788194
764788253
764788713
764789059
764789605
764791245
764791812
764791845
764791974
764794102
764794952
764796566
764798214
764798509
764799692
764799955
764800418
764800499
764801046
764801896
764802114
764802862
764803044
764803190
764804389
764804620
764805182
764805212
764805394
764805944
764807021
764807271
764807835
764807943
764810296
764810923
764811295
764811362
764812138
764813127
764813986
764815265
764820007
764820018
764821331
764821797
764823519
764824430
764825054
764827272
764827845
764829473
764831411
764832563
764832731
764833074
764834600
764835131
764837969
764838033
764838226
764838399
764838744
764839427
764839443
764840777
764841311
764841602
764841955
764842727
764843423
764844291
764844688
764845257
764846833
764847763
764848733
764848826
764850011
764850391
764850691
764851495
764851691
764852534
764852741
764852832
764853773
764854790
764855221
764856349
764856701
764856889
764858464
764858506
764858587
764859173
764859416
764859920
764861569
764862281
764862452
764863006
764863544
764864051
764864432
764864941
764865550
764867510
764867754
764867843
764867955
764868586
764869608
764870163
764871487
764872524
764872582
764872626
764873496
764876021
764876147
764876349
764878147
764878501
764878956
764879143
764880929
764880993
764883056
764883310
764883444
764884372
764886069
764886559
764886579
764886580
764886879
764887553
764890358
764890566
764890927
764891634
764891752
764892012
764892197
764892790
764894573
764894916
764895364
764895485
764895908
764896487
764898278
764898441
764898471
764898841
764899117
764899164
764900185
764900622
764900869
764901279
764901381
764904653
764905363
764905728
764906055
764906572
764906937
764907260
764907420
764907583
764908080
764909429
764910640
764910792
764910848
764911491
764912284
764912362
764914663
764914934
764915215
764915525
764915540
764915852
764915954
764916624
764917323
764917742
764918092
764919265
764919593
764919692
764920223
764921808
764922718
764924701
764924775
764925188
764925514
764927019
764927731
764928274
764929447
764930245
764931216
764933499
764934935
764936229
764937291
764937983
764938664
764938732
764938857
764941177
764941703
764942390
764943859
764945646
764946279
764946750
764946853
764948460
764949213
764949895
764950019
764950092
764950452
764950963
764951348
764951600
764951944
764952058
764953220
764953482
764954614
764955663
764955746
764956219
764956243
764957059
764957314
764958601
764958608
764958705
764959504
764961111
764961720
764962880
764964032
764964310
764964750
764965914
764965954
764966105
764966501
764966889
764967711
764968261
764968539
764968808
764969380
764969864
764970392
764971776
764972460
764972841
764973190
764973237
764975443
764975675
764976021
764978815
764980562
764981114
764982228
764983922
764983959
764984211
764987736
764988033
764990122
764990866
764991434
764991960
764992441
764992459
764993366
764993922
764993985
764994391
764998098
764999456
764999802
765000132
765000326
765000774
765001215
765001416
765003037
765003531
765003817
765004881
765005094
765007274
765008668
765009890
765010584
765011982
765012710
765013548
765016386
765017397
765018117
765020885
765021503
765023475
765024137
765024742
765024923
765025776
765029759
765030357
765031041
765031967
765032028
765032752
765032921
765033217
765033369
765033503
765033987
765034103
765034238
765034482
765037045
765037765
765037793
765038536
765038734
765038854
765039808
765040117
765040493
765040814
765042131
765044402
765044640
765046309
765046571
765047713
765049800
765050428
765051789
765053089
765053266
765053815
765054148
765054375
765054416
765055143
765055933
765056084
765057177
765058380
765059220
765060396
765063643
765063772
765064177
765064344
765065050
765065238
765065554
765065806
765065911
765066209
765067347
765067690
765068512
765068821
765069015
765069284
765070117
765070364
765073214
765073989
765075045
765075838
765077285
765078787
765079342
765081915
765083604
765083887
765084167
765084172
765084651
765085135
765086329
765086765
765090276
765090559
765091563
765092853
765092974
765093209
765094128
765095478
765096274
765096316
765096458
765096627
765098020
765098740
765101521
765102131
765103501
765103570
765104132
765104227
765104599
765105069
765105073
765107033
765107167
765107317
765108428
765108796
765109204
765109356
765110129
765110182
765111130
765111716
765111718
765111928
765112393
765112707
765114195
765114302
765114456
765114654
765114886
765118044
765119900
765120040
765120292
765120472
765121147
765121196
765121738
765122937
765123157
765124719
765125250
765125404
765126166
765127462
765128622
765128956
765130353
765132740
765132832
765133565
765133717
765134399
765134750
765135747
765137000
765138221
765140248
765140342
765140876
765141172
765141536
765141564
765143301
765143382
765143811
765144632
765146356
765147970
765149117
765149181
765151642
765152408
765152907
765153147
765153723
765153908
765153957
765154923
765156052
765157875
765158115
765158428
765159035
765159856
765159977
765160500
765162295
765162424
765162575
765163105
765163846
765165455
765166221
765166672
765167329
765167986
765168052
765168430
765168734
765170198
765171028
765171114
765171759
765173738
765174849
765175983
765176487
765179991
765181412
765182494
765182926
765183089
765183548
765183591
765184305
765184462
765184724
765185553
765185703
765185824
765186076
765186155
765186601
765186987
765187215
765187278
765187932
765188155
765188245
765190582
765192976
765193336
765194406
765194910
765195274
765195974
765196136
765196257
765196649
765198267
765198387
765198625
765199440
765200101
765200556
765200858
765201677
765201927
765202519
765202526
765203734
765205723
765207264
765207801
765207990
765208081
765208272
765208568
765209266
765210307
765210939
765211507
765211612
765213755
765213851
765214350
765214782
765214929
765216364
765217199
765217414
765217644
765217787
765217855
765218990
765219516
765219781
765220268
765220636
765221237
765222268
765223296
765223910
765225612
765225759
765225985
765226239
765226989
765227916
765228585
765228720
765228967
765229508
765230072
765230086
765230791
765231154
765232923
765234002
765234760
765235123
765236132
765237259
765238043
765238074
765238219
765238526
765238850
765239797
765240738
765241775
765241904
765243237
765243299
765243972
765244174
765246645
765248972
765249285
765250340
765250389
765251166
765251777
765252021
765253080
765253081
765253392
765253556
765253627
765254853
765255653
765256631
765256695
765256793
765257939
765258678
765258790
765258996
765259064
765259263
765259600
765259601
765259828
765260145
765260179
765260385
765260739
765261009
765261907
765261971
765262730
765263528
765265238
765265850
765266341
765266417
765266455
765266664
765267543
765269099
765270028
765271139
765271334
765271367
765272865
765273237
765273494
765274259
765274427
765274784
765274912
765275337
765275427
765275603
765277319
765277555
765277823
765278838
765279571
765279891
765279942
765280172
765280541
765280996
765281828
765281855
765282307
765282549
765283398
765284941
765285609
765285999
765286484
765287362
765287702
765289055
765289793
765289958
765290120
765290379
765290420
765290905
765291181
765291709
765291837
765292344
765292856
765293990
765295798
765297067
765297253
765297772
765298079
765298128
765298218
765298235
765298239
765298771
765298784
765299423
765299724
765299747
765300087
765300135
765300868
765302462
765303369
765303596
765304004
765304952
765305400
765305899
765307173
765307439
765309352
765309855
765310480
765313482
765313625
765314614
765314854
765314972
765315999
765316004
765316640
765317252
765318401
765318885
765318960
765319459
765319738
765320615
765321281
765321298
765321322
765321528
765321529
765322754
765325633
765326273
765326702
765327717
765328120
765328752
765330338
765330437
765332426
765332962
765334873
765335114
765335286
765335987
765336645
765340783
765341472
765342428
765342901
765343749
765343850
765344212
765344570
765344610
765345227
765345260
765345339
765346186
765346632
765346820
765347400
765347716
765348133
765348802
765349552
765354284
765354869
765355713
765355749
765355799
765355803
765355893
765356184
765356210
765356512
765357021
765357039
765371929
765374545
765377194
765377952
765377995
765378204
765378692
765379367
765380454
765380665
765380928
765381060
765381295
765383289
765383722
765384963
765385164
765385304
765386701
765386906
765387479
765404775
765405828
765405900
765406735
765408152
765408182
765408433
765408796
765410122
765410300
765410551
765410943
765411282
765411333
765411459
765412461
765412707
765413903
765414159
765414595
765414721
765415583
765415842
765415940
765416146
765416264
765416710
765416898
765416990
765418161
765418685
765418692
765419211
765419449
765419460
765419691
765419855
765419865
765422415
765422450
765424521
765424910
765425055
765425649
765426794
765427720
765428269
765428337
765428862
765429069
765430287
765430565
765432432
765432777
765433835
765435600
765435803
765436839
765437321
765437989
765439845
765440046
765440589
765441007
765441701
765442046
765442264
765443090
765443629
765444116
765445678
765445896
765445903
765446651
765447354
765448487
765448525
765449172
765449880
765450166
765452380
765453371
765453827
765453851
765453973
765454982
765455759
765456824
765456860
765457424
765457551
765457817
765458423
765460006
765460961
765461686
765462557
765462651
765462717
765463418
765463822
765463864
765463974
765464564
765465564
765466174
765466694
765467080
765467837
765468758
765469490
765470518
765470810
765472480
765472929
765473138
765473629
765473733
765475408
765476880
765478195
765480262
765480291
765480681
765482984
765487455
765487583
765487838
765487850
765488877
765489470
765490689
765491674
765492415
765493001
765493528
765494172
765497393
765498310
765500017
765501081
765504630
765505472
765507701
765509710
765513982
765514471
765514843
765516809
765517200
765517638
765519546
765520494
765524509
765524877
765525673
765526889
765526982
765527775
765529962
765530418
765531057
765531093
765535086
765535130
765538285
765538856
765539154
765539265
765539355
765540304
765541453
765541866
765542044
765542472
765543721
765544854
765547492
765547530
765548482
765548702
765549261
765549834
765550204
765550514
765552126
765553311
765554095
765554324
765554821
765555786
765556010
765556589
765556983
765559629
765560257
765561437
765561932
765563018
765564544
765564614
765565359
765565450
765565765
765565958
765566256
765566310
765567127
765567598
765567855
765569809
765571102
765571164
765571645
765571993
765572158
765572219
765573891
765574275
765575573
765575621
765576866
765577027
765578587
765579770
765580462
765581375
765581768
765581840
765582484
765582578
765583068
765583948
765587066
765587392
765588676
765588794
765588938
765590185
765590317
765591434
765591995
765593137
765594189
765594385
765594773
765594852
765595493
765595893
765596567
765597356
765597389
765598497
765598690
765599252
765600027
765600780
765600892
765603837
765604296
765604517
765604699
765605495
765606311
765606312
765606707
765607531
765607536
765609611
765610734
765611652
765613437
765613793
765614822
765616599
765617865
765620393
765621318
765621683
765621929
765622615
765622966
765624283
765625135
765625190
765625810
765626916
765629150
765630374
765631649
765631967
765633556
765634121
765636715
765637726
765638806
765640398
765641178
765641642
765641859
765642143
765642782
765645131
765647391
765647421
765647744
765647803
765648311
765648936
765649689
765650347
765650797
765650951
765652825
765653971
765654683
765654826
765655613
765655773
765656502
765656827
765657297
765657610
765659112
765660841
765661752
765664461
765667954
765669736
765670959
765672830
765673144
765675201
765678309
765678804
765679866
765680257
765680581
765682129
765682634
765684672
765684724
765684973
765685146
765685267
765685704
765685960
765686445
765687125
765689790
765690643
765691203
765691587
765691692
765692361
765693514
765693593
765694984
765695392
765695522
765695700
765695775
765697595
765697652
765713390
765716308
765716396
765717523
765717799
765719280
765719894
765721081
765721856
765722174
765722352
765722918
765723189
765724285
765726121
765726875
765728946
765729000
765729311
765730548
765730823
765732105
765735060
765735351
765736259
765736378
765742207
765755084
765755214
765756222
765758302
765758304
765758548
765758558
765759358
765760847
765761403
765763304
765763428
765763868
765764156
765764256
765766623
765767354
765768189
765768669
765769253
765770564
765772924
765773357
765773463
765775552
765776739
765778253
765778327
765778955
765781572
765781785
765781973
765782097
765786463
765789105
765789962
765790056
765792175
765793288
765793409
765794579
765794613
765794936
765796452
765797834
765798469
765799722
765800093
765800661
765801070
765801907
765802099
765803674
765804440
765806155
765807022
765807510
765808095
765808400
765808961
765810075
765810344
765813535
765813888
765815179
765817142
765817815
765819963
765819965
765821007
765822174
765822998
765824697
765825521
765826256
765829304
765829903
765830368
765830808
765831937
765832525
765833471
765835114
765835722
765836941
765838373
765842791
765843576
765843798
765844924
765846633
765847766
765848347
765849016
765849333
765849787
765849936
765850014
765850999
765854004
765854523
765856187
765857168
765863719
765868208
765872823
765872919
765872949
765873688
765876248
765876506
765876522
765887750
765889813
765891611
765892074
765902936
765904032
765904118
765905588
765905592
765906808
765908308
765908378
765909976
765910319
765910550
765911835
765911922
765913188
765915560
765917947
765918429
765918862
765920061
765921968
765922167
765924470
765924948
765928393
765928500
765931350
765931777
765932429
765932679
765933789
765933939
765934837
765935282
765935411
765935572
765936331
765939368
765939640
765939950
765941358
765944268
765944596
765946700
765949668
765950280
765950637
765951591
765951858
765952121
765952265
765952661
765953239
765953494
765954084
765954182
765954390
765954520
765954653
765955858
765957242
765965385
765966831
765967050
765969362
765969884
765972615
765974367
765978112
765983854
765983858
765985027
765990625
765990789
765991374
765993403
765994922
765995121
765995773
765996510
765996660
766001541
766002416
766007245
766008419
766008709
766009867
766010973
766011258
766011638
766011782
766012523
766012973
766013399
766014752
766014859
766015347
766016976
766017052
766017331
766017971
766018335
766018365
766018550
766018843
766019448
766020225
766020250
766020645
766020668
766020930
766021297
766023970
766024084
766024146
766024236
766026157
766026440
766027136
766027299
766027393
766027581
766028110
766029063
766029921
766030308
766031701
766031746
766032121
766032228
766033369
766035107
766037102
766037861
766038198
766038562
766039349
766040551
766041688
766043621
766043770
766044315
766046197
766047472
766048080
766048560
766048567
766050198
766050205
766050794
766050874
766051839
766052303
766053959
766054625
766055529
766057275
766057690
766057841
766059024
766059279
766059359
766059415
766059495
766060813
766061772
766062009
766063070
766063754
766063893
766064140
766065077
766065718
766066755
766066766
766066836
766067025
766067295
766067518
766067615
766067636
766068146
766068540
766068560
766068759
766069028
766069885
766070810
766070996
766071701
766071802
766071803
766072225
766072681
766072900
766073121
766073365
766073470
766074299
766074338
766074892
766076096
766076138
766076197
766077359
766077828
766077943
766078571
766078572
766078679
766081094
766081560
766082255
766082404
766082840
766084075
766084165
766084609
766087425
766089004
766090440
766091419
766092424
766092622
766092689
766092725
766092876
766093495
766093993
766094181
766094345
766094500
766095082
766095837
766096119
766096414
766096468
766096950
766097527
766100216
766101677
766101823
766102990
766103056
766103540
766104037
766105806
766106160
766106270
766106424
766107235
766107756
766107812
766109151
766109264
766109880
766110097
766110144
766110512
766110872
766112893
766113864
766115027
766115338
766115390
766116640
766116733
766117152
766117177
766117557
766118021
766119453
766119751
766119912
766120054
766120157
766120437
766120747
766121026
766121061
766121191
766121554
766121868
766122804
766122851
766123984
766124426
766124442
766125036
766125328
766125531
766127268
766127649
766127704
766129553
766130539
766130597
766130748
766131618
766132125
766132215
766132330
766132502
766132605
766133830
766134697
766134763
766135038
766135934
766135982
766137617
766138266
766138811
766141293
766141315
766142095
766142340
766142891
766143316
766143569
766143691
766143761
766145772
766145773
766145775
766145795
766145940
766146360
766147365
766147663
766148531
766149175
766149797
766150640
766151197
766152247
766152620
766152986
766156568
766156632
766156959
766158405
766158836
766159607
766160054
766160202
766160511
766161128
766161150
766162037
766162754
766163348
766163485
766164142
766164149
766165175
766166917
766167115
766168787
766169771
766169911
766170360
766171697
766172973
766173010
766173808
766173885
766174494
766175099
766175244
766175608
766176298
766177239
766177818
766178739
766179690
766180021
766180864
766181951
766182848
766183681
766184084
766184257
766184395
766185507
766185746
766185770
766185927
766186093
766186289
766186807
766188046
766188656
766188950
766190230
766191244
766191846
766191965
766191986
766192171
766192397
766193234
766193502
766193634
766194898
766195194
766195790
766197657
766197870
766198601
766199147
766200641
766200775
766200964
766201073
766201118
766201148
766201467
766201666
766201779
766204390
766204579
766204863
766205019
766205083
766205664
766206635
766208565
766211697
766212095
766212716
766213237
766213556
766213587
766214402
766214958
766214960
766216692
766217410
766217437
766218132
766218347
766219338
766219971
766220753
766221037
766221088
766221529
766222231
766222304
766222798
766222998
766223038
766223353
766223448
766223491
766223901
766224160
766224234
766224247
766226049
766226067
766226087
766227904
766228629
766229260
766229342
766229996
766230611
766231174
766231379
766232529
766232723
766233543
766235280
766237176
766237426
766238120
766239325
766241019
766241105
766241497
766241606
766243590
766244549
766245002
766245557
766246410
766247254
766247457
766247807
766248037
766251099
766251705
766251943
766252642
766253056
766253725
766254046
766255114
766257010
766258163
766258651
766259156
766259608
766261545
766261583
766261617
766261663
766262565
766264692
766264918
766265260
766266803
766268076
766269296
766270821
766271149
766273296
766273820
766274980
766275347
766275483
766276075
766276084
766276102
766276719
766277725
766281076
766282498
766283278
766283506
766284497
766284867
766284997
766285566
766286045
766286667
766286731
766286810
766287700
766287870
766288174
766288339
766289692
766289956
766289970
766290129
766290568
766290578
766291171
766293393
766295302
766295367
766296354
766296797
766296805
766297855
766297901
766299247
766299791
766300536
766300698
766301193
766301442
766301800
766301896
766301925
766303846
766304423
766304446
766305217
766305809
766307403
766307518
766307559
766307852
766308321
766308480
766308537
766311651
766311694
766312423
766312539
766313106
766313961
766314038
766314144
766314231
766316189
766316633
766319663
766320249
766321693
766321899
766322374
766323294
766324632
766326831
766326845
766327155
766327304
766330897
766331590
766334166
766334327
766335600
766336626
766337311
766337535
766340227
766340481
766341642
766342170
766342421
766343056
766343443
766344509
766346432
766347470
766348530
766352005
766353027
766353481
766354217
766355590
766356166
766356290
766357553
766357894
766358787
766359837
766360374
766362276
766363096
766363668
766368142
766368616
766369806
766370623
766371294
766371587
766372101
766372271
766373108
766373840
766376164
766376370
766377287
766379519
766379931
766380124
766380694
766384718
766388699
766392058
766393986
766395210
766395259
766395607
766396422
766396561
766397601
766397858
766399212
766399434
766400219
766404106
766404700
766406451
766408768
766411821
766412457
766412795
766414600
766415981
766416135
766416406
766418347
766421169
766421556
766421723
766424584
766426473
766426711
766426927
766428298
766430546
766431859
766431991
766432825
766437263
766438552
766438686
766439526
766439604
766439642
766441402
766444265
766445882
766447489
766448206
766448947
766453301
766453838
766454539
766456545
766456732
766456829
766456834
766457206
766460597
766461176
766462357
766468368
766468826
766471532
766475522
766475586
766476486
766476511
766476613
766477240
766479864
766481244
766482897
766487200
766487849
766489246
766492756
766493054
766495016
766495271
766495477
766496628
766497679
766503112
766503867
766504231
766505259
766505546
766505725
766508660
766508754
766509510
766509801
766512731
766513574
766518622
766519559
766522305
766522328
766523970
766524524
766524561
766526697
766527053
766530279
766532976
766538085
766540329
766541711
766541904
766543214
766543461
766544016
766544042
766545230
766546047
766547118
766550721
766554043
766557135
766559261
766560563
766560858
766561287
766563413
766563814
766564737
766565363
766565407
766567300
766571860
766571943
766572457
766573679
766581267
766582001
766583527
766584556
766585663
766587874
766590576
766592449
766595865
766598827
766599097
766599736
766605154
766606699
766608480
766610764
766611817
766612046
766612206
766613098
766613495
766613957
766615194
766615331
766616811
766616830
766617139
766618953
766621046
766621573
766623035
766623477
766623575
766625575
766625784
766626142
766626148
766626630
766627139
766628615
766629745
766632628
766632699
766632742
766633901
766634042
766634449
766635731
766637479
766638672
766638817
766639049
766641105
766641333
766642665
766642666
766642988
766643198
766643219
766643248
766643515
766643550
766644130
766644212
766644308
766644462
766644911
766645047
766646768
766648471
766648706
766651388
766651470
766651573
766652700
766653545
766653554
766654654
766654961
766655038
766655460
766655814
766656902
766658187
766662126
766663353
766664637
766664858
766664866
766665177
766665179
766666739
766667031
766668335
766668572
766669474
766671117
766671743
766672139
766673420
766673635
766674342
766675234
766676691
766677293
766678209
766678795
766681099
766681576
766684232
766684973
766686284
766686622
766687474
766692782
766692996
766693067
766693099
766693505
766694072
766694526
766695873
766696186
766696437
766696992
766697529
766697665
766698782
766699176
766699301
766700060
766700306
766701105
766701267
766701368
766701466
766703125
766705078
766705603
766706575
766706886
766708686
766710590
766710747
766711063
766711076
766714746
766715300
766715520
766718109
766718347
766719130
766720177
766721229
766721302
766721311
766721394
766721584
766721624
766723108
766723281
766725013
766725982
766726440
766726609
766726992
766727647
766727652
766728179
766728600
766728917
766728989
766729979
766730584
766731405
766732626
766732736
766733248
766733612
766733667
766733755
766734968
766736830
766736947
766737371
766737638
766737771
766737949
766742622
766742806
766743326
766745843
766746643
766747185
766747382
766748279
766748648
766749345
766750084
766750307
766752328
766754647
766754779
766755631
766756001
766758376
766758480
766759384
766759509
766759749
766762291
766763639
766765592
766766113
766767530
766767660
766767942
766769650
766770340
766770521
766773457
766773458
766776965
766778825
766779480
766779490
766779825
766780986
766781986
766782167
766782591
766785825
766786379
766786976
766787179
766788232
766788400
766788542
766788810
766791339
766791340
766792791
766795198
766796026
766796662
766799341
766800029
766800166
766800245
766801168
766802946
766804942
766805415
766806369
766807371
766808610
766809678
766810670
766812522
766813588
766815591
766815958
766817721
766818685
766819000
766821817
766824257
766826054
766826055
766826413
766826836
766829360
766831209
766831285
766832252
766832929
766834523
766835639
766835950
766839374
766841120
766842036
766845338
766847153
766848526
766848873
766852292
766853056
766853377
766856312
766860396
766865126
766865416
766865630
766868378
766869493
766872747
766873136
766876761
766877235
766878613
766882513
766883017
766887457
766887527
766889777
766890228
766890556
766890702
766890729
766893376
766894721
766895787
766896522
766897365
766897819
766898510
766898578
766900780
766902440
766902777
766907568
766908284
766908358
766908661
766909378
766910090
766910327
766910525
766914260
766915374
766915592
766916704
766917412
766917833
766917995
766918873
766919748
766921636
766922858
766925054
766926464
766927329
766933134
766936789
766939385
766940000
766943200
766943738
766943765
766944160
766946079
766946887
766947164
766947415
766948651
766949816
766950131
766953011
766953434
766958273
766959935
766959977
766960258
766962800
766963155
766966427
766967043
766969730
766973226
766974647
766976523
766976529
766976587
766978053
766979900
766981027
766983041
766985036
766986436
766986986
766987514
766987799
766990284
766993970
766994257
766994722
766994770
766994951
766995796
766996847
766997343
766998699
766998939
766999710
767001513
767001868
767002539
767006923
767009637
767012266
767012771
767014482
767014770
767014868
767015775
767017136
767017416
767018059
767018819
767019133
767020703
767020869
767021884
767023794
767023893
767023938
767025150
767025208
767026393
767027033
767027568
767027590
767027964
767028275
767029131
767029347
767029742
767030445
767031087
767032075
767032208
767032721
767033497
767033708
767033853
767034261
767034766
767035468
767036614
767036805
767037046
767037627
767040719
767041567
767041602
767042427
767042650
767043833
767043835
767044146
767044407
767044454
767045447
767046135
767046630
767046789
767047947
767048113
767048628
767048808
767049614
767050881
767050965
767050980
767052011
767052191
767052790
767052869
767053520
767054579
767055083
767055821
767055860
767056409
767056992
767057496
767058852
767059416
767059760
767059869
767060146
767060769
767060954
767061064
767061748
767062252
767063010
767063164
767063550
767063823
767063988
767064513
767065355
767065503
767065604
767066563
767066813
767068066
767068170
767069375
767071377
767071746
767071887
767072116
767072220
767072474
767072479
767073017
767073592
767074809
767075634
767075963
767076203
767076639
767076903
767077554
767080205
767080267
767080320
767081642
767082318
767083397
767085361
767086302
767086687
767086983
767087004
767087969
767088007
767088967
767089348
767089574
767090559
767090822
767091811
767092149
767092550
767092616
767092721
767093689
767094800
767095071
767095150
767095176
767095408
767098319
767099117
767099270
767099361
767100317
767100759
767103044
767103133
767103995
767104750
767105840
767105978
767106366
767106724
767106764
767106804
767107132
767108228
767108617
767109594
767110578
767111336
767113718
767114310
767115248
767115340
767120314
767153901
767154548
767155295
767155482
767155486
767155502
767158473
767158580
767158850
767158947
767160550
767161543
767161784
767162527
767162771
767162781
767163298
767166909
767167155
767168600
767169277
767169444
767170631
767171149
767171933
767172044
767172661
767173061
767173313
767173702
767173781
767174567
767174649
767175167
767175175
767175823
767175855
767176429
767176659
767177500
767177579
767177854
767178032
767178690
767178708
767179181
767179678
767179966
767180247
767183735
767184037
767184430
767185019
767185366
767186721
767186864
767187940
767189438
767189904
767189905
767190113
767191571
767192106
767192614
767193620
767194763
767195372
767195622
767197315
767197938
767198128
767198750
767200001
767201058
767204643
767204721
767206244
767208691
767209349
767209918
767210810
767211329
767211745
767212008
767213311
767213922
767214097
767214728
767215355
767216527
767217261
767217614
767218830
767222090
767222595
767222717
767226270
767226804
767227416
767228249
767228259
767228515
767229765
767230113
767230195
767230327
767230865
767231291
767232880
767233200
767233925
767236015
767236308
767236464
767236656
767236876
767237198
767239562
767240775
767241134
767242770
767243563
767244166
767244171
767244373
767244498
767245091
767246681
767246924
767247338
767247530
767247719
767248186
767249164
767249241
767249627
767250340
767250575
767250925
767251032
767251128
767252116
767252222
767253003
767253529
767253840
767253946
767254052
767254518
767256507
767258433
767260139
767260616
767261746
767261807
767266548
767267314
767268359
767269361
767269786
767272467
767272513
767275759
767275940
767276032
767276107
767276223
767276397
767276729
767276745
767276748
767277801
767278446
767278701
767279589
767280112
767283108
767284609
767285557
767286119
767286903
767287600
767287908
767288796
767290278
767290956
767290992
767291398
767292073
767293116
767293419
767294259
767294383
767295753
767295924
767298299
767298958
767301108
767301460
767301519
767303255
767303365
767305218
767305902
767308830
767309088
767310186
767312482
767313897
767316094
767317770
767318566
767319418
767320022
767321732
767323773
767325233
767325302
767328879
767330239
767330941
767333027
767333214
767333888
767333951
767334079
767334848
767338057
767338679
767339892
767340243
767340715
767340862
767341415
767343322
767343426
767344406
767344430
767344928
767346570
767348412
767351047
767351242
767351677
767351962
767353286
767355214
767355222
767355554
767355923
767356698
767359921
767365543
767366832
767370098
767370485
767370512
767372905
767375543
767377620
767378488
767379428
767382501
767383628
767384046
767385696
767386443
767389062
767392379
767392633
767394821
767397863
767401054
767403555
767404930
767406039
767406963
767410071
767410260
767411559
767411703
767411817
767413776
767414498
767415034
767416301
767416531
767418616
767421309
767422152
767422632
767422891
767428035
767429239
767429332
767429362
767431112
767432019
767435302
767438053
767440679
767442777
767443549
767447458
767447685
767448033
767451007
767452012
767453859
767454190
767454511
767456243
767456892
767457998
767459159
767460797
767461291
767462461
767463932
767466168
767467626
767469362
767472035
767472551
767474774
767475510
767476259
767477903
767479297
767479550
767479684
767480409
767481899
767482214
767482746
767484783
767486259
767486697
767491078
767493708
767496355
767497013
767500371
767501875
767503730
767503776
767507095
767508946
767510704
767512359
767515697
767521019
767524202
767526182
767532210
767532564
767536548
767546030
767546879
767547486
767547596
767547842
767549994
767550400
767552621
767553243
767554589
767558099
767558916
767559830
767559907
767560444
767561736
767562330
767564931
767569331
767572304
767575595
767583655
767585904
767586774
767587419
767588396
767590555
767590594
767590770
767591068
767591442
767592301
767595054
767596124
767596837
767598063
767599475
767599716
767601314
767601724
767601836
767602161
767603638
767604071
767604142
767604240
767604642
767606053
767606065
767606474
767610141
767611666
767612548
767613121
767613519
767613549
767613601
767614433
767614687
767616721
767617688
767621105
767624658
767625394
767625912
767628347
767629703
767632716
767632800
767632934
767633217
767633823
767634035
767634293
767634966
767635379
767635588
767637525
767637852
767638850
767639317
767639962
767641283
767641858
767642225
767642247
767644893
767645963
767647486
767648881
767649463
767651378
767654394
767655028
767656264
767658330
767658620
767659419
767660713
767752968
767753178
767754103
767755915
767756236
767757891
767759654
767761326
767762258
767762670
767762884
767763219
767765040
767766212
767766826
767767810
767767855
767769881
767772041
767772052
767772248
767772445
767774710
767774985
767775656
767779985
767782967
767783805
767784412
767784879
767786765
767786828
767787850
767788228
767788306
767791314
767791327
767795643
767795831
767799124
767799623
767801645
767804210
767806662
767816375
767817065
767817505
767819252
767819965
767822773
767823161
767825924
767826960
767830128
767830602
767845974
767852339
767852809
767856943
767856961
767857424
767860002
767860863
767862936
767869391
767869425
767881905
767886212
767886933
767886939
767891191
768057191
768060253
768061021
768065421
768065529
768066873
768068509
768068618
768069153
768069974
768073887
768076022
768082009
768082656
768084270
768090051
768090695
768091625
768102835
768109722
768110588
768111066
768111323
768116497
768116529
768118249
768121027
768122771
768124241
768127566
768127865
768128205
768128823
768130041
768133044
768137812
768143942
768144214
768149068
768149517
768152374
768158431
768158521
768159751
768166588
768166801
768172119
768176200
768176677
768185304
768185312
768186214
768188908
768195216
768195997
768200400
768201634
768202966
768204482
768207360
768224510
768232770
768237430
768242270
768244874
768251305
768252382
768253722
768260559
768262100
768263085
768263127
768264144
768264770
768267709
768269912
768272130
768274823
768277682
768279717
768286778
768287115
768287788
768288333
768288670
768289559
768291894
768294842
768307308
768310019
768310730
768311080
768311432
768311527
768315071
768319297
768321616
768321646
768321696
768321967
768325130
768329639
768329658
768330809
768331630
768332552
768332778
768334115
768337359
768340269
768342721
768343174
768344849
768352243
768357339
768358280
768365796
768368140
768371136
768379249
768379623
768386291
768391434
768394382
768398078
768399294
768401684
768402263
768402815
768406523
768407892
768411662
768412326
768414082
768417747
768421348
768424686
768424726
768425757
768430552
768434451
768434850
768434973
768442081
768444532
768448197
768452672
768456087
768461263
768461834
768463578
768464354
768465723
768466312
768467547
768471343
768471376
768472125
768475086
768482584
768482717
768484179
768486257
768489265
768495879
768499011
768519824
768524345
768524423
768524934
768528169
768530240
768530848
768534311
768535531
768535611
768539157
768541623
768544213
768557833
768566772
768569349
768569530
768579067
768579379
768581724
768584906
768586485
768589878
768591949
768592282
768593178
768596353
768597516
768599488
768599515
768601400
768601462
768606496
768606563
768610317
768613018
768622545
768627629
768629446
768630038
768630819
768631937
768632835
768636602
768638044
768641031
768643241
768645153
768645616
768646528
768646619
768648273
768649475
768649888
768649905
768654934
768660516
768669817
768670485
768671896
768672487
768685526
768685859
768686502
768694299
768694396
768700838
768703428
768707279
768715513
768722141
768726397
768727172
768728806
768729709
768730557
768734817
768737829
768738986
768739613
768751023
768751114
768751968
768752020
768763961
768767355
768767808
768767922
768767945
768771537
768771973
768773612
768774074
768780795
768782618
768784603
768785244
768787362
768790387
768792404
768793348
768794339
768797065
768804684
768805354
768805971
768806201
768810182
768811353
768815264
768815691
768816375
768816724
768817154
768817638
768817893
768819330
768823413
768823972
768824557
768825286
768826639
768828938
768829859
768831804
768832076
768832907
768833017
768834221
768837499
768839046
768843649
768844169
768844655
768845319
768847075
768848446
768850128
768851491
768852697
768854577
768858516
768858827
768859003
768863383
768869184
768871667
768872236
768873032
768873096
768874222
768874958
768876528
768876712
768877936
768877984
768879226
768881710
768885413
768888805
768893612
768895123
768900869
768904069
768904083
768904942
768905312
768907370
768907470
768912175
768913138
768913572
768915626
768917000
768920042
768926699
768926881
768927182
768929279
768930409
768939930
768945230
768951776
768954011
768954333
768959336
768960304
768964212
768965710
768968889
768969675
768975949
768986488
768988848
768988855
768992549
768999516
769002986
769004030
769005347
769010331
769010652
769013431
769014067
769020930
769024053
769029056
769029139
769033440
769038155
769040399
769042719
769043267
769044140
769047747
769050962
769057283
769064680
769069682
769070751
769070760
769072724
769074324
769075639
769076201
769077743
769077848
769080904
769083604
769085347
769088443
769091170
769092466
769095690
769095828
769098018
769102628
769103521
769106893
769108608
769109470
769110069
769113024
769121792
769123588
769125879
769125969
769131109
769134174
769134365
769135872
769136040
769139448
769140883
769143522
769145076
769145887
769146764
769146829
769155769
769156700
769157164
769165713
769170963
769174250
769183537
769185043
769185780
769201727
769204212
769207593
769211367
769213234
769214848
769218246
769224213
769231253
769233201
769236797
769237074
769237169
769237471
769238063
769245279
769249757
769264190
769270498
769274018
769274364
769275720
769276671
769279265
769283638
769289317
769290160
769294174
769296260
769296576
769300853
769307447
769307645
769313062
769315260
769316549
769322329
769326288
769330150
769335142
769335175
769340386
769340612
769343059
769346386
769353595
769357822
769361840
769362493
769363602
769366961
769371526
769375892
769376568
769378944
769395770
769399200
769399637
769399703
769401008
769402082
769411043
769422071
769422924
769425260
769426604
769430036
769436394
769436645
769439236
769441385
769441633
769443409
769445826
769446810
769447153
769448299
769450575
769451142
769451881
769461698
769462249
769464878
769470135
769472503
769472664
769475224
769478639
769479629
769481269
769492619
769493482
769496221
769497264
769498253
769498790
769500938
769505327
769505567
769506371
769516617
769518703
769518946
769520182
769521978
769522404
769544329
769546319
769552896
769554357
769557729
769828041
769832939
769836577
769843774
769844083
769848963
769859939
769860140
769869223
769870272
769873541
769873687
769876945
769880475
769882564
769884502
769895235
769903502
769903710
769904162
769905974
769907396
769909833
769911812
769912541
769914770
769916246
769916697
769919724
769923657
769923901
769925020
769934557
769937905
769967841
769968576
770017758
770025289
770026884
770028646
770035342
770049147
770050502
770052911
770055928
770070924
770073135
770074136
804784461
804785051
804785570
804785677
804786577
804787634
804789899
804792808
804793705
804793846
804795087
804796499
804796755
804796799
804797789
804798031
804799304
804802786
804802869
804803088
804804602
805099457
805099646
805100147
805100888
805101208
805101606
805102037
805102638
805110916
805111573
805115548
805115985
805155074
805175029
805175692
805176306
805176698
805176785
805176838
805177359
805178643
805178649
805178979
805179591
805179676
805179951
805180149
805180284
805180343
805180537
805182268
805185128
805185760
805186307
805186869
805187828
805188277
805188736
805189244
805190301
805190589
805190654
805190976
805191474
805192494
805193239
805193242
805194156
805194972
805197797
805199199
805199275
805199689
805199813
805200189
805201520
805202308
805202637
805202958
805203477
805203888
805203910
805204314
805205040
805206919
805207286
805207743
805208205
805208922
805209974
805210239
805211889
805212245
805212437
805212611
805214137
805215900
805216022
805216718
805216851
805216882
805217188
805217385
805218639
805219344
805220533
805220804
805222141
805222330
805222709
805226447
805227132
805232433
805233257
805236083
805236549
805237413
805238633
805239349
805239352
805241209
805241501
805245565
805246171
805246226
805246562
805247496
805247497
805247814
805248290
805250365
805250925
805251072
805251651
805251665
805252440
805252548
805253224
805255710
805255723
805255787
805256343
805258140
805259910
805260343
805260518
805260952
805261491
805262130
805263297
805264050
805264345
805264460
805264753
805266193
805266230
805266403
805266449
805267415
805267582
805268338
805269324
805271441
805271468
805420174
805426397
805426474
805427531
805427745
805428027
805432233
805433009
805433075
805433182
805433638
805433743
805446551
805451427
805451475
805451524
805451839
805453586
805454094
805454317
805454544
805456725
805457255
805458780
805461930
805463044
805463502
805463874
805464356
805466778
805468242
805468672
805468874
805470135
805470427
805470721
805471047
805471459
805471850
805473407
805475508
805475814
805475999
805476520
805476684
805477264
805478413
805479136
805481268
805482862
805483231
805526352
805526401
805526794
805527027
805528497
805530578
805531777
805533421
805533727
805534094
805534599
805535198
805535225
805535793
805535943
805536065
805536314
805537336
805538922
805539621
805540167
805541702
805542369
805543248
805543733
805544698
805545166
805545191
805545301
805545630
805546831
805548650
805549298
805549787
805549868
805549887
805550514
805550891
805554858
805555434
805557264
805557906
805558398
805558996
805559576
805561529
805563201
805563600
805563714
805564277
805564987
805565125
805566054
805566766
805644827
805649496
805654722
805655350
805656379
805658493
805662367
805665543
805665830
805666743
805667858
805675348
805675413
805684227
805684996
805686295
805689874
805691475
805691789
805696302
805696473
805723013
805723850
805724385
805725236
805727527
805729344
805729989
805734115
805743900
805746880
805749797
805752173
805757899
805757915
805758938
805766335
805767752
805769974
805776575
805777977
805780027
805780820
805781657
805781877
805782389
805782436
805782903
805783956
805785456
805786596
805787117
805787991
805788610
805788986
805789993
805790398
805792804
805793225
805794863
805795192
805797241
805797340
805797413
805798112
805798572
805799011
805800319
805803186
805804107
805805533
805807627
805808052
805812750
805813289
805813440
805813727
805813843
805814024
805814263
805819442
805819786
805819802
805820688
805820715
805820909
805822300
805822467
805822554
805822888
805822950
805824518
805824580
805824792
805826901
805828041
805831302
805832755
805833256
805834488
805835114
805835180
805836171
805836594
805839382
805840619
805841802
805842124
805843523
805844585
805845393
805846072
805846678
805846836
805848998
805850017
805851780
805852946
805853667
805853834
805854397
805856612
805857504
805857938
805858058
805859441
805860081
805860473
805860913
805861599
805862085
805862747
805863599
805863898
805864105
805866687
805867012
805867510
805867673
805868083
805868562
805869419
805870169
805870949
805871516
805871795
805873843
805874293
805874507
805875928
805876224
805876444
805876927
805876933
805877144
805880324
805880493
805880958
805883852
805884346
805885017
805885291
805889559
805889562
805890234
805890623
805890765
805891375
805894386
805895698
805896837
805896978
805897029
805898649
805899983
805901540
805902475
805903138
805903778
805904603
805904936
805905520
805907078
805907294
805908294
805908689
805909535
805909765
805910429
805912761
805912846
805913207
805913355
805913660
805913714
805914214
805914878
805915411
805916894
805917344
805918443
805918738
805919245
805919315
805920108
805921202
805921842
805922805
805923506
805924129
805924895
805925531
805926943
805928938
805928990
805930939
805931139
805931461
805931485
805932047
805933855
805934285
805936466
805936695
805940528
805940568
805941399
805942615
805946190
805948978
805949527
805950643
805950812
805951938
805952183
805952794
805953651
805955137
805955578
805955844
805957442
805957591
805958553
805960480
805960481
805960692
805960720
805960968
805961522
805961994
805966977
805969440
805972305
805972728
805973356
805973838
805974129
805974315
805974388
805975131
805975317
805976957
805977727
805980286
805981515
805982281
805982524
805984260
805984361
805984718
805984821
805987566
805987944
805988504
805988738
805989275
805991236
805992376
805995011
805995987
805997981
805998664
805999171
805999679
805999688
805999867
806002000
806002831
806006733
806009828
806010740
806011565
806012956
806013089
806014950
806014971
806017196
806020301
806020689
806021034
806021082
806021577
806021888
806022850
806027164
806028570
806029199
806030866
806031696
806034630
806034816
806035858
806036405
806036917
806037882
806038934
806039365
806039930
806041115
806041472
806043116
806043150
806044036
806044498
806044742
806045751
806046740
806047295
806047826
806049456
806050834
806053726
806054842
806054983
806056665
806057778
806058204
806058697
806060636
806063357
806067166
806068312
806069085
806069736
806069875
806070943
806071195
806073045
806076009
806076760
806078090
806078206
806078707
806080357
806083348
806084789
806085405
806087328
806088789
806089215
806089396
806090092
806090110
806090149
806090407
806091489
806092662
806098605
806100625
806103509
806104295
806105203
806105554
806106585
806109213
806109508
806109794
806110524
806111642
806112624
806113007
806113691
806113990
806115575
806116311
806117095
806117128
806118767
806120601
806121347
806121590
806121712
806121933
806122815
806123364
806124569
806125223
806128546
806128657
806129187
806129235
806130734
806131258
806132063
806135482
806135728
806136748
806138160
806141362
806141383
806142696
806146111
806146316
806146463
806146545
806146692
806146793
806147371
806148878
806149699
806150914
806153965
806155076
806155527
806157605
806157761
806160053
806161101
806161324
806163316
806163925
806166208
806166387
806167452
806167935
806169690
806169995
806170585
806170670
806170690
806173491
806173522
806174268
806174485
806175253
806175337
806175735
806175914
806176880
806180495
806180732
806181172
806181319
806181466
806182770
806183618
806185743
806190763
806191577
806192200
806192655
806194213
806195191
806195519
806196239
806198109
806201045
806202119
806202717
806203092
806205209
806206308
806206519
806206866
806207573
806207793
806209484
806211681
806211726
806212519
806212920
806214953
806215103
806218270
806218935
806220271
806221212
806221223
806223686
806225309
806226205
806226365
806229462
806230970
806233395
806233637
806234252
806234429
806238267
806239464
806240085
806242416
806242661
806243039
806243335
806243622
806243968
806245137
806246122
806246481
806246766
806246872
806247162
806247539
806247564
806247946
806248160
806249046
806249219
806250898
806255015
806255546
806256950
806258946
806259518
806260021
806261943
806264910
806266432
806267846
806268013
806272152
806274745
806277645
806278364
806278879
806279202
806279701
806280237
806282169
806283841
806284675
806286100
806286490
806286604
806287268
806287535
806288089
806288728
806289104
806289737
806290301
806290307
806292131
806292711
806293333
806295392
806295454
806296255
806296350
806298738
806299573
806299831
806300513
806300979
806301171
806301246
806301772
806303241
806303651
806303811
806304889
806306861
806308991
806310893
806310916
806311147
806312051
806312148
806314545
806315779
806316106
806316450
806316656
806320225
806321335
806322046
806322677
806323467
806325740
806325834
806326887
806327947
806328860
806329551
806333106
806333750
806333992
806339301
806339379
806339783
806341696
806341847
806342354
806343243
806344229
806344234
806344369
806344522
806345216
806352071
806352072
806355954
806356765
806361165
806361274
806362129
806364613
806364744
806365300
806365971
806366153
806366269
806367449
806368159
806369924
806371175
806371212
806371447
806371620
806377812
806378014
806378320
806378923
806381828
806382688
806385111
806385941
806387355
806392130
806395882
806396129
806398555
806398673
806400866
806402061
806403266
806403435
806403524
806403906
806404023
806404970
806405682
806405964
806407789
806410942
806411535
806414168
806414278
806414405
806414802
806415360
806419032
806419944
806420197
806420356
806420485
806421857
806423458
806423729
806424985
806426937
806428435
806431239
806431440
806433390
806437248
806442793
806444751
806445028
806447928
806448332
806449234
806449357
806449518
806450054
806451395
806453023
806455490
806456685
806458145
806459645
806461333
806463269
806463880
806464267
806472423
806472511
806476032
806478309
806481228
806481389
806485142
806486415
806486697
806487094
806488411
806489375
806491450
806493647
806494635
806495373
806496397
806497323
806497965
806500854
806503196
806503428
806505420
806505464
806506661
806508501
806512638
806512640
806513423
806514207
806515698
806519155
806519999
806522894
806522959
806523734
806528234
806528504
806528872
806530279
806531103
806531727
806532384
806535019
806536102
806536813
806539040
806543183
806543581
806547214
806547249
806547590
806549073
806549180
806551830
806552273
806552996
806553260
806553268
806554806
806554808
806554995
806555729
806557667
806560341
806565298
806566144
806566635
806567206
806567946
806569669
806570917
806571379
806572234
806572324
806572432
806574774
806575086
806575267
806575599
806575912
806576577
806577700
806579227
806579874
806581051
806582621
806582742
806583208
806583475
806583503
806584055
806584930
806585703
806586688
806587736
806588958
806589127
806590491
806590905
806591008
806591921
806593704
806596172
806596216
806598126
806599914
806603500
806605187
806606432
806609843
806611112
806611144
806611998
806612553
806612570
806613296
806614007
806616065
806616074
806617117
806617681
806618290
806618520
806618936
806620413
806620608
806622357
806622800
806622950
806624189
806627347
806633075
806633898
806634777
806635620
806638443
806641792
806642808
806643486
806647396
806648004
806648248
806650681
806654728
806656242
806656897
806657086
806657104
806657785
806658327
806659233
806661936
806663716
806665300
806667520
806667716
806669711
806669881
806670667
806670995
806673984
806674284
806676198
806679154
806679803
806680069
806680662
806682201
806684799
806684931
806685782
806685908
806687967
806688099
806691423
806692251
806699186
806699760
806701596
806704439
806704512
806709127
806710456
806710896
806711121
806712647
806713335
806713846
806716255
806716559
806719188
806721844
806722304
806723067
806723322
806723638
806727600
806729936
806734420
806735204
806740985
806741407
806743641
806744290
806744990
806745450
806745527
806746139
806746140
806748582
806749654
806749752
806751766
806752253
806752776
806753714
806754741
806755856
806757534
806757793
806759229
806761458
806763506
806763895
806766467
806768509
806771090
806776334
806779149
806780986
806794915
806804699
806805047
806807289
806808432
806815321
806815529
806816335
806817068
806817231
806819481
806821351
806822295
806824362
806824756
806826436
806826845
806827131
806827384
806827777
806829885
806830330
806831037
806832857
806833518
806833719
806835109
806835715
806836147
806840021
806844630
806846617
806853589
806853666
806854281
806854712
806856031
806861559
806863133
806864898
806866776
806867270
806869458
806874131
806874906
806876318
806878853
806880295
806880350
806881244
806882117
806882377
806882864
806885741
806889964
806892192
806895300
806898166
806898986
806907447
806909633
806910476
806915561
806916765
806918661
806923258
806924262
806925215
806932657
806939448
806939667
806939903
806940495
806943162
806951696
806953026
806954144
806958206
806961663
806963143
806963750
806965472
806967752
806970404
806977310
806977444
806977620
806980984
806981847
806982447
806990038
806993633
806993686
806996201
806998722
806998856
806999636
807002375
807005378
807008178
807015107
807019252
807020321
807020585
807026229
807029173
807030687
807032701
807035154
807035413
807036135
807045775
807050265
807051416
807051515
807055004
807056015
807061438
807062953
807063599
807066069
807067163
807067897
807072732
807079097
807079632
807079957
807088293
807088979
807090536
807091759
807091840
807092253
807097988
807100864
807101104
807104567
807105994
807107539
807112990
807121534
807127050
807128181
807129910
807130012
807130501
807130935
807131865
807132909
807133621
807137059
807137433
807139102
807140253
807146631
807149217
807149906
807151625
807151715
807156114
807156335
807160149
807161038
807161734
807161991
807163456
807163490
807165163
807166450
807167522
807169800
807171504
807175445
807179632
807180266
807182699
807183053
807183236
807183370
807185000
807191738
807193915
807195290
807201594
807203968
807204376
807206274
807207466
807216007
807217948
807222545
807223670
807226300
807226356
807227692
807228743
807230452
807231226
807231806
807232906
807233666
807235750
807237935
807238093
807242556
807247494
807248316
807249011
807249534
807251207
807253989
807255074
807260676
807264373
807265231
807269463
807269825
807270012
807271147
807271820
807272135
807272171
807272291
807278565
807283253
807283751
807286596
807286855
807287836
807289103
807292164
807295031
807296578
807297674
807299511
807302090
807302860
807313157
807313437
807322036
807322709
807325646
807325744
807330526
807332603
807337502
807340689
807342680
807343663
807343680
807348102
807349301
807350354
807355615
807356985
807359158
807360289
807362626
807365409
807366546
807368065
807373108
807374701
807375202
807375850
807376567
807381544
807385268
807390552
807390647
807392749
807393106
807395614
807396875
807398337
807400296
807401453
807401988
807406623
807408835
807410019
807412148
807413077
807415997
807419191
807420999
807423578
807424142
807426960
807427253
807429285
807429843
807432907
807435502
807444610
807452507
807453728
807456552
807459723
807466827
807469122
807472872
807474274
807476882
807477270
807483641
807484583
807484882
807485798
807488005
807488124
807488451
807493913
807499229
807499963
807503071
807506075
807507565
807511994
807512726
807519042
807519605
807524155
807524687
807526217
807528274
807529270
807531083
807532155
807532427
807533140
807535553
807539403
807540552
807540758
807541879
807543792
807547669
807549324
807551115
807552660
807552797
807553073
807553862
807554820
807567441
807572148
807578230
807580155
807580954
807581811
807583629
807583645
807583811
807584994
807590966
807591820
807594117
807595682
807597515
807598139
807599399
807600692
807602739
807605176
807612261
807613970
807615372
807616486
807616492
807618818
807630592
807630932
807632517
807632994
807633333
807637188
807640824
807645956
807646592
807647848
807650919
807651469
807651970
807659239
807659931
807661828
807668461
807669995
807674247
807674692
807680270
807680511
807681329
807688964
807692178
807692979
807693824
807694577
807695851
807698932
807714337
807715810
807722150
807722631
807722926
807726965
807742887
807744112
807746672
807750699
807753585
807753676
807755717
807756924
807757150
807758120
807758502
807758571
807758946
807761068
807761968
807765367
807768146
807769696
807770205
807772184
807773376
807774235
807776610
807780208
807785577
807786247
807786248
807786383
807791012
807792073
807792380
807792472
807794068
807794820
807794877
807801306
807803099
807806821
807817849
807818185
807818432
807819117
807819828
807820525
807827747
807829958
807835746
807836152
807836334
807839493
807842299
807843842
807855228
807856964
807864793
807871163
807872412
807873487
807878890
807886025
807886161
807892996
807900899
807900988
807902926
807905460
807909742
807909925
807910241
807914537
807915588
807919381
807923098
807926884
807945170
807948973
807950948
807951427
807952642
807955576
807960090
807964555
807972327
807974860
807979368
807979536
807982657
807983427
807983995
807989372
807991222
807994099
807994127
807996233
807997102
807997926
807999052
808006604
808010575
808011905
808012482
808015159
808017117
808017870
808018061
808018980
808019304
808019993
808020460
808022468
808025011
808025119
808026628
808028835
808029836
808030145
808031544
808031867
808033494
808033631
808036786
808037707
808042253
808043795
808046011
808046780
808047835
808050178
808051104
808052151
808052974
808053256
808054293
808056064
808056838
808056874
808061523
808061554
808067259
808075448
808078503
808078542
808080183
808081106
808082526
808083463
808084137
808084354
808086357
808086789
808091787
808092929
808094905
808099849
808101321
808101514
808102049
808102132
808106834
808109000
808111530
808111771
808116198
808118521
808127512
808128597
808132381
808133128
808137293
808141501
808146285
808148174
808151841
808152760
808156896
808158349
808158933
808161726
808161973
808171257
808172903
808175730
808176254
808178159
808182537
808183359
808185037
808186248
808187709
808188647
808195771
808197213
808204173
808204868
808206099
808207278
808208370
808211886
808212025
808213503
808216517
808217987
808218164
808218721
808221117
808223926
808226020
808229104
808229241
808229632
808237200
808238376
808239972
808240339
808241423
808241783
808242278
808243632
808246688
808248376
808248531
808248847
808249225
808250761
808254713
808255098
808258223
808260040
808260799
808261270
808261548
808263489
808265825
808265930
808269350
808269976
808272378
808275125
808279080
808280003
808282525
808286127
808287171
808288676
808288853
808290196
808290595
808291504
808294339
808295927
808296436
808296456
808297400
808299973
808304137
808305226
808305960
808307216
808309825
808311404
808321219
808325435
808325722
808327813
808328167
808329945
808332443
808334605
808335134
808336294
808343197
808349641
808349658
808355298
808359456
808359495
808359649
808361845
808362263
808364853
808365890
808366767
808367394
808369697
808370080
808372485
808373359
808373772
808374596
808376811
808377579
808379606
808385370
808390430
808390986
808395150
808397219
808402540
808405502
808407513
808407520
808411318
808412282
808412552
808415788
808416515
808421107
808422879
808423062
808425636
808426774
808427010
808427179
808427586
808429313
808429475
808431770
808434417
808435253
808436929
808437984
808445999
808447685
808454948
808457050
808460556
808461108
808463545
808469642
808470088
808470454
808471211
808471912
808473717
808474683
808475731
808475946
808479326
808481892
808482592
808485620
808487411
808495968
808500074
808500272
808506238
808506383
808508544
808510520
808513779
808513987
808515607
808518520
808518629
808521937
808523665
808525317
808526229
808532518
808532621
808537799
808538300
808539390
808539687
808540812
808542164
808542377
808542684
808543225
808543437
808544136
808549843
808550412
808552567
808553613
808553874
808554681
808556026
808559058
808562143
808567558
808567735
808578761
808579171
808579325
808591661
808591990
808596276
808597448
808602373
808604960
808611330
808617167
808623076
808627931
808628621
808629526
808635008
808638463
808638816
808646298
808650841
808652612
808656554
808660858
808664431
808665918
808669684
808675657
808676775
808684508
808689000
808690110
808692036
808693482
808696340
808707333
808709194
808713202
808713553
808714944
808715882
808715995
808726729
808730526
808733386
808739638
808742922
808743465
808746629
808748174
808749128
808752027
808753624
808756048
808756836
808759721
808760979
808761129
808767536
808768294
808770075
808781869
808791892
808794253
808794279
808801472
808811923
808813320
808813458
808817017
808817776
808821003
808822251
808823719
808825582
808826889
808831566
808840936
808841865
808850316
808851359
808857155
808863359
808865016
808865662
808870397
808879229
808881839
808886519
808888315
808888898
808889498
808898790
808900638
808909322
808909571
808910653
808915700
808924289
808927661
808927685
808928273
808933977
808936439
808940776
808941409
808942078
808947436
808949028
808955031
808963820
808964850
808976176
808977753
808978539
808979285
808979383
808979784
808986818
808992835
808998175
808999538
809004157
809004745
809004777
809005810
809010528
809015390
809040277
809042938
809049904
809050593
809085110
809085989
809086832
809088245
809095779
809096320
809101228
809103006
809108721
809109425
809118230
809121624
809126308
809130175
809133590
809135009
809136784
809137138
809137606
809140861
809151014
809154360
809160139
809161031
809162316
809163264
809165449
809168351
809168842
809169325
809179562
809181282
809184699
809192839
809200944
809202261
809203240
809204157
809205012
809210536
809217459
809219747
809220518
809226221
809227126
809227599
809228714
809231077
809231830
809235550
809242356
809249198
809251293
809256122
809257677
809261088
809262353
809266006
809267207
809268385
809269310
809270756
809271445
809278201
809291440
809291459
809295294
809296608
809301442
809301472
809305621
809311599
809311855
809313549
809316790
809322688
809324879
809330345
809331205
809334673
809338204
809354019
809361753
809363438
809367774
809372745
809374330
809387733
809388811
809390533
809420461
809420689
809427241
809458377
809463571
809464661
809467583
809470599
809476921
809478569
809483533
809483963
809484268
809487725
809490950
809491757
809495672
809498823
809500646
809504718
809507497
809514080
809524609
809526058
809526655
809581054
809584835
809585856
809587007
809587239
809588572
809592672
809593960
809598208
809598477
809601101
809607206
809607596
809614731
809617490
809626579
809627725
809636347
809636885
809649566
809657889
809661903
809667345
809673361
809673632
809674584
809699310
809699570
809743858
809778029
809780477
809786535
809789125
809804020
809808790
809810690
809818053
809822729
809825209
809830158
809838347
809838577
809841233
809857701
809888049
809900103
809917212
809918821
809921144
809925207
809926653
809926830
809928135
809938418
809939942
809942874
809943610
809943843
809952051
809952522
809957563
809967170
809967939
809975268
809976276
809985031
809986455
809989648
809991329
809991459
809996540
809998348
809999247
810001343
810002326
810027273
810042886
810046319
810056598
810059890
810072084
810080805
810088134
810090212
810092191
810099977
810105395
810112012
810112848
810116359
810149901
810156886
810157477
810163965
810169674
810172782
810174795
810176575
810195881
810200129
810200500
810205838
810206589
810211086
810217959
810221926
810233016
810235806
810241007
810242096
810242624
810246373
810250270
810251100
810252895
810263860
810263972
810275931
810276981
810291000
810292163
810299670
810311769
810317842
810320712
810321592
810322213
810336309
810339749
810342812
810343270
810350056
810350336
810358933
810365323
810368680
810409100
810417617
810426102
810429307
810436588
810438614
810448806
810454549
810467793
810469625
810475010
810475361
810477421
810479412
810481986
810483648
810509174
810512677
810522024
810522840
810525322
810530532
810534958
810536692
810541894
810545206
810552216
810554979
810557394
810558422
810572498
810578136
810580496
810602298
810604225
810605273
810607254
810620522
810623736
810641214
810645195
810647194
810647462
810664630
810683231
810707729
810710749
810710918
810710972
810718639
810720531
810721046
810728212
810734031
810740490
810740748
810747424
810758002
810761050
810767977
810768824
810771602
810774090
810774633
810776511
810788946
810790914
810802113
810808034
810816567
810820232
810827498
810833094
810838379
810838868
810839673
810850217
810856869
810864117
810867140
810877840
810888471
810890468
810893753
810906775
810919949
810930234
810932814
810944146
810951156
810956867
810956939
810960186
810974969
810996745
810999541
811001059
811015881
811017440
811019517
811023622
811029228
811038617
811040560
811042601
811052381
811064147
811066640
811079156
811080059
811088005
811107668
811107700
811114829
811114943
811115797
811117034
811119360
811121376
811125554
811128492
811131747
811133917
811139408
811140341
811145484
811151531
811156892
811158303
811158406
811162079
811164368
811170535
811172192
811174528
811174622
811175772
811183655
811185672
811186697
811191033
811191107
811191333
811191697
811194487
811195448
811196107
811196429
811197464
811197762
811198716
811199059
811199176
811201689
811202511
811202764
811204863
811214250
811219241
811219488
811219695
811222036
811222096
811223439
811224867
811227753
811230061
811232240
811232804
811233794
811234833
811235147
811236022
811238162
811238657
811241329
811243188
811243507
811244759
811246541
811247198
811247265
811247284
811247551
811250811
811252451
811254436
811256104
811257326
811260209
811260574
811260714
811261059
811263764
811263837
811270795
811271809
811274590
811277901
811278375
811280213
811284233
811285641
811286942
811289682
811291659
811292781
811294569
811294819
811295245
811296216
811296421
811296772
811306026
811306803
811310111
811311317
811313416
811314165
811316178
811317280
811318452
811318895
811319079
811319559
811319926
811321548
811321797
811322368
811326346
811331756
811332206
811334942
811336985
811338447
811345401
811346098
811349445
811350135
811351527
811352136
811352577
811353762
811354205
811354667
811356282
811356593
811361001
811362598
811373961
811375667
811377164
811381993
811384565
811389691
811390701
811391329
811396909
811397146
811397305
811398375
811400028
811401965
811405070
811406113
811406881
811408075
811410091
811414971
811417380
811417491
811419058
811421167
811428233
811429262
811430981
811438277
811439278
811441077
811444920
811445203
811445267
811450231
811453783
811455952
811458834
811461155
811463418
811463997
811465079
811466673
811467141
811470491
811473490
811474697
811474704
811475207
811476304
811476846
811477945
811479428
811482173
811484763
811486158
811488320
811488325
811492298
811493772
811496381
811496949
811498509
811498533
811500151
811507144
811509511
811509822
811513045
811514768
811516876
811517839
811519465
811520699
811523429
811523926
811523982
811525663
811529147
811529373
811534468
811536735
811540905
811544328
811547074
811549503
811549761
811552697
811553304
811558283
811562927
811563200
811563399
811564755
811565872
811571510
811575436
811577846
811578203
811587575
811589180
811589660
811590526
811594827
811596837
811602546
811605734
811610379
811610385
811610963
811619683
811622218
811624095
811625885
811633251
811634959
811637141
811638037
811640068
811641946
811652061
811663584
811665555
811666296
811666742
811669232
811673141
811677929
811683813
811686270
811691633
811696080
811696420
811704058
811707907
811712626
811712938
811714267
811717112
811717269
811719117
811724788
811726258
811727666
811735435
811737812
811739336
811740113
811741845
811748045
811752506
811762822
811763344
811764255
811779890
811780431
811781346
811782813
811790553
811798504
811801012
811805803
811806810
811810081
811817685
811819388
811820180
811831240
811831746
811833829
811833853
811846066
811849848
811852206
811853675
811856328
811856706
811861822
811861898
811866594
811881713
811885765
811890681
811891679
811892171
811892668
811893511
811893912
811896289
811906503
811974715
811976640
811983452
811988768
811992936
811994970
811997314
812000083
812003054
812004007
812005636
812005650
812007039
812011625
812012110
812012313
812016769
812024137
812029460
812041182
812045108
812049266
812050839
812059352
812060535
812062181
812062429
812069171
812076786
812077211
812109996
812114974
812116126
812127534
812131709
812131829
812133348
812137578
812138016
812138902
812143373
812143440
812154947
812159322
812174986
812176853
812179063
812180040
812186924
812190866
812191712
812213739
812215300
812218162
812223133
812226089
812226407
812227785
812244213
812246501
812250619
812257123
812257248
812259773
812267806
812268521
812268629
812271564
812271767
812277889
812279241
812279748
812282361
812300272
812339865
812358628
812360195
812360435
812362510
812367611
812367975
812368813
812372165
812373492
812381468
812381720
812382849
812404054
812409649
812411077
812434550
812435620
812438077
812442124
812444166
812453546
812457774
812458939
812460729
812463835
812466143
812476992
812515319
812518513
812549673
812566289
812572748
812579846
812587607
812590885
812604399
812606163
812607241
812613872
812615905
812622283
812631649
812638345
812653803
812670823
812673542
812687253
812688809
812702888
812706679
812708600
812709418
812711246
812712223
812715174
812717425
812718159
812718574
812723713
812726709
812728560
812731975
812732195
812732966
812734006
812735793
812737163
812740758
812743675
812743682
812745302
812751457
812752757
812765608
812769254
812771695
812773830
812788884
812792212
812798032
812805660
812808834
812812345
812814597
812814701
812815784
812818886
812820703
812820853
812822302
812822970
812830111
812831915
812832491
812832596
812832727
812840678
812841335
812842731
812842978
812844105
812848210
812850381
812850969
812854913
812855126
812855964
812858715
812859875
812862698
812867036
812874916
812883478
812888311
812889595
812890671
812894962
812896959
812899196
812900913
812902188
812904690
812915287
812916424
812929298
812934499
812935513
812940714
812959440
812959670
812960627
812970344
812970958
812970971
812970975
812971192
812974471
812975044
812978392
812978830
812986654
812988329
812988343
812989370
812992389
812994305
812996211
812998087
812998284
812999449
813000840
813001536
813001793
813002008
813009122
813014030
813031574
813032905
813035417
813036229
813037077
813041976
813043212
813063065
813081209
813083555
813086342
813087027
813087729
813090300
813091308
813102383
813105420
813105507
813118819
813122268
813127876
813127920
813127953
813132356
813141397
813143018
813143065
813159085
813159645
813160381
813164993
813185853
813185927
813191846
813195498
813201905
813203415
813216682
813224483
813240047
813254944
813264173
813267566
813283011
813287147
813296442
813299270
813304140
813306783
813308568
813313665
813315669
813323066
813323932
813329086
813331971
813332571
813335965
813340766
813344514
813350497
813350649
813354161
813358641
813365416
813365864
813368003
813372289
813382872
813387379
813405928
813406800
813407117
813411226
813412800
813417803
813420298
813424220
813425423
813429441
813436887
813442194
813454272
813458179
813461245
813466719
813469185
813477175
813500030
813504362
813504387
813506003
813508018
813549413
813574659
813599593
813605682
813609683
813614148
813618587
813619964
813620732
813624466
813625042
813637921
813637926
813639996
813640186
813641774
813642094
813662005
813663364
813674885
813705690
813707291
813720548
813721259
813721770
813723173
813731636
813763757
813765753
813768512
813771267
813778674
813779581
813781887
813792672
813793989
813798045
813800061
813800259
813804217
813805029
813808549
813814281
813815299
813819567
813819604
813825637
813826382
813834544
813838528
813848389
813849989
813855458
813866837
813883923
813893709
813894659
813899122
813900590
813906386
813907764
813910392
813914609
813922976
813925480
813926105
813937913
813946338
813955633
813966851
813966936
813978560
813992686
814000708
814012300
814018226
814039230
814043856
814044524
814045473
814046502
814080888
814102390
814108515
814110789
814111774
814112358
814129854
814141499
814147864
814160502
814166263
814169445
814175298
814178438
814178570
814183862
814184640
814195449
814196393
814205072
814205647
814210285
814216779
814219418
814221064
814230599
814233748
814234032
814234401
814236017
814237679
814238707
814240178
814240347
814241003
814242325
814243525
814247436
814247604
814247640
814260703
814261898
814263595
814264594
814265075
814265441
814283790
814288979
814289334
814290042
814290112
814291678
814292075
814292375
814292631
814295401
814296668
814296972
814298044
814298377
814298617
814300296
814314741
814327531
814329010
814329107
814332817
814332824
814339263
814350800
814353284
814354945
814358507
814359420
814361058
814361395
814362746
814387383
814391279
814392398
814396830
814404630
814405919
814405989
814431430
814446493
814447613
814447712
814453518
814462359
814462362
814466289
814479943
814483097
814486215
814495288
814498142
814502156
814507229
814509221
814511662
814513241
814513868
814517417
814517835
814518229
814519972
814524924
814525655
814528889
814532357
814539111
814546106
814547613
814553053
814554673
814558131
814566926
814567146
814569513
814569862
814571825
814576032
814576034
814577516
814578299
814578805
814579789
814585903
814589185
814596942
814598074
814599432
814607087
814607794
814610175
814619980
814620647
814624264
814624802
814629127
814631954
814631965
814631974
814632108
814641802
814641816
814642512
814642764
814643015
814643370
814643419
814645437
814647384
814648201
814650221
814650522
814656683
814662517
814662734
814663817
814669344
814670047
814674729
814679145
814682861
814682870
814683181
814684048
814686375
814687424
814687474
814687818
814687977
814690579
814691312
814691651
814693590
814695372
814695595
814696262
814696391
814696491
814697640
814698117
814698532
814699560
814700268
814702125
814703235
814704111
814704161
814704166
814704170
814704301
814705626
814706750
814706759
814707079
814707468
814707921
814708092
814708242
814708301
814708466
814708513
814708600
814708610
814708670
814708814
814709192
814709421
814709447
814709744
814709934
814710298
814710586
814710757
814711069
814712315
814712506
814714934
814716164
814716404
814717273
814718269
814718539
814718612
814719017
814719650
814719922
814719997
814720074
814720677
814720845
814721224
814721327
814721738
814721897
814721909
814722247
814723143
814723387
814723734
814724085
814724298
814724784
814724860
814725523
814725894
814725902
814726950
814727045
814727642
814728282
814728997
814729573
814729773
814730242
814731587
814731841
814732027
814732250
814732620
814733348
814735249
814735771
814735818
814735833
814736417
814736682
814736802
814737354
814737696
814738292
814738910
814739261
814739389
814739424
814739499
814739788
814739893
814739995
814740085
814740156
814740741
814740905
814741641
814741684
814741772
814743540
814744486
814746300
814746313
814747157
814748431
814754510
814755243
814756581
814758726
814763798
814764840
814765245
814769440
814771402
814771573
814771624
814774312
814774467
814775625
814780474
814783978
814784969
814787821
814788530
814790406
814793226
814794641
814795316
814795594
814796445
814802042
814803802
814803819
814804462
814815212
814822279
814828338
814828945
814830347
814833881
814835780
814842228
814843411
814843915
814849604
814849794
814855376
814857994
814861949
814861967
814862020
814865971
814866147
814866643
814869836
814874748
814876055
814877156
814877712
814879028
814879326
814880178
814880187
814881583
814883273
814892935
814893491
814901895
814910754
814917402
814918291
814920796
814924211
814927909
814931141
814933047
814937622
814937853
814938880
814942257
814943121
814945565
814947568
814948394
814951103
814961277
814962389
814963577
814963713
814967862
814970332
814983113
814984525
814989268
814991406
814991481
814991625
814995307
815000957
815006525
815009684
815014647
815017451
815020830
815025065
815026154
815033158
815034262
815036395
815040113
815042348
815043567
815049876
815056558
815074269
815087353
815090734
815117318
815127937
815147095
815158831
815185795
815187447
815195501
815198288
815199968
815205725
815212280
815212524
815212897
815215729
815256273
815261939
815261940
815271906
815274853
815277550
815288934
815289760
815338241
815340960
815341916
815369198
815369629
815371092
815371763
815374353
815374656
815395957
815441998
815448434
815455787
815463517
815469719
815480595
815492750
815511269
815512328
815521871
815523053
815557177
815594718
815599263
815609668
815620043
815626360
815630210
815654374
815654892
815675996
815706905
815712255
815713097
815716813
815717090
815725005
815726292
815772855
815778306
815780479
815784983
815786209
815794858
815796779
815798078
815798499
815799664
815802320
815802480
815802580
815802792
815804104
815806094
815807597
815808529
815812181
815812351
815813635
815813915
815816724
815818704
815819558
815820134
815821942
815824667
815825352
815827036
815827809
815827927
815829307
815832142
815833398
815833740
815834730
815836285
815836777
815837734
815838070
815838741
815839609
815840086
815840837
815841270
815842841
815842898
815843228
815847481
815847590
815848195
815854469
815855548
815856784
815859018
815861062
815862013
815862451
815868989
815873792
815874989
815875693
815878371
815884468
815886662
815889371
815890145
815895240
815902688
815905282
815906363
815909285
815911189
815912296
815916163
815916654
815925114
815925244
815925502
815934066
815938264
815943024
815943441
815945567
815948605
815949758
815952191
815954680
815958750
815959400
815959778
815961243
815968112
815969700
815970020
815972457
815973579
815975653
815976333
815976574
815976717
815977066
815977558
815978094
815978913
815979331
815979418
815979875
815981149
815984324
815984429
815984678
815984690
815984858
816007494
816007505
816014963
816016463
816024559
816025677
816025904
816028886
816028898
816029019
816029028
816029029
816029517
816029593
816029627
816029717
816029859
816029929
816030113
816030163
816031127
816031193
816033208
816035231
816037640
816045779
816046728
816047219
816047251
816047852
816049167
816051294
816052984
816054252
816056640
816056648
816058588
816058663
816060082
816060861
816065004
816067111
816084538
816085328
816086927
816087333
816090857
816092314
816094399
816094743
816097962
816100516
816102530
816103188
816107441
816117463
816122558
816125812
816127377
816134384
816136908
816139212
816142123
816156661
816163710
816167675
816169214
816172042
816186523
816195303
816204171
816206126
816210156
816211330
816213870
816215680
816216876
816218039
816218366
816225771
816225889
816230099
816230134
816233188
816235680
816237226
816241809
816244771
816245077
816247627
816250061
816264668
816267854
816273375
816273654
816282279
816283266
816283631
816284006
816286693
816288612
816290996
816292022
816293703
816295023
816295797
816310094
816311393
816313530
816314314
816315675
816317894
816319578
816323601
816324625
816328754
816330644
816336922
816337365
816346040
816347075
816349414
816349736
816355252
816355591
816356971
816365726
816380425
816386116
816386845
816389490
816394361
816401381
816403012
816403425
816407016
816408560
816411963
816416072
816422257
816423285
816423810
816429221
816430935
816431196
816432323
816435887
816437235
816439158
816447918
816448041
816448312
816451611
816455813
816455832
816456016
816459058
816460018
816466924
816470179
816470877
816472868
816474765
816476267
816476309
816483837
816490810
816491019
816494972
816500412
816503157
816510991
816512246
816512474
816513877
816515715
816519429
816521463
816525730
816527733
816528206
816531192
816531898
816531905
816532890
816533970
816537970
816538281
816538459
816538730
816539874
816546937
816555222
816568331
816569993
816571405
816571476
816574226
816576151
816576459
816577692
816581773
816587565
816589056
816591893
816594720
816595113
816595467
816595703
816603299
816604759
816611413
816612416
816612990
816615923
816618330
816629625
816631657
816633058
816633997
816634532
816666121
816666689
816678180
816678691
816679091
816680375
816681682
816683995
816713656
816714472
816716683
816716798
816717725
816718043
816722351
816727775
816730859
816736865
816744391
816747468
816748088
816749358
816760724
816762069
816762244
816771068
816775721
816777442
816778743
816780349
816783315
816785793
816785876
816786032
816787804
816790958
816791597
816793071
816801709
816823585
816829506
816833110
816834307
816840350
816841642
816864650
816866006
816870552
816879186
816881641
816884517
816888917
816889293
816890048
816891683
816898701
816901276
816901567
816903210
816903371
816903601
816904583
816908351
816911622
816911704
816912995
816915231
816915863
816917114
816918061
816918861
816920938
816922429
816926788
816926812
816929650
816929816
816932182
816935174
816936159
816937708
816943415
816943907
816945864
816946112
816950971
816956025
816956216
816957361
816958554
816959017
816959200
816959560
816961413
816969933
816970900
816980411
816981383
816986752
816990387
816990735
816992455
816992725
816992864
816993640
816993720
816995119
816996559
816998475
816999200
817006596
817010911
817012319
817013795
817014232
817016561
817019614
817020128
817025524
817026063
817029178
817032447
817036611
817039366
817039597
817039776
817042152
817044572
817046199
817046201
817047857
817049319
817050755
817054385
817054706
817055024
817055701
817056885
817057328
817059340
817062079
817065230
817068918
817069050
817071244
817071804
817076332
817077216
817077371
817078375
817081020
817082754
817085867
817088162
817097848
817106849
817123734
817134867
817153166
817153289
817155759
817173410
817174823
817176294
817178067
817178436
817182763
817189692
817194683
817195537
817196700
817197533
817198418
817202141
817204919
817213561
817213784
817214964
817215939
817218494
817219674
817223528
817235063
817250909
817254685
817256916
817257036
817263133
817263229
817264188
817266876
817267870
817275316
817279039
817279061
817279183
817280195
817283752
817289211
817300669
817302833
817303085
817304817
817307243
817321332
817322144
817322746
817330112
817330172
817332805
817334506
817334775
817336494
817338086
817338912
817339091
817341364
817341816
817345331
817349724
817350334
817351460
817353183
817353844
817355609
817355637
817356800
817357792
817358281
817360717
817361836
817361865
817363155
817364804
817365865
817370336
817370900
817375913
817378684
817378943
817381194
817383100
817392286
817392526
817393399
817394269
817399053
817400072
817401363
817402488
817404491
817406999
817409508
817409510
817409771
817410476
817411835
817413184
817413925
817417114
817418348
817419901
817421471
817426152
817426487
817434678
817441676
817442563
817457485
817458145
817460012
817479920
817484452
817484786
817491375
817494203
817500590
817503585
817513153
817516964
817521099
817521666
817523174
817524406
817526881
817543459
817549401
817549939
817550585
817551987
817553458
817557959
817583211
817587847
817589166
817590957
817591985
817594029
817596771
817609496
817618472
817627232
817629102
817629342
817630788
817634473
817639508
817650264
817652834
817656122
817664404
817665426
817672017
817682196
817700094
817712834
817713216
817714104
817715769
817716010
817729138
817732833
817734655
817737312
817741163
817744615
817747635
817754398
817755244
817758048
817764203
817774996
817777874
817781982
817784344
817788251
817792059
817798836
817798919
817803816
817810960
817812213
817813092
817815075
817817970
817825340
817827693
817829798
817831435
817831828
817836583
817838788
817838793
817844425
817848953
817853377
817858851
817861899
817864288
817867616
817872529
817880508
817881770
817885323
817888167
817889708
817891310
817894922
817895344
817895878
817905667
817907251
817907430
817907878
817908067
817910743
817911025
817915502
817918591
817920041
817923618
817925001
817926893
817932767
817937876
817942167
817942886
817943496
817943586
817947310
817948473
817954598
817955153
817963795
817969046
817969458
817971372
817976528
817988937
817993663
817998600
818001624
818003083
818004415
818012037
818032991
818034375
818037490
818038052
818039083
818045045
818046323
818050359
818060744
818069078
818069851
818070410
818077732
818087469
818089151
818096973
818098903
818099042
818107967
818111527
818114658
818126777
818127379
818127648
818146248
818151524
818151728
818152100
818160663
818162846
818163037
818164928
818165512
818171699
818175858
818179748
818187749
818190411
818196810
818198884
818202242
818208837
818209447
818209528
818211253
818213239
818213310
818218748
818220180
818232494
818238056
818240345
818240949
818244001
818244027
818248717
818250369
818251038
818251761
818254905
818254978
818258908
818259480
818261036
818261623
818263591
818264709
818265383
818265466
818268980
818269908
818271931
818276965
818277403
818285618
818286256
818288043
818289581
818296411
818299315
818301266
818307667
818308062
818308201
818308360
818308945
818311028
818311401
818312110
818318361
818320414
818322329
818323224
818324198
818335388
818336065
818336788
818337514
818338039
818339861
818343421
818344714
818347009
818357783
818357844
818364893
818366899
818370217
818371143
818372499
818376016
818378638
818378741
818379496
818382186
818387044
818387283
818388878
818391461
818393495
818394894
818395271
818395782
818396167
818396659
818398974
818402097
818402132
818405152
818419038
818422708
818426390
818437353
818442158
818444846
818446188
818446407
818448891
818453713
818456503
818456967
818460470
818463232
818463987
818466709
818472824
818483907
818486707
818490807
818490819
818491307
818491819
818492207
818495735
818497169
818501314
818501362
818513306
818516374
818523287
818526189
818526502
818528260
818529394
818529730
818531549
818539889
818547339
818559079
818561746
818568222
818571014
818574821
818586377
818588900
818589212
818589292
818595272
818595341
818599097
818603737
818606151
818606619
818606785
818610969
818613742
818624460
818625954
818626339
818633156
818634003
818643239
818657190
818663597
818664159
818672795
818673923
818676885
818685007
818685903
818689080
818693732
818694648
818695040
818696686
818700637
818704493
818705552
818710620
818717555
818726330
818753338
818755112
818755332
818757944
818760291
818770771
818773841
818782585
818785282
818787979
818798416
818798562
818799530
818803940
818812856
818815560
818817688
818821103
818821246
818826205
818833872
818833960
818834764
818835204
818835955
818838466
818839453
818845383
818849916
818854326
818854797
818856126
818862129
818866640
818872226
818874766
818881974
818884657
818887594
818887976
818890015
818890536
818894807
818896413
818897549
818900754
818902210
818910843
818914446
818914895
818915893
818920102
818926143
818928232
818930004
818931716
818936414
818938018
818940877
818941443
818944101
818948383
818949328
818954708
818955439
818955506
818958599
818961227
818962199
818963423
818964548
818964560
818973625
818973735
818978985
818981331
818987722
818992262
818997412
818998614
819000608
819000778
819002727
819003115
819003147
819005209
819009328
819025032
819025522
819027806
819044235
819047147
819047929
819055789
819055882
819062516
819083994
819089215
819091008
819097878
819102884
819106714
819107979
819113586
819116786
819117210
819121222
819122647
819122894
819126971
819133103
819134081
819139261
819139820
819141229
819151489
819156142
819159605
819161080
819161887
819166573
819170725
819178974
819181664
819191417
819191567
819193838
819195016
819211691
819213834
819223214
819237180
819256582
819268510
819273437
819282501
819289353
819290522
819291539
819297338
819305181
819322177
819325819
819341896
819342818
819349647
819352006
819356901
819362803
819364973
819367559
819367754
819375061
819375334
819380689
819383153
819388972
819393825
819397548
819402749
819404049
819408024
819415983
819416207
819416466
819422693
819422983
819425254
819432803
819442769
819459091
819470196
819473047
819486800
819488998
819490559
819493773
819493894
819494478
819501541
819515434
819522749
819537670
819544872
819558322
819570380
819579811
819583300
819584688
819585896
819586980
819588187
819591176
819592192
819593453
819595603
819600952
819603351
819607184
819611051
819611858
819619195
819621489
819626157
819630979
819632647
819636486
819644333
819648249
819654376
819655519
819656324
819658981
819660257
819667661
819672493
819673194
819673295
819673895
819675514
819675592
819679340
819685221
819691142
819692423
819695362
819698306
819698855
819707047
819707811
819713470
819719816
819721597
819725743
819730861
819735906
819746533
819747648
819750607
819754779
819761034
819765511
819778673
819778820
819780657
819786169
819786984
819789662
819789934
819795336
819795403
819796579
819797594
819799596
819804447
819807927
819811908
819812220
819813633
819815354
819817383
819819248
819821621
819824698
819833210
819833428
819836732
819838171
819840503
819841226
819844862
819845803
819846823
819848544
819853985
819858206
819860213
819863189
819863579
819864248
819865709
819867584
819868479
819872171
819872642
819873413
819873755
819875924
819881445
819886499
819891705
819898905
819915184
819935184
819935826
819944403
819947095
819948828
819951699
819953233
819955482
819956798
819957374
819960544
819961461
819962547
819962867
819962934
819963073
819963883
819965097
819965154
819967805
819968536
819968575
819972261
819973256
819974459
819974951
819978858
819979238
819981156
819990240
819993811
819999669
820000199
820003208
820003427
820003568
820007505
820007555
820008394
820011291
820012185
820013331
820015110
820015170
820015640
820015968
820017814
820020744
820021961
820022142
820024250
820024306
820025681
820027341
820028885
820030342
820030383
820031312
820031344
820031778
820031872
820032444
820032670
820032922
820033300
820033697
820034402
820034438
820034871
820037772
820039008
820039683
820039909
820041127
820043074
820043948
820044873
820045232
820045320
820045676
820046050
820048015
820048176
820048570
820049033
820050523
820050537
820051297
820051513
820053509
820054384
820056028
820056068
820056241
820057692
820059327
820060754
820062475
820062964
820063697
820063703
820063728
820063920
820066556
820068712
820069695
820070080
820075389
820075627
820076490
820076908
820077735
820079863
820090948
820091341
820092595
820092811
820093992
820097085
820098981
820099051
820099146
820102659
820104172
820105777
820107875
820109931
820110257
820114288
820121348
820124768
820125167
820127140
820136146
820137501
820140717
820141642
820144798
820146401
820147672
820148795
820148885
820148908
820149046
820149456
820149579
820150253
820150381
820150750
820151771
820151793
820151873
820152127
820152929
820153323
820153522
820154122
820154239
820155285
820155507
820155949
820156064
820157171
820157552
820158180
820159304
820159864
820159935
820160025
820160056
820160379
820160426
820163546
820163648
820163773
820164108
820164244
820164326
820164332
820164376
820164975
820165576
820165988
820166060
820166199
820166414
820166941
820167035
820167072
820167213
820167848
820168582
820168953
820169148
820170054
820170304
820171777
820171779
820174305
820174777
820174997
820175696
820177317
820177952
820188032
820188651
820189367
820191066
820193141
820194097
820195773
820199307
820200746
820201013
820202158
820203692
820206287
820209019
820212340
820215369
820215601
820216408
820222926
820224890
820225433
820227109
820256930
820264498
820266160
820274772
820279400
820281135
820283446
820293907
820297625
820306298
820319014
820322112
820324133
820326362
820326512
820329173
820329372
820329806
820333686
820335688
820335891
820338420
820340510
820348533
820353440
820358158
820359022
820361321
820365802
820371090
820376659
820377527
820377678
820379673
820379914
820381034
820381140
820387000
820387970
820388311
820390482
820391414
820392808
820394669
820395725
820400688
820405685
820405758
820406413
820409646
820409778
820411861
820412046
820422276
820422674
820425087
820428913
820429212
820432476
820435605
820437870
820441203
820442694
820446166
820464865
820466568
820469726
820470198
820470203
820473193
820473685
820478270
820478414
820479926
820481691
820483250
820485074
820489547
820491086
820492020
820492676
820493152
820493332
820494173
820496253
820497509
820502161
820503421
820504059
820504128
820504753
820505720
820506648
820507157
820508705
820509139
820513932
820514588
820515475
820516747
820517530
820519765
820522023
820526010
820527001
820533188
820541343
820545899
820559092
820559308
820560762
820563115
820563243
820566288
820566328
820567541
820569315
820569331
820570146
820575434
820578791
820580461
820580610
820581376
820582519
820582574
820585099
820585997
820587465
820595039
820595593
820596111
820599573
820600725
820601687
820601724
820612759
820614149
820615202
820615593
820616693
820617338
820619830
820620997
820621930
820625269
820627063
820629281
820632535
820636291
820638226
820638328
820642854
820645125
820648621
820649183
820650015
820654450
820655959
820658352
820658614
820659149
820660667
820664654
820664776
820666590
820667193
820674492
820675211
820676247
820676582
820677137
820680761
820682730
820683129
820687363
820687581
820688875
820694797
820701100
820703678
820703715
820705716
820707931
820708590
820711617
820725042
820727287
820728065
820728534
820729102
820731024
820731169
820731304
820731588
820731672
820735937
820736618
820737988
820738032
820741401
820746025
820746743
820746746
820747596
820747890
820748407
820748658
820748938
820750794
820751670
820754736
820755862
820761031
820762019
820766537
820766704
820768411
820769515
820769748
820771026
820772452
820773127
820773847
820774097
820775553
820776292
820777275
820778395
820779688
820783081
820783731
820784042
820786214
820788432
820788490
820791733
820792900
820795116
820798328
820798650
820800332
820809176
820810114
820810821
820814084
820827358
820828850
820828974
820829358
820833102
820834778
820836253
820839553
820841233
820844711
820846593
820849927
820851385
820853058
820854811
820857301
820860326
820866593
820871053
820872003
820873470
820879501
820880875
820884166
820886975
820892114
820893703
820896051
820899269
820905356
820916028
820926458
820932039
820935416
820935880
820937804
820940054
820942879
820960936
820962230
820967627
820967771
820971229
820971798
820973910
820976436
820978208
820988010
820988370
820989316
820991499
820992231
820994042
820995265
820995847
820996118
820998057
820998900
820999115
821005027
821007810
821008929
821015704
821022083
821022317
821023729
821024890
821029560
821032281
821032513
821034635
821036039
821040734
821047978
821050100
821053564
821057068
821057504
821057722
821057990
821059320
821061350
821061407
821075582
821085304
821091316
821098807
821111728
821114075
821114359
821115603
821120165
821124980
821138721
821140537
821141849
821146559
821153333
821153739
821154147
821155121
821156052
821160785
821162852
821178966
821185034
821190579
821190661
821196027
821198814
821209206
821216323
821226257
821243597
821245531
821255449
821259040
821261050
821267648
821280158
821288023
821297719
821298920
821300459
821300596
821301468
821307379
821307671
821308353
821309470
821313275
821314840
821316508
821318149
821323926
821324086
821326890
821330750
821334187
821337328
821337555
821347039
821353406
821358301
821361537
821364003
821369543
821373392
821375622
821382480
821386171
821387549
821388692
821391606
821393401
821396263
821410364
821412747
821414494
821415238
821415309
821419471
821419746
821421542
821424016
821425272
821438528
821438583
821439278
821448111
821453267
821456560
821457622
821458835
821458841
821463449
821472790
821474655
821480791
821481781
821497426
821503966
821504467
821511383
821512616
821514734
821516861
821526189
821528186
821529301
821536117
821539225
821541472
821562613
821565434
821568827
821571566
821575632
821575787
821579441
821582325
821582890
821584253
821589964
821590219
821597034
821600071
821602405
821603031
821603749
821614501
821618607
821619904
821638751
821652581
821671975
821672000
821675069
821675382
821685488
821691086
821691306
821691924
821698602
821700562
821704029
821706719
821709432
821715776
821716064
821717927
821717994
821726967
821733161
821734903
821747203
821749342
821751814
821753987
821754620
821756773
821758636
821761194
821772616
821774028
821774825
821776545
821777957
821781986
821788222
821788444
821790985
821806342
821806370
821807959
821810886
821811111
821816984
821821063
821828608
821829542
821831688
821835819
821837494
821839962
821842643
821845223
821850341
821850875
821852545
821854415
821856487
821859434
821861362
821867353
821867415
821867904
821881279
821882563
821884470
821885852
821887899
821889272
821894998
821897646
821900609
821901685
821903563
821903698
821914075
821917938
821921525
821923445
821928731
821933525
821939324
821942425
821942919
821944336
821944708
821956968
821957136
821957662
821959997
821964897
821965659
821965963
821969633
821970845
821972450
821974775
821977341
821977522
821978452
821981030
821981369
821981667
821985395
821986035
821987800
821988249
821993957
821995480
821996269
821999084
821999623
822000394
822004318
822004686
822004966
822005223
822005691
822008836
822010174
822011653
822014062
822017094
822017262
822018404
822020938
822024649
822025640
822028318
822028904
822031328
822031354
822031442
822031738
822033930
822040530
822045600
822052051
822053179
822053643
822053819
822057301
822060219
822061629
822062675
822063213
822063264
822063317
822065448
822067960
822068685
822070044
822074460
822078383
822078705
822083140
822086114
822089578
822090622
822093015
822101201
822104147
822106167
822110233
822112504
822115679
822120060
822122610
822123928
822126245
822126620
822128411
822130264
822132940
822133882
822136127
822137226
822139029
822145894
822148532
822154249
822168073
822179010
822180117
822181537
822197041
822197852
822198864
822199338
822204833
822219874
822222621
822229663
822229958
822235653
822235905
822235926
822238594
822242076
822247673
822248519
822248871
822252767
822252787
822253113
822254691
822259239
822260556
822260574
822267226
822268902
822276821
822286919
822287489
822295806
822299395
822303125
822309126
822314986
822320735
822323963
822326111
822326835
822331559
822332752
822337503
822349905
822357804
822358539
822360622
822360714
822362614
822365533
822365617
822372367
822377097
822382373
822384177
822387700
822390932
822396050
822398929
822424241
822426315
822429599
822430845
822439444
822446694
822451038
822452523
822454523
822454655
822458608
822467387
822468033
822484276
822485848
822492630
822494373
822496805
822506410
822510305
822513862
822516630
822522288
822522531
822523077
822524770
822528086
822528436
822539388
822544315
822552374
822554014
822557576
822558906
822569558
822572020
822575401
822583367
822584550
822586084
822588931
822597381
822618658
822620003
822620810
822621290
822629693
822629699
822631474
822632820
822635454
822636812
822643413
822644723
822648503
822650300
822653353
822656630
822658377
822661287
822665284
822666222
822676394
822676838
822678500
822679257
822685274
822687272
822692165
822698070
822711486
822716068
822739096
822740092
822746484
822754978
822760339
822762066
822763031
822763730
822766304
822768096
822778547
822778775
822782016
822782578
822786564
822793117
822800035
822800609
822801890
822812907
822819294
822819759
822823768
822827458
822831672
822843137
822850540
822851990
822863809
822863854
822865283
822871854
822872570
822887460
822893232
822905262
822910873
822911421
822914445
822917135
822920936
822926723
822934137
822934892
822934960
822935214
822936211
822946002
822948476
822953490
822956004
822963128
822965436
822970107
822970952
822972868
822976952
822980623
822985110
822987115
822989505
822990418
822994937
822995242
822997746
823004018
823012085
823017297
823020478
823021449
823023849
823026785
823039558
823047670
823050072
823054924
823058805
823061835
823068854
823073293
823087102
823100616
823102945
823108510
823114817
823116978
823117319
823124241
823130402
823131413
823131492
823131742
823132043
823134602
823135675
823138491
823143082
823143105
823145637
823150773
823165648
823171525
823177093
823187935
823192250
823193729
823194372
823197603
823199325
823203050
823204200
823215144
823218706
823222839
823228149
823230135
823230560
823242132
823244085
823245153
823249138
823250637
823253085
823257782
823260264
823263016
823264692
823266634
823267226
823267866
823273415
823274304
823277726
823279168
823279438
823282889
823283427
823283727
823284820
823286201
823295004
823295784
823295901
823296585
823305308
823306613
823310388
823311232
823311339
823315574
823317827
823318046
823327365
823328072
823343225
823344375
823358549
823367668
823371589
823374591
823374998
823377212
823378683
823379182
823381198
823383438
823386731
823390857
823392416
823392789
823394730
823396273
823396434
823396801
823406418
823407314
823411787
823414166
823418799
823419157
823425797
823426759
823427296
823432975
823434504
823442195
823446591
823448545
823450561
823455088
823455792
823459717
823471422
823503916
823504423
823506357
823509472
823525631
823623186
823623207
823628077
823632465
823632993
823636018
823648630
823664699
823678548
823680375
823684081
823687684
823705401
824034129
824035578
824039163
824040680
824046990
824063244
824064749
824079164
824098287
824109723
824110371
824110483
824111790
824121088
824133784
824134176
824139649
824140277
824147091
824147454
824156422
824159503
824303277
824311666
824312462
824315708
824319092
824321335
824331143
824335575
824336292
824340727
824346697
824354380
824371537
824374604
824380642
824383796
824384567
824389403
824391824
824393267
824397904
824398363
824401733
824409801
824417315
824419081
824428503
824493164
824493932
824497387
824500779
824510855
824511351
824513358
824517380
824522083
825879437
825886653
825886671
825888574
825894201
825899303
825901402
825907688
825911549
825918072
825923366
825931163
825934568
825941884
825944931
825945858
825945861
825951381
825954513
825960597
825961085
825965574
825965679
825967565
825968321
825968767
825969760
825972168
825973894
825973898
825978049
825983988
825992546
825993535
825996038
825998334
825999338
826001114
826003056
826005119
826010386
826011217
826012016
826012183
826012514
826013146
826013183
826019961
826020290
826029115
826030202
826033089
826034869
826035461
826035506
826038626
826039199
826039535
826040044
826050194
826050333
826066722
826070832
826071108
826072122
826072671
826075597
826075905
826081361
826081869
826085891
826087761
826087864
826088462
826100408
826100569
826102184
826102592
826105895
826111623
826115817
826116614
826119609
826121007
826121483
826122050
826124235
826125731
826126152
826133032
826144406
826148091
826149271
826156462
826157269
826157558
826159095
826159300
826159889
826161665
826162372
826164830
826172008
826172504
826174330
826178829
826180024
826180872
826186866
826188146
826188550
826188643
826188742
826191531
826196392
826200001
826201715
826204704
826208888
826212014
826213174
826213924
826214598
826218438
826239656
826240814
826241201
826243643
826245838
826246059
826253529
826253565
826256581
826277780
826287042
826287584
826290327
826293369
826297555
826298947
826301083
826309828
826310537
826311611
826316888
826317152
826322331
826324470
826327752
826332013
826332345
826332448
826335009
826336999
826337645
826337653
826344649
826345257
826355243
826360509
826360923
826365990
826365991
826366909
826367097
826368785
826370208
826376436
826377379
826377990
826379980
826381365
826386196
826387753
826388762
826389445
826400608
826400683
826401065
826405252
826408799
826412462
826416362
826417055
826417413
826417420
826417473
826420411
826423849
826425653
826429462
826432328
826437571
826440120
826443787
826443828
826448884
826451597
826454286
826454986
826458820
826458992
826459641
826461530
826463390
826471154
826475090
826477571
826480477
826481211
826503887
826505443
826506553
826508186
826513040
826513202
826513592
826515018
826515876
826537971
826549290
826553000
826558465
826558590
826559413
826561593
826566279
826569301
826572937
826573913
826574835
826577308
826577536
826578983
826581419
826581447
826581528
826582489
826583078
826583903
826587420
826589446
826589646
826592170
826592427
826592633
826595916
826604385
826604789
826605921
826606712
826610843
826610885
826611066
826611642
826612053
826615293
826622218
826622699
826641351
826654714
826655166
826655965
826657604
826658679
826659475
826659563
826659696
826660886
826661742
826663137
826665344
826666606
826668930
826669700
826671007
826671241
826673016
826675972
826677426
826678779
826681122
826681355
826682897
826686485
826687000
826687851
826688851
826689473
826692218
826692254
826692794
826693066
826695409
826697503
826697571
826698739
826700264
826702992
826703907
826705241
826705814
826706265
826707480
826708891
826709185
826709594
826710898
826711638
826712230
826712675
826713186
826714395
826716886
826717743
826722168
826728475
826728562
826735162
826737951
826742917
826743634
826743930
826743982
826744985
826745811
826748018
826748473
826753249
826757361
826757663
826759137
826763452
826765529
826768174
826768181
826774556
826777407
826780180
826781587
826782187
826782284
826782517
826788482
826791130
826791507
826791566
826792030
826795705
826798308
826801120
826802916
826803183
826803251
826803570
826806911
826807053
826807493
826808328
826808695
826808785
826809618
826809644
826815070
826816013
826816311
826816397
826818094
826818465
826818725
826818877
826820563
826821904
826822114
826823876
826825925
826825966
826826548
826827104
826827194
826829272
826831493
826831574
826832213
826833810
826835048
826835135
826835309
826838125
826841241
826842726
826843008
826844038
826844840
826845229
826846473
826846605
826850608
826850684
826851784
826853282
826854154
826856037
826856756
826859419
826859650
826861192
826862466
826863720
826864017
826864757
826865944
826867438
826871980
826874134
826874685
826878623
826878676
826879282
826880935
826883078
826895273
826897711
826900659
826902218
826905151
826907528
826909197
826911819
826915342
826915470
826922610
826928129
826930747
826932176
826932482
826941089
826944093
826952072
826955018
826956984
826957546
826957563
826959297
826960667
826961114
826965801
826967471
826970050
826976181
826977939
826980622
826986973
826987466
826989015
826989564
826994906
827005622
827008673
827011795
827028526
827029940
827044083
827044399
827047177
827048483
827049085
827052434
827054371
827057107
827063553
827067225
827072305
827076713
827077492
827083227
827086198
827087572
827090248
827090747
827091137
827094173
827100252
827102440
827106078
827106085
827108701
827109099
827111612
827115262
827117476
827118878
827121684
827122378
827127314
827127509
827129166
827133517
827134748
827147899
827149993
827156857
827158984
827159168
827162011
827162331
827168217
827169186
827170366
827171325
827171687
827172305
827174760
827175502
827177711
827177998
827178261
827179743
827180398
827181204
827182812
827188017
827188412
827191351
827191355
827191917
827192210
827192394
827194855
827194970
827197941
827198292
827199339
827206257
827211564
827217853
827220421
827222367
827227016
827231793
827232594
827233243
827233499
827233501
827234030
827234035
827235590
827240107
827240800
827243762
827247286
827252862
827253172
827262052
827266603
827267451
827269348
827270031
827275966
827277831
827280227
827283608
827284479
827289314
827293400
827301953
827302441
827303295
827304942
827305616
827307019
827309381
827310492
827315112
827315316
827317458
827323308
827325859
827331544
827333421
827351666
827353714
827353887
827356059
827360543
827360712
827363613
827367333
827369725
827371570
827372357
827377817
827383461
827386035
827388644
827393048
827394855
827400551
827402166
827403557
827404161
827405947
827407100
827414105
827415285
827415287
827415722
827416518
827416597
827420596
827424835
827425148
827425568
827425876
827430217
827431334
827433033
827437716
827441181
827442380
827442747
827442748
827446485
827446748
827447289
827448636
827449583
827450252
827453980
827454872
827455952
827462470
827462958
827464993
827465452
827467630
827467809
827472592
827478858
827479452
827482882
827485891
827486270
827486365
827487511
827490318
827492594
827497265
827499140
827500217
827501696
827509795
827510007
827515799
827516623
827516800
827519075
827533536
827534441
827537732
827538413
827550658
827552250
827561217
827562162
827563304
827563712
827565885
827567612
827569635
827574969
827575720
827576128
827577888
827578213
827580097
827580300
827581425
827582172
827587994
827591061
827593489
827594150
827594628
827596058
827597574
827603084
827607695
827607827
827611558
827612692
827613817
827616022
827618313
827619579
827624659
827628342
827633876
827637403
827639697
827641393
827642128
827642287
827645836
827646284
827646302
827647172
827647592
827647696
827648793
827649396
827649632
827650769
827651282
827651484
827651499
827651623
827653767
827657307
827658742
827659191
827659492
827660188
827661434
827661766
827662440
827666793
827666806
827670543
827670595
827672188
827672565
827672957
827674482
827677000
827677189
827677280
827677552
827681461
827682047
827684439
827686394
827688055
827689347
827691085
827691760
827695713
827696762
827697144
827697199
827703688
827703799
827704240
827705135
827705152
827705499
827706606
827707089
827707723
827707820
827708186
827708677
827708759
827710295
827710490
827712787
827713501
827713760
827713956
827717514
827719253
827719300
827719878
827720026
827720489
827721276
827722201
827723594
827723607
827727435
827728230
827728497
827736524
827736739
827740283
827741409
827743205
827744666
827745984
827752480
827752935
827754052
827755791
827756084
827756976
827763540
827763604
827767687
827768331
827770066
827772571
827773066
827773539
827777885
827779094
827781677
827781954
827786612
827786830
827787836
827790698
827794593
827796883
827805075
827805216
827805865
827806922
827807678
827812912
827814000
827814407
827817506
827818065
827823412
827824431
827824669
827825772
827827961
827829421
827829787
827831334
827833510
827846064
827847536
827848068
827851322
827851788
827853214
827853795
827855148
827856265
827856581
827856681
827857943
827859546
827862003
827862848
827864766
827865216
827867161
827867911
827869664
827871943
827874014
827876839
827877651
827877849
827878109
827879516
827879646
827880266
827880303
827880760
827881291
827883112
827886604
827887002
827890027
827891511
827895997
827900651
827901915
827904597
827904789
827906268
827907829
827913526
827914055
827914817
827915420
827917200
827920597
827922159
827924331
827924687
827925015
827926836
827926926
827931726
827933325
827935131
827935168
827936328
827939533
827940322
827940534
827940715
827942071
827943037
827943139
827943235
827944850
827945360
827945380
827945468
827946162
827947368
827947761
827948769
827949026
827950098
827950581
827951689
827952097
827952282
827954348
827955679
827955734
827955907
827955985
827956802
827957556
827957906
827958682
827960399
827961341
827961656
827962548
827964546
827964855
827965019
827965062
827966723
827966732
827967425
827968711
827968947
827971485
827971611
827971766
827972720
827974017
827974643
827975205
827979393
827979674
827980225
827981304
827981712
827982602
827983609
827983871
827985790
827986585
827989892
827991462
827991609
827992070
827992081
827993569
827994331
827994461
827996424
827996984
827998133
827998725
827999197
828000072
828001046
828001588
828002214
828002299
828002964
828003223
828003462
828005175
828005877
828006482
828007843
828008157
828008214
828008437
828008569
828009737
828009785
828010215
828015172
828015531
828015920
828017362
828018630
828018988
828019094
828019376
828019928
828020632
828023012
828023772
828023982
828024767
828025291
828025372
828026199
828026678
828027970
828028102
828028196
828028238
828029237
828029673
828029733
828030445
828030655
828031718
828032679
828033048
828036101
828038400
828039103
828039524
828040027
828040405
828040475
828040808
828041099
828041389
828042303
828043914
828044966
828045156
828045300
828046082
828049602
828049776
828050139
828050159
828050388
828051225
828054496
828054578
828055984
828056191
828056424
828056560
828057411
828057680
828059311
828060286
828060435
828062351
828063449
828063856
828065018
828066568
828068336
828068632
828069393
828073372
828076002
828077474
828077910
828081035
828088312
828088364
828089022
828096146
828098537
828098773
828098969
828100088
828105429
828111555
828111683
828115986
828116625
828116676
828117024
828117355
828117541
828117543
828120110
828121096
828122982
828123903
828124497
828125066
828131869
828132171
828135140
828135158
828141527
828141603
828141859
828141918
828143172
828145422
828147046
828147110
828147926
828148109
828148533
828151019
828151753
828153345
828155016
828155244
828155600
828156380
828156568
828161628
828162681
828163165
828164785
828165334
828166527
828168010
828168228
828170220
828170411
828170704
828172023
828173065
828175128
828175905
828176241
828176884
828177558
828177559
828178097
828178257
828180062
828180171
828181526
828197298
828197375
828198092
828198642
828199355
828199523
828200171
828205991
828207333
828207952
828207987
828208340
828209323
828210298
828211490
828214679
828214751
828214957
828215627
828216768
828219283
828221682
828221772
828221795
828222534
828222931
828224355
828225904
828226254
828226870
828227599
828228752
828229582
828230075
828230782
828231507
828232145
828232581
828233704
828237992
828238156
828238572
828238680
828239419
828239891
828240124
828240529
828247670
828247994
828248543
828248571
828250877
828252215
828254322
828255206
828257038
828260531
828261583
828262087
828262230
828263436
828263544
828263663
828263723
828263817
828266839
828267232
828267464
828267701
828267912
828268787
828272511
828273274
828274296
828274446
828276128
828277339
828277405
828278447
828278542
828278915
828279556
828280278
828280354
828283039
828284943
828286015
828288538
828288615
828288649
828288917
828290633
828292801
828293108
828293263
828294112
828295730
828296041
828296154
828296631
828297126
828297498
828298706
828298758
828299339
828299940
828299971
828306776
828306782
828306842
828308255
828316049
828318691
828324008
828324083
828325192
828332756
828338009
828340313
828342670
828343480
828352523
828356166
828364220
828364737
828365421
828366547
828366746
828370105
828373488
828373990
828374312
828376343
828377062
828382242
828384275
828391691
828393216
828395943
828396875
828412581
828414136
828421063
828427168
828427663
828431572
828434091
828436948
828441131
828447872
828451074
828456452
828456908
828459226
828460954
828462553
828463724
828465826
828471857
828473103
828477115
828481520
828481924
828483658
828486092
828487896
828488419
828488839
828490638
828492398
828493107
828493141
828493734
828494661
828494968
828495549
828500049
828504746
828507825
828510029
828513032
828513509
828513544
828515752
828516694
828519780
828521349
828534755
828535535
828536973
828537305
828538740
828545154
828550746
828551335
828556077
828558665
828560018
828560705
828562470
828568482
828573592
828574187
828574230
828575698
828583771
828586751
828595676
828596697
828599109
828599380
828599492
828599590
828599650
828601195
828602634
828604399
828608688
828609402
828613215
828613482
828618401
828622985
828624215
828626492
828627382
828628477
828630334
828634136
828634560
828638713
828644059
828644171
828646070
828646571
828647080
828649159
828649339
828650288
828654073
828655121
828659565
828664393
828667800
828670724
828673186
828674312
828675531
828676780
828677828
828678972
828679570
828680315
828685218
828689550
828691159
828697064
828698195
828700045
828700716
828704936
828705102
828712513
828713985
828714480
828715697
828719693
828721857
828722187
828723699
828728810
828730979
828733015
828736214
828736498
828742906
828742954
828746419
828749912
828750100
828759626
828763909
828766961
828780261
828783087
828784403
828785475
828786091
828786360
828788090
828789292
828792709
828796735
828800947
828802027
828802675
828804213
828809572
828810968
828814777
828815782
828816565
828816710
828820257
828827765
828828752
828829970
828832580
828833751
828834206
828835927
828842762
828845225
828849433
828851913
828851954
828852914
828853649
828853795
828854444
828856152
828857810
828860678
828861016
828864492
828865460
828867187
828867974
828873467
828878282
828878945
828880830
828880846
828881345
828882050
828884106
828885493
828887385
828887963
828890719
828893218
828893549
828894842
828895127
828897295
828900811
828901369
828901790
828902097
828905815
828907362
828908349
828908819
828910889
828911596
828914176
828914738
828921574
828923029
828925328
828925933
828928868
828934772
828935307
828943007
828944411
828945521
828945677
828947843
828948048
828954426
828955398
828955489
828955905
828956424
828959011
828961355
828962483
828963111
828963190
828965885
828967231
828968083
828968141
828969172
828969793
828970221
828970970
828973790
828975645
828979074
828981885
828982047
828986992
828987207
828989142
828989177
828989901
828989911
828990717
828995876
828996739
828997551
828998504
829002079
829002153
829003209
829003924
829005703
829008767
829012536
829015673
829017436
829018526
829021609
829025679
829028875
829032492
829032900
829036496
829038093
829039362
829039434
829039889
829041269
829041918
829044851
829045410
829046769
829049319
829049739
829050759
829052493
829054084
829055616
829055908
829056554
829058990
829061053
829061687
829062129
829063692
829064793
829066390
829069260
829070932
829072137
829073091
829073107
829074265
829077803
829077953
829078184
829078827
829081066
829081334
829081505
829082017
829082874
829085828
829087352
829090097
829090924
829091523
829092073
829094948
829097801
829100230
829100917
829102805
829103382
829104141
829105215
829108069
829109085
829110681
829111132
829111564
829112692
829113649
829114523
829114667
829116595
829117548
829117928
829118755
829119546
829119643
829120111
829120368
829121764
829122292
829124119
829124356
829125242
829126813
829127744
829130296
829130655
829131136
829132268
829132519
829133114
829134399
829134414
829135443
829135915
829135971
829137910
829140042
829140220
829141325
829141340
829142347
829142624
829143952
829144793
829145254
829146727
829148550
829148856
829149260
829149363
829149839
829150645
829151187
829152870
829156963
829157150
829158224
829160446
829161269
829161806
829162041
829162611
829163807
829164781
829165274
829165848
829168573
829171543
829172874
829174125
829174513
829175253
829179990
829180264
829180277
829180344
829180658
829181361
829181474
829182562
829183571
829186839
829187391
829188037
829190246
829191276
829191433
829192094
829192537
829192699
829193484
829194793
829197029
829202533
829205443
829206382
829208730
829208895
829208945
829209060
829209889
829211197
829211711
829213086
829216108
829219177
829221306
829221686
829222916
829227411
829227811
829229216
829230598
829231273
829231740
829232639
829233331
829234397
829240443
829240475
829241444
829243014
829243102
829243160
829243405
829246613
829246856
829248854
829249605
829250447
829251868
829251869
829252351
829255897
829256342
829259281
829261791
829263845
829264964
829266857
829268194
829269258
829271813
829271888
829273038
829274650
829274929
829274951
829275526
829276616
829276879
829277890
829278897
829281621
829283137
829284581
829287801
829293599
829294347
829294527
829295222
829298296
829300628
829300779
829301005
829301092
829301166
829302619
829304432
829305074
829306577
829306632
829308183
829310223
829310421
829313126
829314023
829314896
829315157
829316434
829316585
829317593
829317774
829318529
829319539
829321744
829323466
829326753
829326813
829326986
829328544
829328617
829328791
829329925
829330503
829332527
829336493
829336854
829338714
829339764
829341085
829342243
829346666
829350069
829351978
829353854
829355425
829356748
829358005
829358485
829359616
829359777
829361356
829361467
829361476
829362870
829364071
829366140
829369226
829370635
829370991
829373211
829376540
829377544
829377928
829379203
829381187
829382780
829386990
829387617
829388016
829389934
829395755
829398425
829400221
829403616
829405494
829405597
829405672
829405761
829409714
829411372
829412719
829412826
829418012
829420846
829423007
829423168
829423578
829423656
829423886
829424710
829425357
829426627
829427311
829429658
829431071
829431629
829435896
829436281
829437329
829437624
829439846
829441446
829444171
829444749
829448259
829457731
829457770
829459900
829462255
829462308
829464038
829465223
829469181
829472577
829473827
829491248
829491298
829493678
829494081
829500454
829503032
829505867
829506804
829511064
829516242
829516320
829517104
829517493
829518193
829518706
829519320
829520928
829521883
829523027
829533356
829538858
829539161
829543667
829545481
829553655
829556664
829558930
829563206
829569560
829574827
829606184
829606241
829606871
829607186
829607410
829607576
829608680
829611891
829612500
829613145
829614011
829617951
829617956
829618044
829618600
829620527
829622773
829641683
829641870
829643426
829650663
829653799
829655105
829656262
829657081
829660541
829661868
829664183
829667897
829669116
829671198
829672346
829675551
829677212
829678252
829680293
829681586
829681643
829685184
829686263
829686367
829688729
829689063
829690258
829692551
829695880
829696405
829697767
829698246
829698415
829698539
829699688
829703007
829705556
829706142
829706618
829709609
829711549
829713387
829716178
829716550
829719254
829719297
829719779
829720243
829722890
829727490
829729958
829730192
829731423
829732471
829732917
829733017
829737984
829739240
829739528
829742915
829743220
829743596
829743699
829744668
829746776
829749213
829754043
829763233
829763682
829764617
829765974
829766955
829770792
829771457
829771951
829773415
829774151
829775391
829775502
829778112
829779427
829780774
829783324
829783508
829784220
829784865
829789138
829789661
829789978
829790118
829791293
829792615
829793927
829796440
829798181
829803274
829804588
829804782
829807492
829807683
829809734
829809744
830178157
830179394
830180947
830183121
830184736
830185292
830190508
830191868
830194243
830194657
830195534
830196604
830197540
830198594
830199442
830199571
830200083
830201787
830203440
830208290
830209520
830210806
830210901
830211183
830212002
830215983
830217444
830218671
830220679
830221200
830221292
830221397
830222049
830224803
830225761
830226102
830230538
830230824
830231868
830232356
830237158
830238765
830240516
830240583
830242332
830243730
830246361
830246642
830246816
830246868
830247684
830249591
830250292
830250295
830251100
830253064
830256440
830258486
830258508
830259184
830261214
830262067
830263092
830264761
830265284
830266541
830268191
830269937
830270346
830270515
830270910
830271876
830272366
830273206
830278755
830279459
830279597
830280556
830283387
830283393
830284735
830284936
830285335
830285506
830286296
830286616
830289240
830293141
830294526
830296967
830301052
830301745
830301988
830304664
830305826
830307608
830308079
830311199
830313747
830313979
830314788
830315952
830319394
830319500
830319652
830320499
830321925
830323942
830327418
830327984
830328152
830328272
830328729
830329377
830331510
830331795
830332356
830332506
830332931
830334210
830335339
830336091
830336697
830336981
830337393
830340354
830343181
830343637
830344989
830346388
830354963
830359042
830359399
830360831
830361292
830361430
830361770
830362254
830362420
830364800
830364985
830365996
830370329
830371872
830373575
830373948
830374156
830374904
830375593
830377804
830380583
830380806
830381054
830381765
830382739
830382865
830385161
830385876
830388340
830395834
830406765
830407631
830408033
830416169
830422852
830445049
830445265
830453182
830456235
830456272
830548200
830548300
830548331
830548911
830552008
830552842
830555979
830555990
830556047
830560650
830561911
830566879
830575114
830576913
830577109
830585531
830636550
830636810
830637802
830640427
830640557
830641509
830643150
830647022
830647486
830648789
830649674
830651331
830651949
830652812
830653437
830661693
830667452
830669341
830669660
830671184
830671353
830671486
830672679
830676424
830678682
830681662
830682035
830693350
830693590
830693638
830694548
830694693
830697239
830697413
830697680
830697840
830700026
830702884
830703545
830703578
830704794
830705223
830705255
830706900
830707105
830707949
830709399
830712179
830715909
830716403
830718268
830718892
830719399
830719512
830720467
830720750
830721219
830722366
830722439
830722910
830725936
830726943
830728222
830728963
830729409
830729652
830729788
830730474
830730478
830731116
830732984
830733247
830733624
830735476
830735824
830736555
830736736
830736974
830737799
830739089
830739167
830739502
830740620
830741127
830741704
830741786
830742068
830742774
830744612
830745655
830747502
830747684
830748654
830749038
830751150
830755365
830755632
830756372
830756437
830757241
830759130
830759211
830759891
830760996
830761448
830761558
830763134
830766348
830775017
830781668
830782714
830784915
830786061
830786098
830786201
830789181
830790242
830792386
830792853
830792925
830793010
830794253
830794728
830795565
830795768
830795899
830796524
830797424
830797555
830798445
830798730
830799249
830807722
830816533
830817447
830818066
830818604
830818747
830823941
830825188
830827617
830830643
830833861
830834184
830835154
830838374
830839348
830839631
830840129
830840406
830842934
830843432
830843543
830843981
830844325
830845545
830848157
830849011
830849742
830851523
830852677
830854780
830855966
830858503
830859251
830860095
830860401
830860933
830861750
830863234
830863843
830865210
830865800
830866141
830867081
830867091
830868204
830868256
830868405
830868561
830869360
830869653
830870387
830872232
830873342
830875378
830875969
830876633
830876758
830877155
830879157
830882301
830882941
830883182
830884338
830884920
830887224
830887401
830888537
830888538
830891775
830892327
830892883
830893695
830893983
830894619
830894942
830897031
830897167
830897665
830899146
830899148
830900094
830902154
830902455
830903447
830905291
830905957
830906728
830907584
830908257
830909255
830909989
830910299
830910851
830910952
830911244
830911314
830911836
830911863
830912047
830912679
830913427
830914157
830916013
830916759
830917865
830918504
830919791
830919981
830920782
830921561
830921822
830922131
830922483
830923966
830929006
830929626
830930152
830930393
830930513
830931307
830931524
830932070
830932203
830934367
830934765
830935100
830935258
830935847
830936010
830937328
830937350
830937541
830937602
830937989
830938347
830938356
830938394
830940427
830940895
830941654
830942686
830943209
830943393
830943967
830943992
830944001
830944578
830945495
830945876
830947085
830948374
830948510
830948688
830949217
830949643
830949892
830950911
830951138
830951629
830952168
830952309
830952481
830952740
830953266
830954672
830956421
830956621
830957614
830959923
830960924
830962018
830963376
830967611
830970159
830971598
830971959
830972078
830972571
830973531
830974509
830974831
830977709
830977720
830977754
830978581
830979591
830979993
830980240
830980949
830982177
830982696
830983189
830983358
830983445
830984041
830985604
830986110
830986162
830986854
830987237
830989527
830991706
830991991
830993181
830994290
830994299
830994555
830994958
830995137
830995607
830995932
830996058
830997469
830998028
830998094
830999064
830999908
831001782
831001857
831002247
831002761
831002875
831003897
831004387
831004994
831005373
831006882
831007729
831007921
831008225
831009744
831009977
831010078
831010586
831010867
831011775
831012336
831013030
831013435
831016035
831017053
831018779
831019281
831020827
831021587
831021757
831022006
831022017
831022140
831022141
831023356
831023984
831024737
831024963
831024999
831025038
831026110
831030782
831031393
831031819
831035607
831038688
831040430
831041660
831042450
831043123
831044285
831045346
831047607
831049057
831049236
831049807
831050365
831051117
831054032
831056596
831059425
831064285
831070598
831070767
831071663
831072011
831073341
831073939
831074691
831076797
831077568
831078328
831078731
831080806
831081657
831081813
831082537
831085803
831090228
831093845
831094871
831096279
831096543
831097048
831097205
831099040
831100852
831100951
831102535
831103423
831105456
831105884
831106092
831107961
831108143
831108175
831108872
831109116
831109291
831111212
831111266
831111556
831113746
831115553
831115574
831116619
831119767
831119857
831121631
831121830
831123502
831124197
831127875
831128269
831128274
831129448
831132302
831132424
831132837
831133395
831133992
831133996
831135933
831136678
831136890
831137359
831137453
831139546
831139806
831140745
831140766
831140810
831143605
831143780
831144087
831145776
831145791
831147804
831149538
831150420
831151901
831155675
831156335
831156373
831156800
831157059
831157649
831158190
831158604
831159376
831161084
831162695
831164297
831165778
831166356
831166402
831167912
831168882
831170052
831171077
831171740
831172987
831173114
831174061
831177421
831177840
831180294
831181835
831182414
831183044
831183426
831191070
831191184
831210904
831221094
831221363
831223438
831224903
831226333
831226456
831231224
831231375
831234632
831235345
831236179
831236602
831238510
831238552
831239119
831239739
831242105
831243124
831243614
831243688
831244453
831245684
831245928
831246658
831247306
831254241
831256668
831257691
831260574
831260771
831261472
831262750
831263527
831265709
831266362
831266562
831266772
831266915
831268506
831271572
831273719
831274808
831279630
831279671
831280076
831280904
831281278
831281416
831282561
831283443
831284657
831284857
831285121
831285788
831285831
831286193
831288842
831289302
831289550
831291693
831293054
831293920
831295207
831295319
831295400
831295424
831296241
831296856
831297560
831301020
831303581
831304671
831304896
831306798
831308396
831308753
831308992
831309173
831310021
831310637
831311023
831311968
831315153
831315672
831315800
831317636
831318076
831319352
831319355
831320651
831321937
831322818
831323299
831325109
831326026
831326872
831326943
831327229
831327378
831327492
831327769
831329232
831330279
831332126
831332406
831334100
831334264
831334405
831335584
831337097
831337357
831342335
831342369
831342395
831342453
831343513
831343574
831346549
831347251
831347541
831347696
831351126
831352869
831354697
831355569
831355743
831356263
831357379
831359072
831361419
831361525
831364904
831366816
831369355
831369521
831369650
831371136
831372197
831372369
831372661
831372766
831373636
831374532
831376369
831376985
831378526
831378592
831379479
831379685
831380129
831380170
831381476
831381853
831382121
831382863
831383104
831383359
831383699
831384426
831385621
831385714
831386006
831387025
831387084
831387268
831388087
831388498
831389218
831389840
831390381
831390475
831390917
831391402
831393716
831394407
831396346
831396628
831396691
831397519
831397743
831398013
831398128
831398725
831399002
831399499
831400762
831400797
831400811
831401306
831401880
831402490
831402708
831403646
831404124
831405088
831405795
831405937
831405979
831406302
831408888
831409604
831409960
831410520
831411234
831411791
831412753
831413219
831415352
831415854
831417313
831417366
831417719
831419317
831419360
831419392
831420329
831420428
831422030
831422656
831422874
831423062
831423111
831423734
831424218
831424620
831424891
831425125
831425477
831425857
831426075
831426182
831426928
831427070
831427129
831427180
831427203
831427268
831428211
831428566
831429174
831429514
831430122
831430163
831430349
831430610
831431048
831431235
831431267
831431466
831432095
831432348
831432494
831432772
831433364
831433462
831433704
831433837
831434656
831435120
831435617
831435778
831436845
831437275
831438240
831438809
831438828
831438840
831439307
831439933
831440081
831440956
831441540
831441635
831442637
831442748
831443464
831443487
831443890
831445443
831445886
831446264
831446407
831448611
831449312
831449742
831449948
831450477
831450614
831451047
831451470
831452057
831452377
831453642
831454008
831454067
831454642
831456022
831457346
831457707
831460035
831460437
831461433
831461564
831461686
831461709
831462012
831462297
831463035
831463246
831464149
831464293
831464493
831464661
831464855
831465212
831465276
831465620
831466262
831466417
831467116
831467302
831467330
831467719
831467908
831468884
831469216
831469665
831470200
831470728
831470830
831471031
831472739
831472988
831473002
831473309
831473608
831473674
831474376
831474522
831475210
831475488
831475598
831475886
831476145
831476644
831476680
831477460
831477718
831477827
831478285
831478581
831481167
831481873
831481957
831482309
831482310
831482641
831482914
831483396
831483444
831483562
831484242
831485202
831485653
831485997
831486180
831486457
831486623
831486807
831488078
831488352
831488408
831488726
831488900
831488982
831489061
831489082
831492169
831494259
831495270
831495597
831495725
831495878
831496040
831496444
831497158
831497298
831497709
831497977
831498576
831499191
831499277
831500637
831500655
831501081
831501707
831503108
831503655
831504560
831504632
831504691
831508180
831508182
831508999
831509124
831509472
831510754
831512563
831513074
831514356
831514551
831515380
831515422
831515431
831516113
831516143
831516450
831517411
831518993
831521419
831522082
831522735
831523231
831523237
831523562
831523720
831523826
831524233
831524604
831524631
831525046
831525092
831525241
831525585
831525617
831525628
831525662
831525935
831525937
831526276
831526370
831526455
831527111
831527621
831528866
831530449
831530455
831531543
831533116
831533654
831533730
831533835
831534051
831534826
831534844
831534957
831534974
831535170
831535278
831535733
831537015
831538149
831539584
831539663
831541517
831541586
831542245
831542254
831542299
831542314
831542473
831542588
831543357
831543435
831543684
831543919
831544118
831544622
831545391
831545399
831545861
831546226
831546340
831547029
831547711
831548766
831548939
831549117
831549468
831549642
831550182
831550639
831550714
831551404
831551813
831552491
831552885
831553081
831553118
831553660
831553741
831553949
831554421
831554636
831554705
831554766
831555206
831555290
831555436
831555600
831555617
831555826
831556430
831556493
831557306
831557843
831558729
831559350
831559618
831560121
831560481
831561211
831562135
831562458
831562508
831562983
831563403
831563406
831563713
831564522
831564718
831565303
831565478
834042325
834042566
834042598
834043027
834050288
834050667
834051385
834052276
834052288
834052769
834053265
834053450
834053741
834081689
834084514
834085801
834086027
834087867
834088017
834088828
834090312
834090318
834092076
834095899
836073743
836074532
836074775
836074911
836075216
836076647
836077915
836079296
836080972
836081828
836081980
836082034
836083149
836083263
836083517
836084354
836084583
836084951
836085006
836085701
836087915
836091481
836091704
836091932
836093259
836094180
836097569
836097913
836098519
836098892
836099257
836099742
836100496
836101120
836101450
836101548
836101598
836102172
836102332
836102814
836103221
836104096
836104163
836104438
836104683
836105392
836105900
836106101
836106733
836107317
836108190
836108463
836109047
836109565
836109819
836109852
836110008
836110489
836111477
836111819
836111857
836111883
836113202
836114668
836115373
836117300
836117693
836118253
836118920
836120277
836120305
836121075
836157171
836157434
836158874
836176034
836176110
836176822
836177339
836177560
836177577
836177653
836177827
836177866
836177986
836178218
836180005
836180227
836180523
836181456
836181618
836181740
836181817
836182017
836182070
836182920
836182989
836183500
836183802
836183930
836184182
836184604
836184755
836185376
836185447
836185817
836185938
836185959
836186229
836187129
836187283
836187491
836187710
836188174
836188409
836189030
836189240
836189791
836190007
836191114
836193197
836194138
836194514
836194963
836195478
836196112
836196517
836196534
836196989
836197189
836198898
836199068
836199249
836199673
836199969
836200305
836200424
836200444
836200745
836201216
836201275
836201402
836201599
836201956
836202383
836202616
836202751
836204159
836204255
836204566
836204588
836204965
836205452
836205856
836206461
836207268
836207387
836207727
836207868
836207915
836208254
836208510
836208663
836208941
836209244
836209272
836209726
836209912
836210367
836211192
836211973
836211974
836212529
836212747
836213584
836213838
836214083
836214092
836214093
836214616
836214966
836216045
836216288
836216525
836216544
836217475
836219461
836219529
836219825
836220712
836220787
836222229
836223086
836223165
836223234
836223926
836223931
836224082
836224108
836224118
836224311
836224823
836225258
836233095
836233205
836236992
836237222
836237277
836238465
836238962
836239390
836240023
836240090
836240260
836241009
836241682
836241693
836242576
836243097
836243729
836243804
836243911
836244506
836244539
836244889
836245273
836245611
836245875
836246081
836246126
836246261
836246698
836246876
836247333
836247466
836247513
836247577
836247962
836248465
836248539
836248980
836250910
836251307
836252615
836253630
836253844
836254610
836254911
836254943
836255344
836255588
836256020
836256035
836256161
836403832
836404309
836459183
836459218
836459827
836460290
836460294
836460511
836460516
836460590
836461240
836461387
836461673
836461903
836462156
836462466
836463815
836463851
836463969
836463991
836464182
836465036
836465312
836465325
836465357
836465883
836466072
836466311
836466424
836467008
836467117
836467774
836468137
836468267
836468708
836468959
836469318
836469481
836469640
836469863
836470226
836470250
836470661
836470767
836471014
836471117
836471352
836471508
836471587
836472954
836473976
836474236
836474266
836474883
836475024
836475044
836475342
836475347
836475871
836476164
836476296
836476424
836476856
836477083
836477158
836477393
836477559
836479973
836480168
836480293
836480310
836480325
836480697
836480734
836481668
836481688
836481882
836482800
836483561
836489187
836489191
836493447
836493496
836493721
836494192
836494790
836495704
836495981
836496082
836496302
836496318
836496448
836496472
836496705
836496717
836496970
836497028
836497816
836497883
836498351
836498621
836498884
836498923
836498990
836500147
836501372
836501699
836501764
836501820
836501930
836501937
836502039
836502152
836502173
836502376
836502665
836502891
836503477
836534997
836535058
836535416
836535596
836535701
836536307
836536841
836536843
836537033
836537086
836537243
836537346
836537559
836537730
836538921
836539745
836539833
836539862
836540078
836540184
836540451
836540518
836540551
836540681
836540862
836540866
836545092
836545105
836546916
836548029
841448426
841449008
841449040
841449176
841449415
841449733
841449813
841450028
841450188
841450456
841450717
841450784
841450844
841451038
841451275
841451518
841451552
841451622
841452055
841452943
841452944
841453132
841453430
841454856
841455242
841455557
841455696
841455870
841455871
841456005
841456019
841456079
841456615
841456723
841457159
841457280
841457528
841457663
841457735
841457873
841458067
841458335
841459183
841459652
841460068
841460244
841460930
841461146
841461189
841461330
841461446
841461521
841461676
841461769
841461964
841463243
841463292
841463444
841463944
841464099
841464134
841464367
841464423
841465058
841465380
841466367
841466631
841467260
841467269
841467858
841468031
841468536
841468756
841468813
841469048
841469366
841469635
841469787
841470273
841471663
841471787
841472624
841473408
841473478
841474721
841474820
841474928
841474962
841475338
841475865
841475914
841475922
841475954
841475984
841476026
841476780
841477199
841477990
841478117
841478526
841478799
841479840
841479916
841480647
841481086
841481164
841481728
841481926
841481985
841482494
841482763
841482953
841483614
841483678
841483827
841484033
841484248
841484462
841485631
841485635
841486788
841486886
841486914
841486919
841487207
841487463
841487476
841487515
841488296
841488352
841488401
841488704
841489211
841490421
841490451
841490671
841490822
841491347
841491380
841491614
841493086
841493128
841493148
841493476
841493686
841493767
841494151
841494354
841494358
841494598
841494923
841495064
841495677
841496103
841496495
841496804
841497170
841497494
841497681
841497841
841497946
841498749
841498881
841498918
841499193
841499735
841499751
841499904
841500015
841500133
841500139
841500182
841500689
841500914
841500929
841501220
841501300
841501771
841501925
841502087
841502246
841502811
841503036
841503201
841503311
841503517
841504256
841504274
841504285
841504714
841505079
841505336
841505358
841505589
841505743
841506365
841506655
841506779
841508089
841508260
841508436
841508506
841508658
841508876
841508938
841509488
841510251
841510517
841510636
841510652
841510770
841510827
841511092
841512110
841512565
841512937
841513175
841513271
841513436
841513611
841515222
841515294
841515369
841515812
841516295
841516298
841516645
841516939
841517426
841518057
841518280
841518954
841519409
841520337
841520468
841521383
841521484
841521867
841521935
841522815
841523222
841523266
841523996
841524295
841524416
841525171
841525523
841527874
841528130
841530102
841530109
841530180
841530261
841530375
841530820
841531530
841531567
841531907
841531921
841532073
841532097
841532684
841533073
841533411
841533691
841534950
841534992
841535292
841535681
841535722
841535763
841536015
841536399
841536839
841537188
841537308
841537847
841537924
841538073
841538554
841538608
841539593
841539890
841540044
841540408
841540980
841540986
841541494
841541568
841541676
841541722
841542254
841542300
841543128
841543283
841543493
841543552
841543888
841544163
841544358
841544794
841545027
841545915
841545981
841546103
841546161
841546832
841547289
841548059
841548531
841548545
841548655
841549659
841549965
841550144
841550440
841551211
841551268
841551271
841551501
841551829
841551932
841552394
841552655
841552727
841553300
841553317
841553837
841554106
841554278
841554407
841554931
841555183
841555265
841555379
841555397
841555537
841555664
841555818
841556002
841556217
841556355
841556448
841557066
841557333
841557540
841557689
841557969
841558212
841558245
841558430
841559078
841559268
841559336
841559555
841560344
841560575
841560757
841560906
841561129
841561201
841561645
841561675
841562022
841562033
841562591
841563008
841563074
841563433
841563778
841564375
841564413
841564803
841566331
841566624
841567727
841569316
841569559
841569560
841569807
841570077
841571469
841571589
841571728
841571930
841571931
841572299
841572407
841572583
841572828
841572886
841573548
841573565
841573889
841574697
841575200
841575220
841575809
841576038
841578192
841578220
841578279
841579065
841579819
841579935
841580066
841580616
841580648
841581416
841581467
841582041
841582258
841582826
841583045
841583423
841583428
841583562
841583628
841583692
841583721
841583722
841583840
841583986
841584065
841584537
841584605
841584940
841585337
841585345
841585423
841585622
841585739
841585786
841585795
841585931
841585989
841586231
841586599
841587087
841587305
841587320
841587345
841587903
841588270
841588626
841588961
841589054
841589060
841589133
841589299
841589378
841589445
841589584
841590031
841590135
841590312
841590756
841590927
841590966
841591523
841591753
841592576
841592608
841592777
841592811
841592897
841593032
841593134
841593244
841593757
841593924
841594011
841594026
841594062
841594366
841594377
841594508
841594534
841594559
841594628
841594719
841594844
841594853
841595114
841595343
841595529
841595615
841595650
841595706
841595771
841595772
841595986
841596287
841596335
841596445
841596674
841596883
841597039
841597702
841597712
841598152
841598359
841598686
841599621
841600090
841600153
841600341
841600389
841600393
841600942
841600957
841601179
841601246
841601515
841601710
841602456
841602597
841603225
841603592
841603777
841604270
841604299
841604538
841604832
841604888
841605468
841605801
841605941
841606172
841606350
841606684
841606857
841607379
841607388
841607961
841608513
841608629
841608952
841609098
841609106
841609345
841609370
841609774
841609790
841609934
841610103
841610227
841610503
841611059
841611111
841612016
841612550
841613230
841613383
841613659
841613669
841613897
841613913
841613935
841614029
841614357
841614546
841614890
841615077
841615149
841615949
841617698
841617840
841617957
841618033
841618253
841618519
841618703
841618799
841619650
841619711
841620066
841620135
841620137
841620453
841621155
841621176
841621204
841621397
841622001
841622276
841623811
841624668
841624680
841625563
841625653
841626051
841626130
841627137
841627200
841627400
841627410
841627567
841627969
841628057
841628555
841629343
841629495
841630928
841630940
841631181
841631617
841632588
841632607
841632917
841633614
841634309
841634312
841635313
841637004
841637579
841637809
841638017
841638240
841638695
841639829
841640653
841641318
841641520
841641795
841641836
841641852
841641966
841642121
841642170
841642576
841642676
841642913
841643020
841643298
841643791
841643846
841644230
841644860
841645008
841645249
841645822
841646046
841646229
841646262
841646283
841646374
841646757
841646760
841647110
841647317
841647471
841647498
841647907
841648033
841648773
841648848
841650204
841650531
841651292
841651407
841653460
841653565
841653910
841654127
841654156
841654203
841654536
841654688
841655317
841655431
841655607
841656365
841656421
841656650
841656728
841656762
841656797
841656883
841656908
841657285
841657737
841658056
841658218
841658267
841658295
841658309
841658665
841658721
841659014
841659094
841662113
841662363
841662409
841662472
841662735
841663299
841663382
841663895
841663938
841664128
841664291
841664368
841664560
841664645
841664651
841664935
841664953
841665153
841665480
841665523
841665532
841665744
841665747
841665819
841665928
841666022
841666621
841666659
841666733
841666832
841666976
841667002
841667485
841667579
841667671
841667714
841667869
841667930
841668214
841668577
841668738
841669357
841669941
841670148
841670448
841670717
841671077
841671444
841671473
841671562
841671658
841672137
841672843
841672974
841672985
841673487
841673619
841674959
841674999
841675207
841675589
841675837
841675931
841676291
841676713
841676833
841677200
841677251
841678062
841679006
841679050
841679639
841680291
841681258
841681338
841681356
841681448
841681478
841681483
841681901
841682866
841682945
841683079
841683225
841683247
841683258
841683419
841684331
841684462
841684658
841684691
841684726
841684749
841685187
841685326
841686136
841686184
841686471
841686536
841686604
841686706
841686933
841686982
841687092
841687093
841687249
841687263
841687461
841688049
841688156
841688187
841688562
841688630
841688890
841689228
841689291
841689645
841689669
841689761
841689897
841689904
841690000
841692937
841694990
841695422
841695704
841695707
841695809
841695823
841696028
841696084
841698253
841698738
841698893
841699067
841699544
841700519
841700934
841701038
841701200
841703258
841703511
841704057
841704063
841704258
841704504
841705287
841705294
841706077
841706143
841706331
841706386
841706696
841706763
841706816
841706940
841707016
841707114
841707553
841708172
841709715
841710196
841710456
841712033
841712191
841712363
841712460
841712570
841712660
841713039
841714236
841714560
841714629
841714637
841714973
841714982
841715325
841715516
841715517
841715710
841715999
841716168
841716299
841716591
841716885
841716899
841717047
841717189
841718495
841718648
841719086
841719229
841720061
841720368
841721743
841721805
841722209
841722555
841722825
841723196
841723673
841723799
841724276
841724300
841724509
841724730
841726100
841726280
841726432
841726665
841726716
841726736
841727163
841727471
841727562
841727687
841727719
841727748
841727927
841728171
841728305
841728479
841728651
841729056
841729097
841729268
841729720
841730144
841730158
841730274
841730601
841730899
841730947
841730951
841731099
841731259
841731370
841731500
841731557
841731798
841731904
841731934
841732299
841732383
841732460
841732813
841733386
841733586
841733814
841734135
841734183
841734448
841734496
841734645
841734817
841735322
841735533
841735581
841735707
841735841
841736271
841736513
841736639
841736868
841736878
841737161
841737400
841737983
841738093
841738346
841738629
841739135
841739523
841739590
841739663
841739794
841739946
841740264
841740587
841740703
841740737
841740918
841740919
841741334
841741793
841742004
841742019
841742045
841742088
841742366
841742508
841742906
841742923
841742980
841742992
841743116
841743719
841744036
841744817
841744938
841745101
841745210
841745332
841746581
841746593
841746942
841747027
841747182
841747313
841747514
841747682
841747938
841747949
841748056
841748221
841748534
841748565
841748731
841748829
841748878
841748932
841749076
841749186
841749298
841749481
841749796
841750315
841750390
841750738
841750824
841751106
841752255
841752592
841752705
841752839
841752845
841753127
841753399
841753751
841754263
841754443
841754473
841754475
841754776
841755275
841755954
841756039
841756120
841756185
841756218
841756587
841758150
841758234
841758266
841758376
841758812
841758911
841758968
841758980
841759104
841759598
841760053
841760111
841760142
841760182
841760251
841760254
841760387
841760708
841760769
841760996
841761044
841761534
841761578
841761722
841761902
841762133
841762308
841762355
841762676
841763575
841763713
841763715
841763846
841763851
841763883
841763897
841764027
841764032
841764430
841764435
841764697
841764758
841765123
841765683
841766287
841766412
841766533
841766665
841767247
841767341
841767676
841767866
841768031
841768032
841768229
841768803
841770056
841770516
841770587
841770594
841770840
841771650
841772068
841772651
841773028
841773067
841773194
841773244
841773407
841773409
841773542
841774058
841774246
841774408
841774442
841774617
841774647
841774802
841775069
841775322
841775867
841775951
841778682
841778741
841779131
841780405
841780487
841780634
841781879
841782122
841782153
841782522
841782788
841782917
841783228
841783263
841783496
841783740
841783745
841783819
841784073
841784393
841784659
841784772
841785062
841785318
841785687
841786745
841787371
841788019
841788520
841789083
841789097
841789106
841789136
841789164
841789236
841789492
841789665
841789672
841790116
841790358
841790798
841791169
841791526
841791608
841791748
841791805
841792098
841792152
841792473
841792581
841792602
841792604
841792790
841793004
841793161
841793351
841793399
841793424
841794249
841794266
841794341
841794344
841794423
841794456
841794752
841794840
841795101
841795235
841795497
841795533
841795575
841795781
841795797
841795804
841795835
841796184
841796192
841796406
841796619
841796732
841796745
841797028
841797205
841797292
841797783
841797983
841798017
841798152
841798577
841798837
841798873
841798890
841799311
841799344
841799347
841799541
841799818
841799819
841800266
841800521
841800650
841800691
841800809
841800842
841801277
841801640
841801709
841801826
841801939
841802086
841802091
841802261
841802776
841802995
841803158
841803276
841803409
841803478
841803557
841803639
841803738
841803765
841803906
841804139
841804342
841804383
841804850
841804940
841805714
841805854
841805936
841806377
841806756
841806967
841806975
841807236
841807878
841807995
841808190
841808328
841808397
841808600
841808810
841809008
841809191
841809622
841809837
841809992
841810161
841810163
841810210
841810653
841810763
841811091
841811342
841811438
841811468
841811656
841811692
841811766
841812127
841812280
841812356
841812401
841812495
841812542
841812645
841812726
841812747
841812750
841812949
841812993
841813472
841813720
841813765
841813766
841813778
841813846
841814661
841815238
841815382
841815494
841815907
841816062
841816097
841816252
841816334
841816471
841816716
841816754
841816771
841817026
841817042
841817564
841817608
841817675
841817713
841817869
841817906
841817978
841818202
841818307
841818618
841818678
841819044
841819413
841820078
841820285
841822478
841822609
841823340
841824299
841824458
841824511
841824757
841825084
841825087
841825150
841825296
841825402
841825669
841825690
841825726
841825779
841825979
841826571
841826726
841826735
841826767
841826953
841827057
841827130
841827201
841827412
841827469
841827761
841829160
841829215
841829410
841829760
841829790
841829857
841829885
841829942
841830038
841830396
841830567
841830583
841830616
841830803
841831508
841833183
841833523
841833705
841834031
841834099
841834132
841834461
841834663
841834715
841835577
841836790
841837374
841837546
841838201
841838396
841838475
841838786
841839417
841839701
841839719
841839795
841839902
841839913
841840356
841840691
841840818
841841032
841841065
841841131
841841402
841842450
841842510
841843624
841843842
841843962
841844492
841844667
841845116
841845276
841847689
841848340
841848475
841848704
841848898
841849495
841849524
841850176
841850371
841850693
841850780
841851335
841851578
841851810
841852081
841852240
841852258
841852339
841853035
841853062
841853068
841853263
841853346
841853388
841853428
841853682
841853737
841853807
841853961
841854064
841854492
841854822
841854880
841854999
841855351
841855963
841856313
841856331
841856404
841856668
841857114
841857115
841857449
841857573
841857894
841858006
841858017
841858295
841858307
841858477
841858760
841858819
841858877
841859749
841860223
841860358
841860427
841860639
841860672
841860693
841860940
841861446
841861447
841861463
841861696
841861766
841861829
841862183
841862406
841862924
841862955
841863022
841863427
841864432
841864923
841864982
841865183
841865963
841866298
841866393
841866542
841866740
841866922
841867434
841868708
841869058
841869343
841869439
841869517
841869666
841869760
841869780
841870676
841870730
841870806
841871265
841871315
841871599
841871851
841872261
841872471
841872807
841872916
841872950
841873211
841873596
841873618
841873682
841873775
841874310
841874363
841875224
841875586
841875677
841875696
841875819
841876509
841876606
841876861
841877165
841877277
841877308
841878603
841878613
841878749
841879313
841879370
841879641
841879759
841879809
841879918
841880307
841880721
841880822
841880908
841880944
841880969
841881056
841881338
841881339
841881388
841881655
841881751
841882278
841882756
841882805
841882901
841883954
841884013
841884130
841884342
841884546
841885097
841885103
841885417
841885852
841886103
841886231
841886584
841886774
841887002
841887035
841887038
841887146
841887486
841887487
841887557
841887582
841887746
841890289
841890780
841890796
841891356
841891381
841891664
841891686
841891814
841891825
841891912
841891938
841894679
841894808
841895150
841895170
841895527
841895729
841895786
841895804
841895871
841896036
841896245
841896464
841896603
841897817
841898002
841898053
841898096
841898160
841898204
841898398
841898492
841898576
841899001
841899078
841899233
841899540
841899640
841900096
841900227
841900371
841900748
841900940
841902022
841902148
841902353
841902465
841902484
841902740
841903010
841903134
841903149
841903281
841903294
841903339
841903361
841903945
841904011
841904389
841904562
841904594
841904750
841904769
841904843
841904878
841907384
841907441
841907480
841907705
841907777
841907793
841907810
841907907
841908043
841908243
841908285
841908437
841908722
841908770
841908824
841909164
841909372
841910611
841911194
841911425
841911616
841911933
841912040
841912128
841912152
841912340
841912788
841912997
841913785
841913803
841914378
841914387
841914657
841914857
841914917
841915035
841915128
841915167
841915349
841915360
841915597
841915879
841916063
841916492
841916595
841916616
841916880
841917449
841917850
841917911
841917964
841918183
841918467
841918555
841918651
841919040
841919522
841919859
841920254
841920358
841920627
841921139
841921442
841921523
841921577
841921616
841921800
841921867
841921929
841922078
841922080
841922286
841922455
841922470
841922652
841922953
841923307
841923870
841924357
841924376
841924499
841924798
841925520
841927193
841927297
841927861
841927869
841928132
841928169
841928195
841928383
841928463
841928583
841928640
841928790
841929096
841929117
841929343
841929656
841929738
841930088
841930265
841930383
841930587
841930606
841930981
841930991
841931048
841931716
841931778
841931864
841932021
841932159
841932457
841932979
841933185
841933329
841933396
841933796
841933879
841934165
841934167
841934265
841935221
841935630
841935865
841935886
841935901
841936385
841936528
841936771
841936788
841936789
841936823
841936957
841937205
841937341
841937430
841937434
841937605
841937613
841937694
841937957
841938635
841938641
841938833
841939016
841939079
841939131
841939417
841939667
841939975
841940426
841941234
841941459
841941784
841941825
841941904
841942146
841942376
841942442
841942938
841942990
841943054
841943399
841943567
841943641
841943842
841943860
841944057
841944154
841944155
841944346
841944406
841944595
841944895
841945185
841945457
841945538
841945693
841945792
841946200
841946279
841946364
841946863
841947312
841947313
841947412
841947491
841947654
841947683
841947964
841948166
841948343
841948823
841949130
841950741
841950746
841950806
841950937
841951176
841951197
841951214
841951633
841951651
841951830
841951861
841951941
841952097
841952398
841952447
841952492
841952979
841953010
841953282
841953351
841953512
841953527
841953640
841953843
841953844
841954104
841954670
841955026
841955206
841955263
841955908
841955934
841956232
841957097
841957201
841957328
841958501
841958596
841959129
841959267
841959317
841959654
841959793
841960105
841960425
841960932
841961044
841961090
841961353
841961844
841962282
841962361
841962559
841962635
841962716
841963678
841963822
841964029
841964241
841964834
841965424
841965584
841965719
841965760
841966008
841966269
841966846
841966893
841967132
841967450
841967549
841967803
841968200
841968642
841968709
841968746
841968755
841968765
841969541
841969559
841970571
841970579
841970644
841970910
841971339
841971437
841971578
841972356
841972683
841973254
841973409
841973648
841973793
841974191
841974268
841974404
841974829
841974958
841975620
841975707
841975708
841975778
841976392
841976640
841976757
841977388
841977535
841977701
841977732
841977733
841977983
841978232
841978320
841978600
841978846
841978937
841978941
841979512
841979557
841979610
841979730
841979930
841980817
841980960
841981123
841981196
841981443
841981503
841982004
841982106
841982682
841982969
841983006
841983998
841984070
841984211
841984741
841984746
841985665
841985744
841985754
841986146
841986416
841986561
841986563
841987511
841987804
841988041
841988398
841988791
841988817
841989653
841989747
841990025
841990041
841990336
841990462
841990675
841990771
841990806
841991688
841992165
841993455
841993517
841993547
841993569
841993586
841993649
841993745
841993762
841993793
841993863
841994496
841994831
841994923
841994991
841995009
841995216
841995280
841995417
841995464
841995493
841995499
841995517
841995815
841995831
841995840
841995936
841996044
841996119
841996179
841996658
841996665
841996923
841996928
841997129
841997353
841997361
841998439
841998671
841999237
841999317
841999541
841999849
841999879
841999946
842000017
842000035
842001398
842001399
842001644
842001871
842001965
842001973
842002483
842002712
842003165
842003206
842003293
842003535
842003953
842003957
842004275
842004514
842004756
842004964
842005157
842005172
842005673
842005878
842005911
842006291
842006366
842006553
842006588
842007255
842007757
842008534
842008958
842009259
842009532
842009556
842009613
842009774
842010921
842010945
842011402
842011739
842012076
842012132
842012267
842012367
842013094
842013263
842013269
842013995
842014120
842014584
842014904
842015769
842017240
842017320
842017381
842017661
842018469
842018667
842018958
842019123
842019454
842019618
842019839
842020339
842020498
842020515
842020895
842021024
842021255
842021633
842022009
842023212
842023574
842023713
842024064
842024221
842024267
842024452
842024636
842024721
842024847
842024933
842025403
842025528
842025765
842025777
842026328
842026347
842026488
842026503
842026558
842026837
842027002
842027579
842027947
842028211
842028390
842028428
842028534
842028575
842029255
842029766
842029839
842029907
842030006
842030036
842030154
842030161
842030351
842030474
842030668
842030911
842031043
842031103
842031291
842031316
842031399
842031786
842031791
842032122
842032404
842032564
842032769
842033194
842033503
842033909
842033986
842034226
842034280
842034737
842034788
842034810
842034844
842035057
842035263
842035424
842035885
842035919
842036122
842036275
842036406
842036808
842036842
842036992
842037059
842037325
842037480
842038004
842038110
842038460
842038502
842038697
842038872
842038999
842039057
842039164
842039201
842039570
842039592
842039691
842040361
842041106
842041290
842041444
842041487
842041551
842041654
842041952
842042172
842042240
842042584
842043510
842043631
842043790
842043799
842043890
842043971
842044503
842044840
842045172
842045779
842045785
842045895
842046716
842046736
842046880
842046988
842047006
842047039
842048178
842048342
842048503
842048517
842049269
842049775
842049782
842049872
842050282
842050488
842050502
842050988
842051075
842051454
842051473
842051518
842052010
842052267
842052403
842052528
842052666
842052947
842053165
842053342
842053390
842053396
842053444
842053532
842053838
842053920
842054056
842054173
842054224
842054341
842056155
842056410
842056589
842057072
842059000
842059094
842059104
842059580
842059874
842059901
842060128
842060158
842060170
842060849
842061463
842062029
842062391
842062510
842062714
842062743
842062901
842062972
842063409
842063772
842063796
842063808
842067240
842067366
842067385
842067394
842067870
842067985
842068141
842068315
842068602
842068648
842069471
842069840
842070729
842070848
842070856
842071313
842071604
842072228
842072471
842074058
842074236
842074302
842074613
842074637
842074714
842075161
842075466
842075613
842075700
842084677
842084759
842085694
842085900
842086826
842086999
842087039
842087261
842087360
842087766
842087895
842088397
842088974
842089010
842089089
842089221
842089413
842090052
842090195
842090296
842090527
842090536
842090880
842090971
842091150
842091153
842091762
842091777
842091911
842092339
842092561
842092945
842093096
842093469
842093585
842093848
842093917
842094020
842094023
842094137
842094407
842094507
842094649
842094687
842094747
842095058
842095343
842095789
842095814
842095888
842096105
842096229
842096694
842096788
842096885
842096917
842097342
842097435
842097443
842097637
842097859
842097900
842097917
842098050
842098191
842098315
842098622
842098866
842099174
842099199
842099274
842099343
842099569
842099669
842099938
842099947
842100080
842100331
842101660
842101724
842101746
842101766
842101882
842101883
842101926
842102106
842102200
842102833
842103051
842103084
842103132
842107606
842107907
842107976
842108009
842108082
842108179
842108264
842108418
842108424
842108644
842108729
842109060
842109098
842109280
842109335
842110224
842110228
842110343
842110399
842110474
842110478
842110587
842110672
842110874
842111403
842111832
842111983
842112058
842112121
842113364
842113488
842114283
842114470
842138722
842138864
842138892
842138997
842139357
842139360
842139578
842139776
842139804
842140208
842140329
842140429
842140873
842140897
842141031
842141602
842141624
842141925
842142293
842142307
842142528
842142561
842142581
842142603
842142618
842142728
842143017
842143026
842143296
842143754
842144109
842144190
842144370
842144405
842144477
842144568
842144751
842144773
842144790
842145122
842145528
842145570
842145733
842145766
842146075
842146423
842146633
842147872
842147909
842148144
842148206
842148215
842148415
842148545
842148612
842148757
842148839
842149128
842149340
842149392
842149504
842149599
842149825
842149922
842150261
842150453
842150612
842150684
842150809
842152123
842152188
842152220
842152432
842152736
842153270
842153409
842153461
842153622
842153783
842154149
842154166
842154269
842154643
842154851
842154893
842155027
842155619
842155817
842155871
842156242
842156566
842156734
842157177
842157475
842157495
842157506
842157752
842157784
842157852
842157993
842158663
842158886
842159203
842160131
842160432
842160758
842160860
842161927
842162075
842162209
842162350
842162376
842162726
842162965
842163175
842163385
842163538
842163739
842163745
842164156
842164345
842164807
842164810
842164874
842164949
842165171
842165275
842165385
842165500
842165686
842165977
842166485
842166615
842166891
842167309
842167411
842167576
842167655
842167761
842168036
842168165
842168175
842168203
842169032
842169265
842169537
842169668
842169726
842169884
842170207
842170242
842170250
842170641
842170966
842177191
842177193
842177251
842177355
842177629
842177695
842177816
842177998
842178178
842178186
842178355
842178716
842179553
842180068
842180069
842180204
842180435
842180576
842180721
842190108
842191145
842191213
842191515
842191580
842192444
842196332
842196377
842196613
842196866
842197238
842197292
842197324
842197325
842197500
842197514
842197693
842197776
842198021
842198046
842199288
842199345
842199634
842200108
842200166
842201335
842201487
842201788
842202181
842202750
842216679
842216842
842216950
842217159
842217418
842217468
842220466
842240064
842240212
842240224
842240943
842241042
842241115
842241416
842243085
842243135
842243306
842243339
842243363
842243608
842243919
842244428
842245105
842252198
842252203
842254911
846492028
847174062
847176968
847185016
855529243
855530523
855531000
855538368
855539598
855539794
855540590
855542526
855546541
855554537
855556238
855571703
855576827
855579354
855581052
855581403
855584418
855585838
855586010
855590241
855595009
855599019
855604665
855609539
855609659
855609835
855613639
855614663
855614789
855614806
855615523
855619320
855627596
855631784
855632998
855633091
855637163
855638102
855649977
855650995
855652714
855652737
855654035
855655472
855655819
855656066
855656833
855660122
855667723
855670084
855675923
855677610
855680318
855683892
855686010
855687970
855690858
855691554
855693617
855696542
855710135
855719884
855746112
855746896
855755022
855762080
855770343
855774785
855789837
855799630
855802009
855802243
855809964
855821955
855827522
855828236
855832499
855833265
855835280
855845933
855851208
855858102
855863596
855872667
855874850
855875679
855877086
855880030
855881984
855888393
855890895
855891454
855900621
855903963
855906134
855907362
855909011
855911703
855921142
855923936
855924612
855927447
855928459
855929816
855929910
855933619
855947248
855950726
855954461
855959320
855962625
855967324
855969076
855969148
855971355
855972782
855980049
855980072
855981117
855984783
855986424
855988745
855988747
855989797
855994276
855994581
855996440
855997432
856000446
856001001
856001800
856004727
856021138
856021967
856023791
856029197
856034606
856042714
856052095
856106816
856109554
856113659
856119832
856123949
856125433
856129183
856131112
856131458
856143690
856146265
856224168
856230492
856230753
856232752
856266575
856271838
856277209
856280976
856299328
856309000
856312007
856314063
856318257
856327454
856346966
856357205
856361956
856363073
856365914
856373548
856376400
856379249
856381122
856384596
856387392
856391028
856425073
856432771
856434391
856437861
856439057
856442351
856744369
856758699
856764794
856767840
856769522
856779909
856781126
856785690
856797134
856799806
856807101
856834169
856836969
856839418
856847108
856892899
856903268
856904277
856913816
856914332
856921144
856930852
856960521
856995825
857006370
857008575
857017565
857026875
857035406
857036472
857070040
857125626
857131089
857135725
857136031
857143150
857148092
857149336
857215004
857216306
857233353
857234301
857246339
857250592
857256476
857257156
857268581
857274466
857302278
857323374
857336227
857343910
857345352
857353648
857354700
857361314
857361370
857366514
857369190
857372447
857377597
857386715
857387577
857388313
857407046
857418298
857418939
857423918
857427378
857430151
857432215
857432229
857440630
857463159
857475437
857477142
857485778
857496554
857527056
857530729
857535633
857537498
857551503
857553717
857569014
857569027
857572230
857580651
857585515
857589108
857589500
857591966
857594639
857594762
857600147
857600791
857617110
857630635
857647347
857825044
857851849
857853066
857854904
857860020
857860477
857865201
857874026
857878355
857880250
857892490
857892715
857911972
857929037
857942639
857945155
857950219
857951449
857952860
857955500
858242061
858242574
858246222
858256832
858259740
858329098
858330794
858348900
858349144
858349673
858351190
858353636
858355446
858359348
858359425
858374417
858377491
858389477
858392642
858394143
858396847
858412924
858413051
858418216
858418476
858425405
858435485
858435680
858437434
858438926
858443873
858450812
858452147
858457131
858458950
858461970
858464636
858469350
858484309
858486736
858523369
858528334
858532117
858533306
858533700
858534819
858545625
858557773
858557839
858558484
858566691
858569753
858571295
858574714
858575028
858575592
858585291
858587865
858596535
858605530
858607212
858611398
858611551
858613405
858624063
858626536
858633284
858654709
858654857
858669905
858670624
858676583
858681737
858683283
858687833
858688447
858700809
858701811
858708831
858710893
858714926
858726561
858728427
858733786
858734050
858737172
858738921
858740834
858745508
858757345
858766202
858767084
858768316
858774651
858776233
858798297
858817026
858820067
858820298
858826838
858830137
858841173
858851921
858855666
858859198
858867548
858878990
858882721
858899261
858899606
858900031
858904300
858908124
858909591
858915679
858925178
858936216
858968706
858969889
858971490
858984563
859014699
859026564
859036379
859037746
859041768
859050994
859052881
859077222
859082182
859087115
859092510
859096489
859098261
859104465
859104949
859116290
859123788
859150229
859159491
859170253
859173456
859176905
859225166
859229877
859232320
859232676
859235261
859237449
859252239
859262125
859265489
859267560
859285879
859286200
859290904
859291826
859306375
859317203
859318149
859320535
859325774
859346197
859346356
859347518
859356084
859394188
859394209
859396113
859403022
859403674
859405970
859410667
859412161
859412402
859413947
859417216
859427634
859433454
859436098
859457488
859459086
859464157
859467694
859471746
859471904
859477634
859483589
859498752
859502325
859508673
859509802
859523377
859525565
859525688
859528580
859541812
859562002
859566604
859567918
859574875
859578244
859582729
859594301
859603544
859611492
859622175
859622460
859626595
859629701
859637861
859639115
859645380
859664715
859677043
859682403
859685310
859686781
859690323
859694397
859697607
859698910
859698970
859715270
859722081
859726510
859726586
859737018
859738137
859740610
859741672
859751372
859753386
859756341
859761877
859774186
859784301
859787617
859798761
859814782
859814888
859828391
859831732
859831751
859832670
859840725
859845561
859857229
859867012
859870083
859873710
859879675
859885802
859885863
859885916
859891787
859895474
859901387
859911575
859912454
859915088
859917067
859918170
859921648
859925848
859926904
859942903
859952270
859961491
859964004
859967509
859980749
860010195
860017695
860021682
860031740
860033467
860038991
860046023
860050223
860051324
860067521
860083967
860087792
860093960
860104017
860107536
860115787
860119775
860134730
860135088
860145142
860154107
860154220
860157522
860164994
860166705
860176854
860181276
860185725
860188786
860190927
860198787
860199294
860204426
860207223
860208048
860208501
860212634
860213025
860223739
860227109
860227766
860231231
860237592
860238614
860239269
860245437
860246735
860251274
860254917
860258366
860266444
860271892
860274241
860276719
860276720
860278756
860281414
860281920
860282117
860282749
860283188
860283701
860284731
860288090
860289753
860292649
860292668
860292698
860292716
860293871
860295162
860296533
860296580
860297693
860298470
860300851
860300913
860302235
860302397
860302705
860303055
860304211
860305506
860309210
860309639
860309682
860310576
860311393
860314538
860315553
860315679
860315746
865686002
866179912
866216578
866225600
866226726
866230678
866237139
866240469
866254766
866261423
866279707
866295942
866297801
866304680
866324752
866330122
866331949
866347307
866350910
866353507
866354819
866357187
866365068
866372657
866385061
866388473
866393739
866396452
866404251
866423677
866439313
866439650
866441277
866445404
866450969
866495765
866503280
866516120
866517561
866520552
866522645
866530705
866532487
866535428
866543065
866546726
866573905
866598155
866598815
866599639
866617774
866628315
866628640
866631599
866639705
866644192
866645923
866650961
866659547
866665312
866666355
866666577
866670166
866699177
866722266
866722462
866723638
866724065
866730457
866730750
866735986
866753203
866753329
866753662
866756257
866759538
866770372
866773534
866775633
866782586
866783403
866783716
866783875
866794363
866794491
866805865
866810599
866816350
866820911
866826488
866827403
866833762
866843723
866851216
866854662
866855426
866859374
866860931
866863615
866872323
866873750
866874326
866885252
866890163
866894977
866897179
866897929
866898979
866901861
866905603
866906897
866907203
866909493
866912167
866915584
866918839
866924162
866927724
866936099
866937288
866938641
867507111
867523493
867524958
867527051
867577475
867579309
867590535
867591395
867592325
867594642
867601444
867601730
867603698
867603755
867607961
867614195
867618145
867622106
867624172
867626205
867627005
867630432
867642545
867647677
867647858
867648048
867650395
867652154
867652287
867653000
867653562
867655714
867658642
867658750
867658770
867659915
867661552
867661745
867663358
867669121
867670166
867670429
867674375
867674634
867675362
867677011
867679231
867692338
867692785
867695320
867696051
867696092
867697026
867701874
867702808
867742021
867808963
867811325
867811469
867813964
867814866
867815062
867823127
867823461
867827415
867830009
867830158
867830964
867832070
867832716
867840795
867842013
867842024
867842938
867843675
867843786
867849761
867850715
867851199
867851382
867851947
867854219
867854268
867854814
867858836
867861592
867865265
867866058
867866767
867867864
867870623
867873923
867876788
867876874
867877236
867879629
867881682
867883135
867883263
867885308
867889662
867889768
867892956
867893515
867927460
867929127
867934555
867937697
867951552
867952178
867952782
867952876
867966114
867978543
867989964
868008204
868010810
868022159
868023263
868025944
868026611
868030860
868032104
868034838
868038458
868053438
868053710
868057779
868059253
868059700
868062105
868069382
868071979
868075629
868080116
868097334
868106441
868109343
868110427
868114667
868140378
868140379
868141680
868143215
868145497
868150182
868152434
868153132
868161024
868164473
868167530
868171272
868173840
868177592
868187260
868188007
868223772
868224114
868244319
868258896
868267265
868270015
868271825
868277285
868279791
868284736
868288410
868292199
868294801
868310455
868310632
868316601
868321589
868322227
868337098
868339016
868340556
868343936
868345265
868346539
868347807
868348965
868350056
868351229
868353885
868355719
868358512
868359029
868366843
868367407
868377108
868382049
868387694
868396462
868402601
868404151
868406458
868409924
868423542
868425388
868427617
868434296
868442303
868442925
868444106
868445597
868450721
868461425
868461845
868477310
868478433
868484348
868486076
868487098
868489283
868491252
868497365
868500752
868505308
868507725
868507923
868519189
868531629
868532918
868535282
868537558
868552960
868557277
868575070
868575609
868576825
868579906
868584591
868586339
868591682
868596050
868596226
868598769
868601846
868608435
868608658
868611774
868616722
868617210
868621017
868621240
868621551
868629110
868632469
868632982
868633348
868633858
868634415
868635309
868635718
868643880
868649346
868655983
868658708
868668044
868671566
868674616
868679907
868680976
868683561
868685345
868686450
868687810
868687893
868690581
868693556
868695997
868702251
868703848
868704497
868706080
868716153
868725176
868727127
868734169
868737224
868745160
868747131
868747555
868750908
868752277
868758660
868758716
868758922
868761616
868766602
868774579
868774927
868779824
868788758
868791855
868793363
868794952
868795370
868799443
868801160
868803446
868806963
868807041
868810385
868817177
868826071
868826633
868828588
868831338
868834575
868834971
868844587
868845592
868848265
868849287
868852618
868859508
868862189
868863939
868866691
868881870
868889389
868890962
868898335
868908057
868909836
868910488
868911202
868913652
868913839
868916528
868917605
868918188
868932242
868935759
868937250
868937292
868939039
868941047
868948799
868948887
868950154
868952463
868960642
868989772
868993317
868993640
868997571
869001365
869002983
869003377
869007820
869010235
869017329
869019152
869030407
869042502
869044391
869045328
869052851
869056681
869059440
869079236
869091440
869094134
869094636
869094654
869095163
869096178
869098406
869099488
869101587
869107316
869107405
869108371
869110688
869111650
869116359
869116935
869116967
869118012
869118396
869118625
869119734
869122224
869125321
869125715
869130792
869135763
869137584
869139054
869140212
869140576
869144974
869146619
869148104
869148976
869149154
869150330
869151860
869152661
869155563
869157452
869159757
869161940
869165346
869169431
869171725
869172505
869173296
869173852
869175696
869177738
869179412
869179712
869181277
869182550
869183667
869184060
869185180
869186175
869188584
869191187
869193412
869193903
869196201
869196687
869198972
869201505
869211126
869211131
869213935
869214994
869215891
869218516
869219465
869220990
869222595
869222622
869222991
869223507
869224421
869229762
869230332
869232465
869233259
869233561
869240052
869240720
869242610
869243068
869244052
869244722
869246156
869252292
869259439
869265507
869266956
869268142
869268556
869269511
869272480
869274664
869278817
869279468
869280625
869282003
869288736
869289920
869291246
869292550
869296344
869299349
869304372
869305380
869306092
869309302
869312439
869315969
869329395
869330432
869336630
869339722
869348775
869348980
869349120
869353037
869357025
869358930
869360444
869366146
869366353
869369231
869369345
869373985
869375558
869376168
869376291
869377794
869377848
869380623
869381129
869382581
869382704
869383586
869384139
869386234
869390012
869391302
869396188
869396994
869397122
869402472
869406007
869409559
869409625
869413651
869413729
869423610
869429453
869431169
869435008
869435180
869436518
869437140
869437341
869437539
869446201
869449476
869452287
869453291
869454199
869458763
869460852
869466374
869468638
869474177
869476034
869476193
869476319
869480692
869483656
869488381
869494839
869500359
869500482
869502579
869504404
869514977
869515719
869516074
869516999
869518711
869519932
869522512
869522763
869527057
869527857
869530207
869532604
869537556
869543901
869546940
869548968
869551353
869553057
869554662
869555005
869556656
869561011
869562690
869564813
869569316
869572379
869574293
869575003
869578310
869578595
869579663
869580511
869580578
869585839
869588415
869590120
869593870
869593983
869594533
869595817
869603556
869605592
869606391
869607243
869607887
869608735
869609750
869612471
869612559
869614015
869617142
869619527
869620515
869621415
869625276
869625659
869632128
869635440
869637794
869638881
869639011
869640147
869640227
869640850
869642607
869647355
869651971
869652058
870043736
870044373
870046631
870047854
870048094
870050950
870053953
870054008
870054812
870059361
870063266
870064200
870065987
870070127
870071787
870075621
870078249
870082919
870085130
870087520
870087832
870088625
870089172
870089331
870091648
870091720
870093061
870093195
870093894
870094025
870094197
870096141
870098633
870098783
870099370
870099739
870101066
870101761
870104059
870105585
870105853
870106441
870108458
870108483
870111091
870112329
870112750
870113170
870114136
870114370
870177041
870178075
870178611
870180405
870184290
870184351
870187319
870188988
870189564
870190576
870194938
870194962
870195492
870196530
870197676
870197836
870197997
870200308
870200327
870200374
870201943
870203149
870205560
870206539
870207713
870207732
870212066
870213720
870214115
870214841
870214998
870215020
870215320
870215436
870215733
870216605
870216661
870217099
870217724
870220399
870220739
870223823
870224567
870224656
870225592
870226315
870226326
870450231
870450531
870454309
870454415
870455906
870456488
870457567
870458984
870459301
870459637
870459855
870460220
870461746
870462301
870462551
870462591
870462655
870462999
870463906
870464738
870465271
870465440
870466093
870467469
870472483
870479603
870479830
870480047
870480562
870480733
870482011
870482085
870483793
870485303
870485456
870485521
870486034
870531972
870532208
870532485
870532852
870533066
870536965
870554159
870556162
870556749
870560484
870563571
870564166
870566546
870568042
870570656
870577146
870577313
870577725
870578548
870579034
870581758
870581844
870582340
870583191
870583937
870584350
870586874
870587419
870588680
870589331
870589965
870592047
870592718
870593802
870595308
870595344
870596408
870598622
870600430
870605126
870607128
870611223
870612146
870612763
870613764
870614863
870615502
870620207
870621131
870626283
870627501
870628149
870629309
870630328
870630797
870631123
870631262
870631360
870631746
870631786
870633946
870634031
870634724
870639248
870640749
870641001
870641266
870641498
870646055
870646395
870648439
870650074
870650897
870651413
870652593
870652663
870652815
870653990
870654617
870655594
870656301
870656525
870656820
870657557
870661858
870662150
870663117
870667313
870667476
870668528
870670291
870670650
870671490
870673675
870674506
870675337
870675496
870676577
870678363
870681362
870681881
870682201
870684694
870685552
870685609
870687308
870687519
870688346
870688863
870689664
870690828
870693567
870693910
870694544
870695055
870696031
870697336
870699088
870699309
870703841
870703945
870705073
870706755
870707637
870708161
870708830
870709015
870711880
870711986
870712752
870713863
870714000
870714046
870714155
870714768
870719085
870719766
870720185
870721116
870721286
870722753
870722823
870724973
870727192
870727913
870729924
870730576
870733516
870734526
870736346
870736485
870736862
870738069
870738683
870739573
870740316
870741030
870743501
870743608
870747458
870748269
870748330
870749761
870750649
870751589
870751660
870751692
870751778
870752070
870752279
870752612
870753780
870755093
870755873
870757639
870757686
870757912
870758347
870758563
870758679
870759775
870760346
870761647
870762117
870762326
870762592
870763108
870763835
870764457
870764610
870764745
870766798
870766846
870772505
870773479
870775886
870776542
870776592
870778820
870779869
870779917
870780132
870781026
870782512
870783923
870785484
870785823
870786053
870788037
870788947
870790570
870796055
870796466
870798240
870799357
870802308
870805635
870805762
870811434
870812201
870815791
870817575
870818221
870827919
870828823
870830340
870831011
870832295
870833012
870833219
870833409
870835927
870840045
870840620
870841699
870842111
870846512
870846937
870848343
870848385
870849013
870850023
870856230
870857254
870859283
870860140
870862020
870862607
870868376
870868788
870869228
870869787
870871093
870873673
870874756
870875763
870878250
870879507
870881258
870881328
870881464
870881517
870882898
870884792
870887617
870888016
870888806
870888859
870891267
870891393
870892981
870895635
870896907
870897580
870898245
870899759
870900425
870900880
870902578
870904352
870904367
870904762
870905100
870906259
870906706
870910223
870910523
870911349
870912427
870913090
870914366
870914471
870914716
870915045
870916041
870917214
870917693
870918057
870919409
870919730
870920564
870921123
870922920
870923401
870923494
870924447
870925305
870926532
870926805
870926853
870927046
870928614
870928913
870929080
870930220
870930601
870931141
870931454
870932251
870932493
870932666
870933805
870934029
870934344
870935732
870936109
870939825
870940683
870940699
870943651
870943785
870943794
870944213
870944505
870944531
870945023
870945272
870947099
870947384
870947731
870947880
870949933
870950039
870951466
870952001
870952106
870953312
870953917
870954593
870955150
870957103
870957189
870957361
870957522
870960052
870960772
870961294
870961710
870963105
870963806
870963933
870964001
870964030
870964038
870964095
870964581
870969112
870969228
870969856
870971411
870971519
870971710
870972097
870972143
870972376
870972540
870972644
870972693
870974556
870975208
870976238
870976659
870976742
870977306
870977391
870978238
870978689
870979097
870979608
870980197
870980991
870982449
870982582
870983112
870983975
870985855
870985870
870986088
870986618
870987573
870989140
870989423
870990142
870990713
870990797
870990998
870991733
870991976
870992320
870992344
870992498
870992543
870992622
870992677
870994104
870994806
870994938
870995298
870996342
870996499
870997965
871003737
871003958
871004012
871004193
871004782
871006269
871006644
871006912
871008673
871008847
871009048
871009164
871009359
871009841
871010098
871010454
871011299
871011442
871012586
871013271
871014339
871015176
871015766
871015781
871016349
871016420
871016466
871016847
871017066
871017407
871017574
871017638
871018254
871018311
871019225
871019781
871019858
871020405
871020547
871020588
871020861
871020936
871021083
871021098
871021861
871021955
871022256
871022517
871023020
871023729
871027303
871028194
871029067
871029271
871030926
871031882
871032325
871033035
871033601
871033745
871034189
871034814
871034870
871035345
871035366
871037389
871038033
871038062
871041493
871041958
871042044
871042624
871043014
871043468
871043623
871044102
871044172
871045000
871045474
871046550
871046569
871046800
871046919
871047005
871047920
871048302
871049765
871049969
871050038
871051246
871051388
871051934
871052087
871052933
871053259
871054589
871055041
871056385
871056758
871058559
871058678
871059096
871059104
871059603
871060415
871060492
871061422
871062469
871062476
871062799
871063334
871063371
871063465
871063685
871063788
871063862
871063921
871064521
871064631
871066291
871066408
871066493
871067248
871067685
871068021
871068771
871069487
871069677
871070107
871070431
871070590
871070901
871071180
871073090
871073324
871073419
871074721
871075464
871076283
871077371
871077686
871078125
871078164
871079358
871080074
871080797
871082270
871083311
871085576
871087168
871087270
871087333
871087981
871089017
871089488
871089902
871089986
871090071
871090616
871091357
871091528
871092432
871093411
871093900
871094209
871095594
871096078
871096393
871097337
871097613
871098064
871098155
871098915
871099060
871100050
871100922
871101556
871102261
871102322
871102607
871103032
871103241
871103842
871103952
871104632
871104737
871104756
871104778
871105504
871105984
871108343
871108940
871109104
871109413
871110576
871110618
871111119
871111155
871111285
871111614
871111659
871111715
871111851
871111868
871112316
871112580
871112722
871113630
871113826
871114228
871115731
871115739
871116020
871117490
871118011
871118914
871119249
871119434
871120483
871122602
871123661
871123672
871124061
871126181
871126236
871126438
871127073
871127274
871127588
871128674
871128753
871129530
871129538
871130237
871132390
871132471
871133620
871135853
871137612
871137764
871138707
871138781
871139290
871139398
871139661
871139781
871139957
871141363
871141972
871142343
871142489
871144565
871145210
871145403
871146071
871146329
871146782
871147038
871147093
871147580
871147682
871147747
871147811
871148444
871148741
871148754
871148808
871148903
871149179
871149624
871149775
871149888
871149926
871150351
871151406
871151605
871151687
871151866
871151962
871152368
871152391
871153258
871153666
871153930
871154026
871155245
871155375
871155507
871156457
871156464
871157028
871157056
871157642
871157923
871159329
871159434
871159694
871159699
871159764
871160274
871160679
871160709
871160778
871161733
871161770
871162117
871162732
871163048
871163598
871163684
871163796
871163811
871163978
871164568
871165007
871165136
871165671
871165976
871166016
871166091
871166103
871166592
871166739
871167071
871168354
871169154
871169181
871169220
871170718
871171441
871173951
871174717
871174980
871175357
871175597
871176693
871176830
871178081
871178136
871178153
871179442
871180696
871180697
871183139
871183169
871183431
871184110
871184129
871184345
871184818
871184912
871185073
871185524
871186413
871186582
871187159
871187454
871187603
871188223
871188496
871188841
871188914
871189202
871189379
871189870
871190560
871190957
871191237
871191597
871192237
871192931
871193035
871194079
871195281
871196611
871196868
871198208
871198498
871198997
871199315
871199547
871200120
871200945
871202389
871203110
871204802
871205829
871205867
871206113
871207082
871207384
871207734
871208082
871209901
871210984
871211211
871211604
871211875
871214352
871218576
871223149
871225656
871231239
871232060
871232421
871233755
871241672
871243018
871245745
871246465
871248736
871254333
871254520
871262496
871263607
871264412
871272077
871273278
871276959
871278860
871280106
871281251
871284533
871291203
871293807
871295389
871297166
871297514
871304886
871305995
871309861
871313713
871313842
871314185
871315339
871317248
871321554
871324342
871327704
871328663
871329614
871329691
871330135
871342382
871342669
871349474
871352533
871354116
871361049
871362497
871363073
871375594
871379381
871381447
871389938
871390104
871397962
871398277
871407736
871408165
871408351
871409063
871412463
871413603
871416402
871416676
871417236
871421292
871422314
871423015
871431195
871433963
871434224
871445168
871447581
871448514
871453330
871457338
871462650
871463024
871467403
871468895
871469804
871470139
871482723
871483142
871484172
871484542
871490158
871492969
871493236
871493520
871496141
871496657
871499161
871502680
871505214
871506415
871508691
871509896
871513555
871515293
871524630
871524638
871524666
871527183
871528056
871535292
871535966
871539917
871544707
871547426
871551785
871552821
871554846
871555195
871555991
871558606
871559497
871564263
871571023
871571025
871577419
871577765
871579448
871581116
871581916
871587099
871594858
871596852
871597082
871597460
871605175
871605351
871609695
871611752
871612918
871613230
871613367
871614179
871619170
871621892
871622524
871635138
871635764
871636380
871636408
871637487
871638898
871639064
871639070
871642540
871647184
871651118
871651170
871653387
871653442
871654397
871658332
871660648
871662751
871662878
871663202
871664387
871666744
871668347
871678038
871678313
871679233
871680452
871685844
871690133
871692077
871695284
871696394
871697428
871698424
871710676
871713543
871713628
871717996
871723911
871735026
871737366
871739666
871739719
871741296
871742800
871746060
871752202
871755037
871755411
871760740
871761115
871765492
871768323
871772647
871774610
871774814
871779105
871782385
871783145
871783503
871784841
871788398
871792596
871793952
871795816
871795821
871796823
871797027
871800057
871800099
871800570
871802416
871805145
871810479
871812428
871815350
871816175
871817777
871817907
871818004
871819447
871823384
871826082
871829435
871830603
871831184
871832683
871833013
871837448
871837661
871839085
871842554
871843183
871843610
871846140
871848775
871849010
871850522
871851830
871852715
871853948
871855427
871856085
871866009
871870570
871872907
871874412
871874698
871876858
871879213
871880755
871883678
871884471
871885011
871888428
871892386
871893535
871893612
871896726
871897462
871898609
871901163
871902342
871906358
871907285
871908270
871912742
871913231
871915815
871916393
871917467
871917786
871918504
871921100
871921848
871930932
871933501
871934867
871936282
871937866
871942162
871944832
871945752
871948951
871949565
871954681
871955286
871956852
871959752
871960457
871961304
871962217
871962457
871962722
871964126
871965234
871966414
871967117
871969714
871969893
871970401
871971903
871974818
871974820
871976049
871977263
871978105
871981015
871981861
871983015
871984034
871986995
871988096
871989535
871989799
871990762
871992833
871992952
871995325
871997478
871998200
872001099
872001916
872003083
872003380
872004382
872005151
872005443
872006076
872008035
872008304
872017775
872020709
872020838
872023019
872023285
872023961
872025158
872026557
872030652
872031509
872032949
872034887
872036502
872038733
872039274
872040049
872040196
872041487
872044366
872045167
872045289
872048069
872049153
872050552
872050760
872054857
872055169
872061493
872067837
872070097
872072367
872073581
872074741
872077146
872077751
872077757
872078983
872080725
872083151
872084738
872085216
872088004
872088207
872088441
872089160
872089289
872089765
872090919
872091615
872091625
872092768
872093754
872095388
872100073
872101939
872102312
872102506
872104540
872108605
872108850
872109967
872112116
872112667
872116637
872116647
872116797
872124092
872125327
872127256
872132470
872132778
872133201
872134228
872136907
872137871
872140804
872147519
872149425
872150498
872155852
872157260
872158903
872160402
872161832
872164103
872164792
872166500
872167656
872167965
872168137
872169569
872171312
872172270
872173905
872176188
872177106
872179889
872181823
872182754
872183469
872183741
872185294
872188931
872191097
872192611
872193747
872194557
872195963
872198533
872198697
872199481
872203258
872203937
872206439
872206977
872208452
872208576
872211193
872213456
872215225
872219388
872223862
872223890
872227354
872227759
872228109
872229051
872230374
872234418
872235338
872239096
872241203
872241371
872242678
872244855
872246021
872249561
872251422
872252728
872253268
872254262
872254264
872259069
872259639
872262971
872264558
872265922
872267854
872268479
872269262
872269903
872271828
872272787
872274154
872274427
872275355
872275537
872275913
872280080
872281580
872281616
872282443
872284983
872285780
872288537
872290307
872293033
872293129
872293755
872295767
872298445
872299326
872299387
872300691
872301530
872303084
872303339
872310438
872310641
872310816
872311907
872313257
872314483
872315079
872315169
872318455
872319366
872320901
872321374
872323617
872326007
872327405
872327708
872329091
872329763
872331148
872332101
872334740
872342450
872346186
872348706
872350100
872351125
872351924
872353194
872354225
872355384
872358352
872361986
872362262
872362727
872363026
872363368
872365190
872365779
872366083
872366282
872366927
872367558
872367862
872369681
872370904
872374039
872374411
872380983
872382419
872385921
872386041
872386617
872386735
872390662
872391247
872394225
872395037
872395508
872397114
872397375
872398927
872400086
872402362
872402607
872404086
872407017
872407908
872409304
872410036
872410878
872411663
872412287
872412875
872413445
872416007
872417333
872418662
872419541
872421654
872421709
872424423
872424521
872424601
872427812
872428526
872428857
872429932
872431490
872433205
872433451
872433619
872434158
872436166
872437608
872443403
872443760
872444136
872444305
872445083
872446136
872447453
872448119
872451463
872453919
872454090
872457011
872460126
872463957
872464343
872465189
872465307
872467165
872467656
872468067
872468412
872468657
872469531
872470838
872473269
872475128
872475186
872476166
872477494
872478048
872478327
872478907
872479112
872480594
872483869
872484621
872485250
872488654
872489010
872489235
872489378
872489972
872490437
872491893
872492294
872492494
872493905
872494356
872496489
872497010
872497287
872499031
872502138
872505288
872505525
872506537
872507702
872508903
872509002
872511229
872514115
872514481
872514916
872515733
872518534
872522544
872522600
872522797
872528009
872529354
872532087
872532797
872534300
872534809
872536907
872537652
872538747
872541169
872541579
872541594
872541745
872542118
872543106
872543829
872544006
872544324
872544331
872544849
872546841
872547305
872549496
872550428
872550747
872550855
872552618
872553435
872553502
872554632
872554910
872557459
872557924
872558992
872559038
872559962
872560015
872560880
872563361
872563863
872564308
872564825
872568058
872569750
872572813
872574298
872574695
872576238
872576415
872576580
872577193
872578317
872578908
872580958
872581045
872581190
872581666
872581667
872583282
872583331
872583349
872583470
872584441
872584883
872586678
872591595
872592344
872593406
872593418
872595068
872595602
872595971
872596153
872598344
872599279
872600288
872600436
872600594
872600759
872601671
872601905
872602543
872602828
872603019
872603023
872604827
872604924
872605103
872605631
872605730
872607451
872607987
872608859
872609004
872609318
872609545
872610116
872611634
872612562
872612783
872612809
872612950
872614889
872615036
872615401
872616324
872616325
872616359
872616778
872617091
872617779
872618535
872618634
872619185
872619276
872619361
872622698
872622932
872624321
872627940
872628415
872628814
872628898
872629562
872629818
872629832
872630655
872630660
872631186
872631302
872634620
872635332
872638921
872639218
872639732
872640060
872640312
872642280
872642984
872642988
872643069
872645392
872646127
872649070
872649952
872650290
872652035
872653419
872654260
872655085
872659790
872660194
872660260
872661495
872662066
872662879
872668310
872670776
872672397
872673819
872674811
872675434
872675488
872675819
872676965
872677300
872680654
872683473
872684119
872684695
872684828
872686108
872686811
872691118
872692217
872694213
872694286
872696472
872696990
872698074
872698075
872699126
872699796
872702513
872703402
872706883
872707157
872710833
872711291
872712573
872715505
872715575
872717019
872717681
872717796
872718547
872721112
872723114
872723462
872724660
872725791
872727913
872728838
872729067
872729392
872729894
872729986
872731067
872734937
872735434
872735999
872736234
872736823
872736850
872738505
872739249
872739371
872739636
872740678
872741340
872742168
872742562
872744173
872744458
872745978
872746373
872747333
872749413
872750614
872750790
872751556
872752197
872752268
872754604
872754900
872756212
872757476
872757745
872758144
872760639
872761499
872763099
872766102
872768443
872769198
872770062
872770956
872771261
872773152
872774751
872775036
872776426
872776501
872776683
872776946
872776951
872777228
872777491
872777633
872778749
872779506
872781825
872782286
872782609
872783528
872784698
872784705
872785464
872785548
872790619
872791030
872791723
872792168
872795010
872795322
872795384
872796401
872797204
872797954
872798560
872798930
872799747
872799811
872799833
872799900
872801246
872801775
872802217
872802381
872802663
872803980
872804369
872804683
872804933
872804992
872805755
872806184
872806421
872806484
872807550
872807938
872808521
872808903
872809870
872810133
872810653
872811059
872811299
872811342
872811664
872812822
872813312
872814897
872815116
872815906
872816358
872816486
872816742
872817411
872818195
872819506
872819641
872819772
872819932
872820639
872820916
872821315
872822441
872822653
872823263
872823740
872823966
872824197
872824580
872824832
872825819
872826037
872827704
872827743
872827901
872828217
872829025
872829192
872829647
872831145
872831165
872831296
872831715
872832005
872832585
872832797
872833145
872834252
872834391
872834913
872834948
872836098
872836923
872837379
872837678
872837881
872838279
872838961
872839642
872839817
872840399
872840437
872842054
872842252
872843199
872844861
872846297
872846695
872846956
872847099
872847377
872847390
872847428
872847904
872848975
872850602
872850713
872851207
872851443
872852114
872852437
872852589
872853278
872854507
872854633
872854908
872855094
872855427
872855806
872856981
872859662
872860147
872860578
872860668
872860894
872860946
872860954
872861941
872863070
872863955
872863960
872865419
872865430
872865860
872866112
872867663
872867929
872868091
872868379
872868883
872868945
872869344
872869514
872870151
872870357
872870813
872871429
872871627
872872244
872872516
872872614
872873321
872873799
872873861
872875934
872876534
872876561
872876952
872877289
872878733
872878866
872880095
872880535
872880844
872881201
872881341
872884511
872884589
872884857
872884933
872884936
872885054
872885109
872885663
872885839
872885977
872886952
872887546
872887922
872888120
872888381
872888484
872888548
872888874
872889096
872889146
872890876
872891042
872891531
872891549
872892424
872892510
872892696
872893686
872895163
872897551
872899037
872903113
872903245
872903266
872904441
872906098
872906577
872907100
872907450
872907680
872907875
872908527
872910039
872911820
872911950
872912225
872912274
872912501
872913331
872913417
872913698
872913992
872914357
872914616
872915673
872916405
872916693
872916808
872917786
872917793
872917823
872920374
872920915
872921268
872922437
872923358
872923727
872923774
872924672
872925013
872925886
872926247
872926303
872926385
872927703
872927736
872928134
872928207
872928363
872928826
872930739
872932221
872933531
872934570
872935002
872935077
872935185
872936326
872937126
872937925
872938299
872939090
872941190
872941878
872941909
872943124
872943345
872944228
872944577
872944974
872945353
872945387
872945707
872945916
872946124
872947711
872947784
872948229
872948484
872948505
872949116
872949482
872949742
872950184
872950604
872953474
872953660
872955323
872955507
872955791
872955853
872956057
872956512
872956925
872957212
872957445
872957537
872957612
872958120
872958676
872959497
872960037
872961338
872961639
872962374
872962545
872962726
872963344
872964426
872965124
872965360
872967311
872967612
872967655
872967875
872968116
872968333
872968781
872971217
872971831
872971918
872972500
872973486
872973512
872974176
872974741
872976852
872977102
872977323
872977423
872977482
872977714
872978454
872980019
872980058
872980115
872980330
872980375
872986445
872989037
872990840
872991231
872991597
872991907
872992601
872993363
872994636
872995544
872995561
872997068
872997430
872997489
872997592
872997719
872998197
872998546
872998603
872998703
872998790
872999462
872999666
872999672
872999828
872999954
873000190
873005883
873006560
873006910
873007837
873008430
873011305
873012099
873012310
873012559
873012879
873013016
873013768
873015917
873016561
873017756
873018521
873019735
873020710
873022850
873023142
873024487
873025130
873025246
873025548
873025817
873027522
873027575
873027725
873028168
873028240
873028350
873030683
873031262
873032090
873032453
873032961
873034212
873034481
873035348
873035508
873036999
873037174
873040279
873040659
873041674
873041881
873042135
873042801
873043381
873044102
873044431
873046670
873047240
873047538
873050400
873050886
873051500
873051909
873052557
873053054
873055127
873055471
873056031
873056618
873057118
873057281
873057343
873057626
873059793
873060560
873063545
873063778
873066211
873066299
873067388
873068498
873068731
873069149
873069498
873072757
873073680
873073758
873075253
873076586
873076852
873076913
873077250
873077422
873077756
873078224
873078437
873079157
873080770
873082613
873083577
873084032
873084683
873085365
873086865
873088340
873089190
873092085
873092598
873092816
873093252
873094174
873094487
873094935
873095777
873095922
873096346
873098152
873099771
873100132
873101006
873103642
873105983
873107018
873107124
873107308
873109117
873109291
873110645
873111739
873113683
873113746
873113885
873115144
873115523
873115639
873117651
873117805
873117820
873119672
873119820
873120584
873121333
873121468
873124183
873124343
873125605
873126368
873127624
873128910
873128985
873129281
873129853
873130423
873132023
873132354
873132499
873132707
873133657
873133852
873134890
873135268
873138305
873140615
873140819
873140826
873142857
873142880
873143841
873143922
873144038
873144917
873145541
873145757
873147407
873147958
873148936
873149821
873151808
873152172
873153253
873153928
873154376
873155712
873155861
873157052
873157278
873157300
873157870
873158248
873158788
873159564
873159668
873159958
873160057
873160751
873161658
873161828
873161949
873162298
873162619
873163017
873163769
873164181
873164229
873164345
873164356
873165673
873166265
873166382
873166504
873167164
873167222
873167341
873167689
873168020
873168701
873168891
873169331
873169363
873169676
873170529
873170644
873170886
873172196
873173377
873173742
873173857
873176035
873176835
873178015
873178754
873179011
873182191
873182323
873182676
873183209
873184013
873184279
873184400
873184569
873186392
873187785
873187959
873188161
873188180
873188878
873189118
873190101
873190929
873192207
873193663
873194690
873195012
873195233
873196113
873197466
873199223
873199422
873199978
873201751
873202254
873202308
873202358
873202553
873202859
873204515
873204942
873207263
873207552
873208071
873209687
873210047
873212117
873212153
873212772
873214646
873214837
873214845
873214946
873217015
873217125
873217522
873218134
873220058
873220369
873221833
873221847
873223858
873225854
873226519
873228503
873228539
873229862
873232318
873233317
873233380
873234053
873235828
873236541
873237234
873238432
873239108
873239126
873240146
873241784
873241918
873242065
873242982
873243171
873243262
873243321
873243732
873245221
873245344
873246824
873247322
873247651
873250046
873251204
873251863
873252522
873254057
873254474
873254650
873255186
873255548
873255875
873256729
873257161
873258451
873259371
873260689
873261294
873261345
873262119
873262245
873262754
873264239
873266065
873267436
873268771
873269203
873269425
873269541
873270397
873271673
873272130
873272446
873272767
873273410
873274990
873276054
873276257
873276528
873277406
873277632
873277903
873278447
873279105
873279410
873279729
873280747
873281123
873284306
873284513
873284932
873285044
873285061
873285117
873285121
873285330
873285459
873286822
873286867
873288467
873290375
873292110
873292211
873292443
873292658
873292997
873294937
873295559
873296613
873296847
873297714
873297824
873298242
873299002
873300917
873302069
873302410
873302466
873303166
873303315
873303383
873303415
873305000
873305193
873305264
873306790
873308755
873308863
873309475
873309700
873309861
873310223
873310825
873311620
873311755
873311822
873311862
873312308
873312330
873312352
873312569
873312818
873313738
873313780
873313893
873314108
873314198
873314918
873315092
873315138
873315158
873315709
873316135
873316228
873316681
873316683
873316739
873319272
873320159
873321109
873321214
873321437
873322539
873322665
873322731
873323266
873324517
873324785
873324933
873325092
873326166
873326184
873326243
873326619
873327217
873329262
873329984
873330731
873331675
873331688
873332014
873333228
873335620
873337131
873337411
873338453
873339132
873339631
873339666
873340968
873341269
873341677
873342000
873342005
873342113
873342624
873342778
873342908
873343447
873343725
873344445
873344851
873345517
873345766
873346335
873348513
873350553
873352188
873352900
873353012
873353978
873354023
873354287
873355467
873355719
873355953
873356338
873356404
873356910
873358398
873359203
873359213
873359677
873359742
873359942
873360820
873361094
873362495
873362832
873363551
873363806
873364953
873365230
873365291
873365387
873365877
873365889
873367592
873367659
873368532
873368746
873370949
873371003
873371230
873371791
873372327
873376492
873377117
873378143
873378220
873382629
873386487
873386852
873387355
873388552
873389327
873389362
873390047
873391839
873391890
873391996
873392134
873392493
873393165
873393604
873393616
873393628
873393879
873394707
873395021
873395561
873395597
873395753
873395773
873396852
873397048
873397162
873397466
873398430
873398556
873399585
873402769
873403924
873403981
873404775
873405331
873405473
873408274
873408373
873408626
873409087
873409514
873410045
873410798
873410929
873411647
873413495
873413527
873413571
873413677
873414268
873414460
873414559
873414627
873414786
873415171
873415227
873416934
873417198
873417827
873418066
873418318
873419092
873419688
873420959
873421361
873422711
873423087
873423399
873424014
873425161
873425164
873425377
873425606
873426068
873426409
873426753
873427183
873427237
873427410
873427549
873429479
873429515
873429787
873429932
873430241
873430892
873431771
873432711
873432728
873433068
873434683
873436870
873436925
873437732
873438310
873438445
873438480
873442353
873446556
873446904
873448003
873448159
873448513
873448813
873450216
873451715
873453980
873454293
873454365
873455688
873456178
873456536
873458469
873458981
873458995
873459077
873459741
873465525
873466019
873466914
873467684
873470452
873470763
873471199
873471280
873472422
873472539
873473689
873473866
873475629
873475749
873475751
873476352
873477276
873477866
873478369
873478625
873480127
873480965
873482218
873482669
873483035
873483420
873484934
873485201
873486287
873486515
873488219
873488588
873488887
873490155
873490905
873491615
873492042
873492067
873492828
873493543
873494257
873494304
873494681
873494813
873494820
873495175
873495983
873496160
873496629
873496781
873496807
873497187
873497449
873498297
873498448
873498954
873498989
873498992
873499754
873501337
873501581
873501606
873501795
873503173
873503253
873503613
873503645
873503652
873504293
873504574
873504682
873505167
873505197
873506419
873507105
873507353
873507743
873508472
873508789
873509651
873509700
873510379
873511520
873513680
873796230
873796339
873796482
873796502
873796977
873797173
873797860
873797890
873798481
873799080
873801886
873812052
873816044
873816262
873816585
873816768
873817316
873818195
873818219
873820511
873820788
873820925
873822230
873822546
873822694
873823345
873823668
873823738
873825605
873825818
873826867
873828613
873828844
873828951
873829009
873829059
873829306
873829434
873830279
873830504
873830950
873832010
873832108
873832197
873832749
873833459
873833469
873833709
873834218
873834361
873834446
873835018
873835050
873835254
873835371
873835792
873835796
873837205
873837707
873837827
873839143
873839209
873840417
873840477
873862779
873862987
873868867
873868918
873869985
873876129
873876323
873881309
873882192
873883886
873883925
873883936
873884183
873885162
873885190
873885789
873886453
873886532
873888278
873889489
873890161
873891001
873891183
873891967
873892269
873892401
873892537
873893141
873893318
873894031
873896988
873898169
873898341
873901537
873901998
873902044
873903087
873903690
873904271
873904688
873905636
873906392
873906843
873907308
873907698
873908111
873909185
873909668
873909747
873909952
873910050
873910451
873910539
873911790
873911820
873912721
873916481
873917346
873920330
873920395
873921308
873921475
873921748
873922259
873924531
873925054
873925284
873925298
873925340
873925366
873925427
873925834
873925941
873926344
873927555
873927799
873928392
873928555
873930477
873930602
873931314
873932190
873932400
873933274
873933666
873933689
873933989
873934226
873934470
873934482
873934679
873934683
873935102
873935906
873935980
873936386
873936599
873936728
873936773
873937020
873937026
873937212
873937449
873937898
873937978
873938491
873938802
873939000
873939243
873939265
873939767
873939800
873939808
873940152
873940468
873941577
873942469
873945056
873945124
873945204
873945991
873946776
873947094
873947452
873947580
873947595
873947617
873947965
873948234
873948336
873948695
873948854
873949446
873949503
873949952
873950254
873950311
873950453
873950582
873950767
873951520
873952615
873953456
873954059
873954329
873954785
873954938
873955035
873955195
873955214
873955364
873955513
873955575
873955947
874017519
874017544
874019551
874019800
874020025
874021538
874022189
874022319
874022731
874023251
874023358
874027944
874028730
874029048
874030535
874030541
874031343
874032302
874032480
874032554
874033055
874033398
874033512
874033903
874034030
874034384
874034480
874034782
874034879
874035583
874035862
874036075
874036453
874037183
874037453
874037534
874037591
874037628
874037873
874037972
874038002
874038155
874038221
874038429
874038447
874038767
874038827
874038943
874039085
874039176
874039419
874039675
874039776
874039889
874040580
874040674
874040775
874040800
874040881
874041447
874041714
874041838
874043859
874044203
874044295
874044586
874044623
874044770
874045067
874045218
874045476
874045629
874045850
874046010
874060032
874060042
874060762
874061092
874064789
874065012
874065373
874065791
874066017
874066090
874066223
874066333
874066390
874066567
874066931
874067075
874071390
874071428
874071858
874112409
874112641
874112760
874113004
874113163
874113191
874116961
874117098
874118707
874121109
874124330
874124504
874125311
874125588
874125696
874125785
874125965
874126659
874128206
874128293
874129109
874129702
874129875
874130286
874130321
874130349
874135661
874136266
874139890
874140318
874140393
874140717
874141030
874141160
874144676
874144739
874145693
874146451
874146493
874147384
874148647
874148936
874148979
874149268
874149352
874149359
874149361
874149952
874149960
874151445
874151508
874151920
874152005
874152112
874152159
874152867
874153440
874153451
874153718
874153841
874154197
874154399
874155049
874155173
874155322
874155452
874155833
874155976
874156088
874156280
874156457
874156632
874156724
874156984
874157348
874157718
874158287
874158351
874158408
874158533
874160498
874162077
874162579
874162694
874162954
874163330
874163581
874163899
874164131
874164654
874164712
874164828
874164859
874165985
874166018
874166346
874166504
874166569
874167430
874167535
874168151
874168300
874168433
874168798
874168892
874169285
874169345
874169946
874170343
874170405
874170442
874170531
874170647
874170658
874170752
874171257
874171842
874172867
874172988
874173088
874173768
874174273
874175096
874175109
874175444
874176246
874176438
874177077
874177295
874177621
874178359
874179799
874180341
874180955
874181137
874181564
874181955
874182214
874182410
874182619
874182638
874182766
874182843
874182905
874183236
874183390
874184326
874184582
874184736
874185115
874185543
874186515
874186890
874187335
874188851
874190355
874190525
874190648
874191147
874191694
874191978
874193072
874193868
874193878
874194270
874194445
874195008
874195453
874195668
874196361
874196949
874198362
874198566
874199038
874199158
874200288
874201946
874202373
874202386
874202861
874203009
874203308
874203989
874204969
874205083
874205383
874205517
874205605
874205681
874205777
874205877
874206619
874207303
874207365
874207612
874207699
874210365
874210744
874211151
874211380
874211460
874211586
874211623
874212530
874212940
874213229
874213492
874213779
874215947
874216205
874216703
874216910
874216945
874217298
874217522
874218451
874218869
874219237
874219455
874220046
874220081
874220207
874220220
874220309
874221197
874221470
874221968
874221974
874222137
874222511
874222969
874223392
874224112
874224303
874224525
874224624
874225265
874225825
874227235
874227631
874227960
874228136
874228365
874228452
874229193
874229342
874229350
874229364
874230716
874231053
874231141
874231207
874231627
874232101
874232142
874232231
874232855
874232861
874233558
874233559
874234239
874234615
874235261
874235520
874235656
874236029
874237109
874238121
874238230
874238915
874239289
874239601
874239870
874240265
874240266
874240439
874240468
874240841
874240954
874241343
874243042
874243165
874243534
874244103
874244447
874245258
874246105
874247944
874247970
874248555
874248582
874248587
874249273
874249540
874249967
874250585
874250959
874251383
874252053
874252419
874252475
874252740
874253085
874253675
874254068
874254600
874254868
874255219
874255811
874255844
874255990
874256362
874256848
874257702
874257780
874257861
874258075
874258102
874258234
874258422
874258457
874258504
874258644
874258762
874259938
874260643
874261339
874261757
874262156
874262474
874262556
874262753
874262945
874263197
874263635
874263902
874264132
874264240
874264834
874264870
874265147
874265462
874265519
874265601
874266067
874266177
874266286
874266300
874266681
874266874
874267637
874267956
874268180
874268633
874268918
874269356
874269609
874270100
874270691
874270713
874271022
874271268
874271317
874271409
874271470
874271635
874271851
874272620
874272741
874273503
874274386
874274797
874274891
874275015
874275281
874275320
874275759
874275849
874275904
874275935
874276567
874277777
874277784
874278003
874278166
874278619
874278696
874279147
874279174
874279227
874280351
874280909
874281026
874281194
874281608
874281718
874281866
874281902
874283661
874284299
874284416
874284461
874284870
874285508
874285941
874286181
874286441
874286521
874286732
874287145
874287148
874287201
874287211
874287413
874288440
874288542
874289117
874289302
874290520
874290688
874290836
874291741
874291765
874292004
874292854
874293132
874293149
874293712
874293764
874293984
874294092
874294403
874294802
874295102
874295207
874295665
874295753
874295784
874296136
874296311
874296736
874297121
874297766
874297783
874297790
874297978
874298087
874298120
874298887
874298972
874299675
874300343
874300869
874301375
874301681
874302224
874302955
874303257
874303600
874303602
874304054
874304373
874304909
874305228
874305983
874305998
874306031
874306048
874306252
874306677
874307332
874307377
874308240
874309245
874309435
874309696
874309766
874310063
874310592
874310605
874310609
874311367
874312587
874312715
874313156
874314033
874314409
874314568
874315091
874315445
874315562
874316257
874316349
874316413
874316768
874316856
874316894
874317317
874317447
874318009
874318013
874319146
874321220
874321379
874321462
874321708
874322063
874322090
874322746
874324430
874325069
874326082
874326239
874326738
874326847
874327902
874327972
874328027
874328542
874329275
874329362
874329629
874330336
874330424
874330839
874331573
874331689
874331991
874333953
874335181
874335495
874335855
874336246
874336677
874336705
874337172
874337536
874337668
874338378
874338703
874339003
874339385
874339411
874339841
874340389
874340421
874341276
874341506
874341531
874341583
874341820
874342016
874342125
874343038
874343425
874343897
874344078
874344428
874344732
874344760
874344770
874344985
874345521
874345743
874346261
874346716
874346725
874346930
874347135
874347559
874347905
874348770
874349256
874349383
874349560
874350151
874350172
874350318
874350406
874351049
874351070
874351627
874351780
874351911
874352290
874352453
874352547
874352609
874352614
874352669
874352701
874352807
874352992
874353190
874353372
874353803
874354392
874355274
874355621
874355642
874355836
874356117
874357600
874357769
874357943
874358192
874358565
874358887
874358937
874359170
874359202
874359337
874359581
874360556
874361219
874361469
874361662
874361790
874362215
874363245
874363903
874363954
874365565
874365646
874366362
874367554
874367751
874368441
874368748
874369048
874370592
874371390
874371551
874371602
874372091
874372251
874372773
874373765
874373859
874374543
874374745
874375249
874377803
874378287
874378816
874378874
874378919
874379015
874379142
874379723
874380268
874380524
874380560
874381960
874382100
874383420
874384251
874384612
874384670
874384890
874385247
874386548
874387171
874388421
874388429
874388663
874389788
874390454
874391794
874391981
874392325
874392611
874393482
874395520
874395742
874395978
874396393
874396747
874397287
874397483
874397932
874397958
874399132
874401071
874401133
874403218
874405858
874407395
874407627
874408016
874408240
874408385
874408818
874409011
874409243
874409272
874409462
874410692
874411965
874412222
874412266
874412289
874414042
874415275
874415850
874416729
874418276
874418766
874418786
874419924
874420151
874420197
874420645
874420745
874421175
874421281
874421580
874422466
874422935
874423125
874423268
874423325
874423566
874424683
874424701
874425007
874425315
874427222
874427840
874428130
874428810
874429672
874430057
874431671
874432195
874432639
874432847
874432853
874432989
874434479
874435015
874435468
874436583
874437641
874437691
874438007
874439470
874440155
874440908
874441616
874441903
874441998
874442481
874442797
874443619
874444307
874445093
874445094
874446397
874446920
874447147
874447487
874447744
874448595
874448723
874449044
874449586
874450004
874450798
874452944
874453090
874453225
874454251
874454633
874455236
874456352
874457575
874457599
874458950
874459000
874459293
874460863
874461454
874461815
874461839
874462225
874463137
874464198
874464508
874464677
874465435
874465484
874465912
874466866
874467105
874467369
874467918
874468528
874469893
874470161
874470238
874471199
874471312
874471322
874472012
874472035
874473420
874473648
874473690
874474595
874474709
874474827
874474832
874475648
874478099
874478282
874478443
874478551
874482222
874483271
874483882
874485233
874487085
874487201
874487923
874488080
874488749
874488958
874489139
874489177
874489524
874489857
874490020
874490335
874493938
874493967
874494803
874495215
874495216
874495390
874495510
874496686
874497042
874497319
874497341
874497714
874497838
874498528
874498556
874499597
874500629
874500713
874500767
874501862
874502390
874502527
874503005
874503794
874503797
874504352
874504393
874504446
874505353
874505894
874506011
874506038
874506982
874507342
874507463
874507752
874508163
874508305
874508452
874508647
874510282
874510502
874510503
874510787
874511556
874512010
874512188
874512601
874513056
874514545
874514592
874515489
874515732
874515874
874516312
874516459
874517110
874517387
874517677
874518385
874518903
874520600
874520607
874520809
874521212
874522788
874523017
874523143
874523192
874523426
874523478
874523552
874524222
874525202
874525727
874525826
874526717
874527117
874528581
874530146
874530525
874530736
874530995
874531552
874533110
874533332
874533536
874533744
874534277
874534508
874534936
874535256
874535376
874535432
874536664
874537881
874538130
874539033
874539258
874540772
874541926
874541996
874542394
874542852
874544369
874544520
874545109
874545728
874545940
874546183
874546630
874546799
874547527
874547542
874547714
874547927
874548758
874548883
874549190
874550224
874550679
874551782
874553612
874555374
874555529
874556028
874556729
874557171
874557508
874557557
874558957
874559338
874559382
874559489
874560002
874560765
874561015
874561877
874562018
874562203
874562922
874562928
874563309
874563889
874565495
874565748
874566565
874566939
874567207
874567934
874568743
874569146
874569685
874570898
874571141
874571628
874571848
874571984
874575260
874575996
874582251
874582338
874582746
874582916
874583506
874584115
874584133
874584839
874585646
874586545
874587002
874587249
874587994
874588178
874589139
874589210
874589917
874590610
874591106
874601316
874601460
874603431
874603692
874604183
874605319
874610193
874610371
874610835
874611702
874611780
874612715
874613004
874614054
874614243
874614638
874614742
874615037
874615060
874615250
874615310
874616635
874616952
874617547
874617599
874617936
874618174
874618981
874620065
874620383
874620425
874620432
874621066
874621572
874622114
874622331
874622708
874622810
874622836
874622942
874623019
874623068
874623734
874624056
874624700
874625309
874625495
874625851
874626050
874626915
874627246
874628141
874628245
874629051
874630966
874631387
874631419
874632042
874632124
874632409
874632853
874633055
874633286
874634116
874634503
874634718
874635105
874635258
874635961
874636098
874636663
874637237
874637333
874637808
874637857
874638265
874638371
874638775
874638951
874639033
874640755
874641099
874641124
874641695
874641905
874642283
874643348
874644352
874644464
874645270
874645369
874653309
874653485
874653530
874654122
874656897
874658157
874658630
874658725
874658889
874658904
874659521
874660251
874660538
874660563
874660569
874660838
874660967
874661200
874661470
874661831
874661940
874663080
874663104
874663187
874663251
874663258
874663962
874664241
874664368
874665113
874665235
874665405
874665711
874668863
874668932
874669055
874669286
874669578
874669655
874669794
874669870
874669926
874671379
874671488
874671518
874671664
874671980
874672055
874672395
874672519
874672524
874672588
874673117
874673703
874674256
874675351
874677139
874677772
874678232
874678360
874678587
874679615
874680152
874680212
874680769
874681440
874681529
874682598
874682654
874683152
874683623
874683664
874685351
874685480
874685517
874685586
874685684
874686051
874686159
874686163
874686277
874686502
874687139
874687553
874688878
874689745
874689944
874690818
874690882
874691020
874691226
874691805
874691826
874692621
874692666
874693654
874694053
874694551
874694698
874694888
874695172
874695497
874695649
874695725
874696144
874696428
874696889
874696894
874697070
874697087
874697153
874697609
874697698
874698070
874698575
874699535
874699597
874700364
874701232
874701339
874702575
874702672
874703676
874703702
874703878
874704434
874705787
874705906
874706362
874706650
874706803
874707222
874709081
874709284
874709839
874709893
874710385
874710484
874710530
874711814
874712211
874712396
874712487
874712753
874712987
874714791
874714996
874714999
874715043
874715833
874716463
874717671
874718052
874718324
874718929
874719661
874719941
874720414
874720689
874720740
874720747
874721279
874722075
874722249
874722308
874723975
874724050
874724666
874725418
874725534
874725626
874726016
874726152
874726613
874726634
874727019
874727459
874728386
874730363
874730624
874730760
874731274
874731284
874731324
874731370
874732143
874732778
874733047
874733261
874734217
874734381
874734423
874735116
874736043
874736196
874736343
874736487
874736522
874737569
874738207
874738223
874738229
874738812
874739250
874739678
874740303
874741146
874741347
874741519
874742489
874743302
874743643
874743988
874744277
874744354
874744621
874745405
874745788
874745861
874746919
874747097
874747300
874747678
874747704
874749161
874749644
874749854
874749969
874750092
874751146
874751700
874752732
874752839
874753724
874754030
874754046
874754318
874754436
874754620
874756249
874756330
874756515
874756570
874757058
874757481
874757670
874758329
874758906
874759318
874759597
874759821
874759822
874760857
874761141
874761302
874762038
874762448
874762590
874762917
874762950
874763425
874763674
874763880
874765089
874766237
874766551
874766623
874766733
874767790
874767806
874768229
874768682
874769254
874769292
874769297
874769786
874770490
874770670
874772634
874773844
874774590
874775397
874775572
874775986
874776012
874776094
874776465
874776504
874777376
874777461
874777493
874777533
874778120
874778404
874778806
874779054
874779392
874779596
874780407
874780524
874780909
874780919
874780949
874781001
874781083
874781233
874781767
874781790
874782368
874783363
874783560
874783938
874784431
874785015
874785262
874785276
874785328
874785606
874786118
874786198
874786695
874786709
874786759
874786760
874786861
874786887
874786923
874787156
874787198
874787298
874788552
874788567
874788651
874789099
874789226
874789750
874790003
874790020
874790071
874790157
874790899
874791203
874791237
874791297
874791860
874792179
874792319
874792480
874793346
874793389
874793427
874794138
874794244
874796104
874796275
874796462
874796743
874796809
874797197
874797270
874798295
874798893
874799039
874800648
874801132
874801586
874802284
874803448
874803753
874804366
874808638
874809452
874809527
874809684
874810858
874812234
874812552
874813383
874815379
874816165
874817602
874821936
874822620
874823327
874823648
874823753
874823783
874825339
874826409
874826769
874827216
874827925
874828033
874828128
874828655
874829636
874831142
874832275
874832564
874833662
874835926
874836130
874836146
874836308
874836882
874837497
874837501
874838069
874839804
874840793
874842626
874844528
874844596
874844749
874844793
874864450
874864672
874864718
874868511
874869673
874871159
874871281
874871581
874871998
874872575
874873348
874874084
874874483
874875402
874876022
874876165
874876478
874877263
874878305
874878387
874878422
874878466
874879138
874880935
874880983
874883348
874885445
874885490
874885780
874885898
874887265
874887401
874887603
874889541
874889599
874889647
874889745
874890187
874890227
874890939
874891175
874891691
874892070
874892304
874892662
874893015
874893120
874893253
874893346
874893443
874893464
874894767
874895629
874895676
874895836
874896218
874896549
874896655
874896790
874897007
874897200
874897669
874897764
874898444
874898960
874901897
874901954
874903026
874903030
874903309
874903586
874908023
874908599
874909957
874921802
874921804
874921889
874921958
874922823
874923241
874924035
874925604
874927200
874936108
874936133
874937029
874937619
874937667
874937834
874939548
874940819
874940873
874941056
874941114
874941634
874941820
874943311
874943721
874944533
874944961
874945095
874945798
874945925
874946410
874946646
874947214
874948298
874948912
874948918
874949385
874949514
874951378
874952276
874953356
874953497
874955166
874958532
874959044
874961170
874962262
874966612
874973039
874973728
874974185
874974612
874974682
874976387
874976415
874977538
874982416
874984162
874987506
874988968
874989587
874990248
874991445
875002864
875003645
875004251
875004721
875005209
875005228
875005353
875006955
875008120
875008193
875008793
875008945
875009026
875009754
875009888
875011140
875012362
875012891
875013416
875018110
875018209
875018946
875020397
875024894
875029146
875029288
875032714
875033098
875033567
875033934
875034094
875034307
875034387
875035122
875035232
875035270
875035945
875036580
875037714
875037806
875037830
875038722
875041321
875041819
875042176
875044152
875044438
875044493
875045447
875045505
875045507
875045576
875045767
875046299
875047108
875047137
875047740
875048268
875048546
875049319
875049339
875050140
875051174
875052420
875053361
875053397
875054438
875054873
875057073
875057090
875057117
875057395
875057679
875057843
875058652
875058875
875059178
875059644
875059740
875059881
875061662
875061897
875062264
875062463
875063175
875064364
875064494
875065246
875065907
875066130
875066817
875068161
875068267
875069520
875069683
875069724
875072071
875072339
875072575
875073069
875073144
875074862
875075048
875075150
875075640
875082236
875083967
875084127
875087034
875087591
875087692
875088800
875091757
875091936
875096218
875098865
875099585
875100522
875100744
875101214
875101582
875101813
875102090
875103958
875104120
875105381
875106456
875106725
875109168
875110525
875110763
875111518
875112160
875112438
875113235
875114710
875117007
875117804
875119429
875119491
875120132
875120606
875121615
875121831
875121979
875123300
875124332
875124914
875125794
875131517
875132765
875132961
875133020
875133369
875133430
875133570
875133868
875135023
875135153
875137887
875138133
875138343
875141629
875143451
875143562
875143673
875146005
875146361
875147125
875147150
875148233
875148698
875153530
875157324
875157592
875157971
875160454
875160526
875160811
875161136
875161879
875162454
875167709
875167811
875168297
875168609
875168796
875169076
875170188
875170445
875170558
875171028
875171258
875171383
875173993
875174697
875174975
875175141
875175560
875176465
875176632
875177315
875177579
875178532
875178718
875179516
875179908
875180314
875180758
875180787
875181193
875182829
875182868
875183025
875183295
875183768
875184363
875184789
875185353
875186224
875186954
875187002
875187700
875188235
875189402
875189908
875191234
875191276
875191645
875191940
875192115
875192749
875193304
875193767
875193799
875194186
875194662
875195021
875195762
875197011
875198039
875200041
875200554
875200910
875200953
875202901
875202941
875202990
875203346
875204375
875204554
875204942
875205483
875205538
875205556
875206917
875207104
875207308
875207621
875207912
875208041
875208635
875209240
875209395
875210039
875210689
875210966
875212063
875212179
875212615
875213495
875214602
875215390
875216183
875216496
875216839
875217306
875219250
875220910
875221148
875221236
875221575
875221656
875223991
875224163
875224619
875224645
875226365
875226934
875228386
875228426
875230201
875230267
875230545
875231844
875232523
875235005
875237636
875238160
875238961
875239985
875240365
875241449
875241803
875243446
875243526
875243963
875244202
875244608
875244632
875245231
875245713
875246973
875247638
875247646
875249123
875250487
875251278
875251875
875251943
875253669
875253778
875254614
875255401
875256310
875256845
875257235
875258871
875261017
875261270
875261581
875262622
875263240
875263951
875263975
875264271
875264343
875265011
875265175
875265200
875265206
875265448
875266805
875267065
875268215
875268709
875269453
875269557
875270878
875271375
875271972
875272591
875274878
875275216
875277010
875277043
875277327
875278974
875279769
875281187
875281783
875282342
875282424
875282451
875282665
875283447
875284632
875284737
875287076
875288178
875289973
875290509
875290660
875290695
875291542
875291936
875292196
875292297
875292554
875292894
875293581
875295518
875295583
875295673
875295871
875296169
875296218
875297092
875297697
875298104
875298937
875299466
875299562
875300702
875303275
875303440
875305005
875305313
875305375
875306410
875307008
875307411
875307632
875307676
875308347
875308574
875309316
875309380
875309604
875309960
875310367
875310935
875311151
875311211
875311287
875311439
875311454
875312060
875313429
875314753
875315043
875315226
875315377
875316096
875316715
875316906
875317550
875317744
875318346
875320361
875320697
875320703
875322737
875323188
875323624
875325765
875326965
875327742
875328081
875328769
875329635
875329765
875329768
875331131
875332781
875333001
875333321
875333555
875333719
875334165
875334581
875335052
875336005
875336065
875336724
875336973
875337115
875337601
875337983
875338165
875338836
875340569
875340617
875341186
875341497
875341924
875341972
875342122
875342562
875342686
875342958
875343857
875344024
875344035
875344179
875344775
875346760
875347495
875347797
875348141
875348311
875348370
875349854
875350231
875350438
875350439
875352579
875355266
875358936
875360825
875361739
875362026
875368147
875368223
875368494
875368723
875368778
875368917
875369433
875370011
875370465
875370601
875370810
875370894
875371102
875371333
875371770
875372491
875372644
875373458
875374225
875374791
875374879
875375477
875375759
875376000
875376653
875377329
875378281
875378353
875378845
875378939
875379900
875380049
875380061
875380426
875384307
875384614
875384701
875386287
875386314
875386466
875386546
875386812
875387699
875387798
875388060
875388383
875388929
875389385
875389981
875390107
875390154
875390561
875393309
875393798
875395266
875395864
875396556
875396972
875397328
875397501
875397570
875398950
875399345
875400116
875400752
875401224
875401675
875401823
875402347
875402976
875403190
875403301
875404086
875404497
875404682
875404835
875405771
875406421
875407595
875407704
875407793
875409013
875409073
875409158
875409450
875409654
875409722
875409723
875409822
875410287
875410342
875411443
875411447
875411997
875412269
875413421
875413535
875414078
875415033
875415257
875415573
875416261
875416363
875417055
875417090
875418493
875418622
875418954
875419948
875420179
875420433
875420700
875421173
875421501
875421774
875421911
875422768
875423862
875423976
875424009
875424282
875424656
875427432
875427612
875428018
875428983
875429886
875429984
875430136
875430341
875430386
875431083
875431902
875432083
875432682
875433058
875433162
875433190
875433555
875433915
875434836
875435058
875435060
875435350
875436487
875436653
875436724
875436973
875437078
875437625
875437930
875438105
875438370
875438764
875438996
875439618
875439780
875440122
875442068
875442798
875443376
875443574
875444060
875444297
875444865
875446120
875446295
875446536
875447303
875447378
875447884
875449127
875449533
875449725
875449760
875449791
875449992
875450607
875450854
875450997
875451212
875451875
875453123
875453562
875453587
875453743
875453831
875453879
875453963
875454088
875454149
875454429
875456852
875456989
875457733
875458457
875458618
875458651
875459186
875459349
875459426
875460236
875460424
875461470
875461536
875461900
875462427
875463129
875463621
875463976
875464028
875464579
875466602
875467526
875467769
875467982
875468314
875468391
875468619
875468821
875469315
875470112
875470179
875470510
875471213
875471394
875471593
875472192
875472651
875472690
875473553
875474674
875475211
875475442
875475943
875476824
875476960
875477373
875477919
875479365
875480348
875480522
875480995
875481219
875482694
875483205
875483273
875483884
875484130
875484355
875484530
875484707
875485125
875485292
875485887
875485908
875486446
875490440
875491114
875492008
875492405
875492735
875492771
875493964
875494659
875494830
875495600
875495775
875496754
875498804
875498908
875500490
875500605
875500737
875501090
875501101
875501964
875502247
875502339
875502433
875503527
875504589
875505559
875505617
875505728
875505857
875506049
875506078
875506375
875507073
875507124
875508043
875508293
875508310
875509085
875513840
875514126
875515473
875516541
875517984
875518819
875518905
875523523
875524329
875524399
875524501
875524830
875525112
875527405
875528053
875528412
875529343
875529587
875530075
875530270
875530293
875530362
875531265
875531306
875531762
875532464
875532479
875533397
875533856
875534877
875535481
875536638
875536945
875537272
875538246
875538938
875539642
875539844
875540517
875540548
875540854
875541133
875541150
875541268
875542418
875543325
875544462
875545274
875545289
875545510
875545755
875546535
875547913
875548087
875548108
875548619
875549352
875550662
875550842
875551782
875552446
875552747
875552961
875553318
875553418
875554606
875556018
875556448
875558683
875559321
875560992
875561192
875562136
875562290
875562468
875562616
875563386
875563582
875563906
875564028
875564059
875564488
875565896
875566268
875566460
875566888
875567139
875568476
875569198
875570129
875570198
875570301
875571318
875571597
875572181
875572727
875573772
875575448
875575867
875576887
875577004
875577109
875577190
875577795
875578163
875578577
875579104
875579332
875580068
875580419
875580428
875580733
875581210
875581490
875581787
875581980
875582602
875582664
875582751
875583322
875584132
875584178
875584598
875584992
875585294
875585396
875586217
875586226
875586554
875586796
875586948
875586997
875587166
875587227
875587363
875587420
875588557
875589197
875589525
875590136
875590402
875590693
875590929
875591142
875591175
875591229
875591398
875591779
875593745
875593786
875594378
875594539
875594799
875595431
875595677
875596021
875596153
875596651
875596922
875597023
875597127
875597530
875598053
875598245
875598395
875599413
875601383
875601458
875601648
875602068
875602558
875602791
875607030
875608633
875609007
875609416
875609420
875609759
875609942
875610366
875610673
875610833
875611122
875611776
875612225
875612293
875612296
875613456
875614238
875614596
875614618
875614996
875615112
875615211
875615353
875615579
875615858
875616336
875617034
875618289
875620093
875620127
875621549
875621836
875622333
875622979
875623024
875623055
875623112
875623689
875624496
875624640
875624957
875625045
875625532
875625539
875625578
875625806
875626989
875628087
875628109
875628202
875628979
875629087
875629270
875629475
875630173
875630234
875631096
875631158
875632301
875633057
875633622
875633858
875634022
875634578
875634585
875634892
875634997
875636033
875636319
875636751
875638080
875638195
875638234
875638680
875639060
875639183
875639254
875640518
875640832
875641225
875641762
875643133
875643496
875643568
875643955
875644160
875647723
875647766
875647852
875647905
875648485
875648834
875649059
875649418
875650788
875650911
875652177
875652500
875653139
875653157
875653172
875653193
875653826
875654102
875654155
875654716
875654812
875655089
875655854
875655884
875656087
875656204
875656465
875657483
875657832
875658695
875658743
875659758
875659967
875660452
875660554
875661026
875661457
875661775
875662150
875662215
875662278
875662652
875662937
875663245
875663502
875663899
875663933
875663940
875663959
875664284
875664487
875665049
875665150
875665294
875665411
875665768
875666418
875666785
875667044
875667064
875667150
875667277
875667392
875667499
875667571
875667785
875667994
875668225
875668480
875668483
875668826
875669001
875669577
875670026
875670470
875670652
875670991
875671172
875671390
875672014
875672257
875673187
875673268
875673405
875673994
875674041
875674509
875674602
875675209
875675301
875675409
875675410
875675430
875675811
875675931
875676077
875676714
875677118
875677197
875678226
875679074
875679127
875679473
875679620
875679844
875679853
875680427
875680542
875681000
875681236
875681289
875681825
875682014
875682034
875682538
875682686
875682892
875682986
875683213
875683228
875683623
875684062
875684158
875684350
875684694
875684838
875685622
875686828
875687023
875687287
875687483
875688019
875689178
875689415
875690118
875690270
875690498
875690739
875691265
875691834
875692323
875692325
875692642
875692721
875692842
875692848
875693315
875693380
875693715
875693825
875693940
875694173
875694672
875695974
875696308
875697377
875697527
875698057
875698414
875698472
875698917
875699089
875699425
875699851
875699952
875699953
875700260
875700694
875700895
875700995
875701136
875701509
875701515
875701540
875701541
875701633
875701744
875701996
875702020
875702042
875702110
875702259
875702349
875702527
875702644
875702914
875702998
875704030
875704103
875704456
875704976
875705473
875705721
875705774
875706723
875707100
875707448
875708366
875708681
875708718
875708986
875709769
875710291
875710403
875711285
875711317
875712505
875713044
875713178
875713648
875713715
875713780
875714120
875714213
875714406
875714507
875714649
875715128
875715334
875715418
875715765
875715835
875715864
875716527
875716594
875717155
875717508
875717634
875717840
875718268
875718920
875719136
875719209
875719491
875719500
875719713
875720338
875720926
875720955
875721661
875721940
875721948
875722878
875723049
875723353
875723397
875723790
875724122
875724323
875724485
875725091
875725177
875725695
875726341
875726371
875726412
875726419
875726429
875726592
875726597
875726976
875727585
875728972
875729105
875729236
875729268
875729383
875729671
875729715
875729773
875730433
875731234
875731686
875731790
875731807
875732093
875732773
875732817
875732825
875733240
875733459
875734099
875734154
875734356
875736261
875736266
875736324
875736424
875736605
875736986
875737111
875737136
875737275
875737284
875737763
875737804
875738047
875738179
875738594
875738612
875738975
875739281
875739430
875739578
875739675
875739879
875741261
875741279
875741707
875741747
875742435
875742449
875742619
875742621
875743216
875743887
875743963
875744056
875744232
875744793
875744796
875744923
875745026
875745671
875745878
875745999
875746743
875746808
875747001
875747045
875747064
875747211
875747322
875747568
875747779
875748290
875749210
875749685
875749820
875750156
875750241
875750462
875750564
875751784
875751933
875752097
875752113
875752255
875752465
875753042
875753732
875754597
875754636
875754729
875754897
875755254
875755353
875755548
875755615
875755664
875756476
875756664
875757123
875757554
875757663
875758191
875758474
875758569
875759261
875759378
875759425
875759460
875759636
875760179
875760191
875760569
875760729
875760835
875760874
875761050
875761363
875761554
875761904
875761953
875762301
875762564
875762621
875762673
875763075
875763227
875763540
875764083
875764298
875764512
875764616
875764724
875764801
875764894
875765225
875765694
875765753
875765849
875766278
875766314
875766490
875767117
875767401
875767485
875768002
875768081
875768237
875768802
875769244
875769341
875769554
875769628
875770003
875770525
875771193
875771300
875771572
875771739
875772899
875772947
875773544
875773600
875773705
875774126
875774268
875774945
875775451
875775699
875775953
875776317
875776536
875776792
875776975
875777037
875777264
875777298
875777668
875777677
875777932
875778512
875778799
875778964
875779517
875779903
875781133
875781350
875781386
875781515
875782122
875782509
875782897
875783024
875783759
875783922
875783956
875784303
875784435
875784442
875784554
875784924
875785336
875785355
875785415
875785920
875786246
875786576
875787342
875788100
875788312
875788486
875788995
875789206
875789415
875789416
875789417
875789538
875789964
875790037
875790315
875790341
875790585
875790646
875790712
875790748
875791389
875791859
875791956
875793092
875793677
875793964
875794187
875794625
875794981
875795046
875795332
875795439
875795608
875795768
875796366
875796733
875796939
875796974
875797375
875797756
875797776
875797888
875797893
875798142
875798262
875798935
875799162
875799465
875799678
875800080
875801257
875802922
875803065
875803324
875803628
875803692
875804060
875806053
875806251
875807578
875807863
875808115
875808285
875809131
875811696
875811878
875811932
875812064
875813670
875814041
875814230
875814517
875815579
875815653
875815996
875816411
875816681
875816699
875816705
875816794
875817023
875817576
875817690
875817707
875817821
875817929
875818171
875818388
875818612
875818822
875819017
875819362
875819425
875819514
875819931
875819970
875821037
875821113
875821118
875821171
875823478
875824097
875824204
875824331
875824911
875825378
875825932
875826053
875826640
875827025
875827321
875827542
875827565
875827865
875827973
875828379
875829101
875829135
875829304
875829600
875829775
875830357
875830401
875830651
875830652
875830837
875831089
875831748
875831897
875832254
875832375
875832505
875833042
875833259
875834882
875834960
875835309
875835501
875835804
875836176
875836491
875836492
875836557
875836577
875836913
875837088
875837806
875838173
875838189
875838385
875838495
875838563
875838726
875839001
875839444
875839578
875839759
875839858
875840210
875840745
875841647
875841938
875842139
875842377
875842575
875842586
875842662
875843423
875843512
875844479
875845282
875845425
875845442
875845931
875845949
875846022
875846137
875846392
875846825
875846929
875847003
875847341
875847909
875848439
875848831
875850017
875850377
875850653
875850983
875851345
875851665
875851944
875852879
875853114
875853625
875854011
875854469
875854972
875855158
875856206
875856580
875856613
875857724
875857862
875857921
875858005
875858285
875858510
875858521
875858670
875858772
875858954
875859220
875859274
875859560
875859636
875859707
875860183
875860578
875860771
875860817
875860823
875860918
875860956
875861050
875861593
875861686
875861722
875861845
875861992
875862534
875863027
875863124
875863252
875863940
875864251
875865090
875865128
875865154
875865515
875865531
875865695
875865864
875865930
875866095
875866667
875866829
875867060
875867547
875867679
875867929
875868222
875868346
875868898
875868920
875869308
875869693
875869846
875870042
875870442
875870558
875871332
875871520
875872299
875873537
875873770
875874353
875874421
875875263
875875330
875875791
875875828
875876949
875878178
875878631
875879360
875880229
875880372
875880969
875881598
875882329
875883749
875883830
875883846
875884317
875884409
875884630
875885536
875886262
875886929
875887462
875888799
875889249
875889390
875889726
875890198
875890673
875890907
875891059
875891525
875893039
875893050
875893646
875893694
875894176
875894222
875894399
875894598
875895691
875896008
875896015
875896161
875897337
875898181
875898488
875899078
875899839
875900078
875900081
875900494
875900645
875900679
875900776
875901266
875901728
875902135
875902689
875902831
875903670
875903673
875904216
875905472
875905543
875906388
875906692
875907071
875908234
875908290
875908308
875908559
875908996
875909694
875909861
875910082
875910272
875910488
875911504
875911652
875911773
875912020
875912201
875912988
875914232
875915140
875915331
875915705
875917770
875918151
875918158
875918212
875918327
875918469
875918494
875918636
875918841
875919194
875919276
875919720
875919893
875920504
875920505
875921096
875921709
875922296
875922397
875923472
875923483
875923488
875923699
875924177
875924612
875924982
875925175
875925320
875925349
875925712
875926063
875926448
875926801
875927076
875927603
875927680
875928950
875929260
875929426
875929794
875930161
875930229
875930334
875930845
875931131
875931328
875931375
875931826
875932640
875932816
875933239
875933361
875933706
875934304
875934571
875934689
875934968
875935482
875935714
875935791
875935891
875936395
875936713
875936935
875937232
875938067
875938616
875938678
875938881
875939037
875939217
875939268
875939541
875939653
875939868
875939892
875939937
875939938
875940414
875941141
875941161
875941825
875942093
875943240
875943731
875944160
875944521
875945391
875945877
875946884
875948675
875948702
875949530
875949544
875950337
875950567
875952378
875952712
875952753
875952796
875952831
875953309
875953630
875954186
875954201
875954456
875955393
875956704
875956956
875957048
875957076
875957303
875957519
875957602
875958232
875958331
875958638
875959401
875959662
875960283
875960501
875960695
875961297
875961327
875962020
875962526
875962678
875962823
875963542
875964077
875964359
875964449
875964768
875964877
875965724
875965834
875966216
875966689
875967079
875967315
875967611
875969275
875969738
875969789
875969936
875969988
875970050
875970065
875970202
875970709
875970886
875971362
875972100
875972571
875972572
875973172
875973224
875973332
875973394
875973782
875973889
875974423
875974648
875974756
875975827
875975995
875976176
875976970
875976994
875978468
875978974
875978986
875979359
875979959
875980256
875980652
875980695
875980831
875982014
875982017
875982066
875982179
875982324
875982470
875982845
875983019
875983071
875984145
875984148
875984323
875984678
875985101
875985412
875985722
875986380
875986841
875986913
875988361
875988620
875988769
875989157
875989498
875989767
875989850
875990818
875991686
875991893
875992044
875992307
875992569
875993001
875993528
875993910
875994541
875994954
875995494
875995606
875995841
875996335
875996771
875997011
875997358
875998221
875998760
875998775
875999351
875999393
875999442
875999874
876000030
876000164
876000388
876000965
876001087
876001374
876002625
876002825
876002870
876003505
876003623
876003838
876004495
876004651
876004991
876005428
876005429
876005682
876006434
876006678
876006819
876006982
876007166
876007480
876008090
876008101
876009172
876009270
876009384
876009408
876009971
876010915
876012112
876012349
876012553
876012615
876012764
876013174
876013224
876013426
876013429
876013995
876014062
876014295
876014599
876014849
876015400
876015513
876015618
876016013
876016034
876016244
876016342
876016429
876016905
876017358
876017386
876017812
876018291
876018876
876018903
876019061
876019214
876019332
876019543
876020302
876020547
876020594
876020888
876021106
876021112
876021179
876021211
876021340
876022394
876022574
876023110
876023429
876023507
876023876
876024160
876024434
876024594
876024670
876025086
876025231
876025232
876025672
876025937
876026037
876026755
876027613
876027952
876028154
876029006
876029160
876029459
876029529
876031493
876033595
876033686
876033731
876033892
876034257
876034337
876034340
876034740
876034994
876035118
876035713
876035929
876036534
876036645
876036808
876036972
876037416
876037460
876037495
876037820
876038051
876038874
876038994
876039639
876039786
876040161
876040764
876041071
876041085
876041600
876041915
876042473
876042674
876043008
876043067
876043347
876043510
876043600
876044673
876044688
876045162
876045409
876045934
876046081
876046139
876046213
876046347
876046447
876046668
876046761
876046774
876046942
876047108
876048942
876049275
876049859
876049966
876050045
876050245
876050760
876051461
876051506
876053096
876054111
876055904
876056070
876056512
876056955
876057109
876057394
876058409
876058415
876058891
876059456
876059913
876059937
876059984
876060284
876060343
876060443
876060486
876060661
876060687
876060996
876061220
876062133
876062426
876062494
876062590
876062649
876062829
876063205
876063493
876063782
876063842
876064303
876064806
876065266
876065622
876067181
876067641
876068333
876068355
876068993
876069416
876069424
876069492
876070024
876070137
876070375
876070573
876070667
876071033
876071309
876071555
876071744
876071805
876071972
876072045
876072127
876072559
876073396
876073569
876073616
876074047
876074410
876074615
876076146
876076160
876076496
876076910
876076933
876077273
876077283
876077898
876078227
876079232
876079715
876080085
876080138
876080335
876080441
876081516
876081560
876081851
876082685
876082811
876083211
876083335
876084867
876084946
876085325
876085461
876087224
876087346
876087474
876090041
876090100
876090339
876090546
876091295
876091591
876092322
876092340
876092422
876092671
876093662
876093721
876094193
876094696
876095001
876095052
876095125
876095327
876096301
876097340
876097732
876098172
876098182
876098463
876099016
876100018
876100425
876100844
876101300
876101694
876101759
876102106
876102218
876102626
876102693
876103301
876104053
876104245
876104352
876104468
876104622
876104999
876105295
876105319
876105337
876105354
876105664
876106031
876107419
876107648
876107774
876108128
876109423
876109521
876109693
876109776
876110338
876111320
876111443
876111480
876112349
876112362
876112506
876112850
876112957
876113014
876113346
876113755
876114389
876114529
876114550
876114634
876114859
876115495
876115701
876115909
876115965
876116031
876116441
876116620
876117200
876117461
876117567
876118582
876118698
876119479
876119652
876119653
876119758
876119849
876120564
876121309
876121355
876122142
876122244
876122578
876122613
876122637
876122957
876123037
876123125
876123186
876123532
876123576
876123818
876124010
876124255
876124586
876124728
876125498
876125842
876126606
876127875
876128046
876128757
876128812
876128814
876130081
876131098
876131228
876131668
876132264
876132915
876133352
876135260
876135261
876136060
876136618
876137230
876137560
876137628
876137647
876138592
876138606
876138666
876138965
876139060
876139253
876139261
876139262
876140099
876140250
876140323
876140360
876140472
876140513
876140753
876141058
876141384
876141474
876141490
876141694
876142580
876142828
876144498
876144714
876144728
876145311
876145762
876145960
876147601
876147625
876147893
876148110
876148439
876148695
876148869
876148888
876148950
876149108
876149878
876149889
876149903
876150203
876150464
876150607
876151287
876151323
876151510
876151982
876152301
876152466
876152921
876153020
876153093
876153351
876153356
876153519
876154053
876154713
876154992
876155172
876155646
876155656
876156291
876156416
876156420
876156434
876156515
876156539
876156596
876157042
876157247
876157289
876157697
876157944
876158038
876158728
876158770
876159914
876160099
876160428
876160816
876160884
876161381
876162051
876162939
876162991
876163916
876164408
876164601
876164993
876165316
876165886
876165976
876166715
876167047
876167287
876167928
876168056
876168108
876168423
876168463
876168501
876168874
876169166
876169306
876169399
876169423
876169527
876169565
876170386
876170612
876171233
876171906
876171928
876172117
876172195
876172824
876173227
876173346
876173951
876174683
876175071
876175074
876175242
876175327
876175488
876175633
876175658
876175975
876176248
876176511
876176570
876176601
876177099
876177513
876177539
876177632
876177695
876178000
876178719
876179060
876179111
876179127
876179223
876179252
876179666
876180045
876180224
876180390
876181784
876181949
876182225
876182499
876182827
876183338
876183651
876183704
876184589
876185573
876185577
876185662
876186396
876186469
876186505
876186564
876186743
876186889
876187018
876187340
876187561
876187605
876188614
876188981
876189134
876189301
876189319
876189731
876190189
876191463
876191521
876191594
876192114
876192283
876192539
876192833
876193290
876193752
876193764
876194281
876194957
876195037
876195049
876195117
876195762
876196275
876196278
876196331
876196345
876196891
876197481
876197832
876198734
876198842
876198945
876199398
876199999
876200134
876200288
876200425
876200514
876200587
876200793
876200885
876202015
876202117
876202128
876202737
876203040
876203043
876203237
876203301
876203504
876203594
876203694
876203826
876204415
876204687
876205431
876205677
876205844
876206046
876206491
876206556
876206625
876206828
876206867
876207481
876208084
876208114
876208219
876208595
876208798
876209190
876209348
876209365
876209508
876209536
876209866
876209961
876210118
876210593
876210937
876211639
876211693
876211707
876211845
876211846
876211856
876212636
876212762
876212764
876212806
876212916
876213063
876213411
876213450
876213658
876213934
876214203
876214274
876214714
876214748
876215048
876215106
876215380
876215535
876215697
876217235
876217475
876217875
876218114
876218249
876218539
876218562
876218989
876219491
876219566
876219819
876220111
876220358
876220577
876220650
876220691
876220732
876220917
876220953
876221506
876221824
876221959
876222595
876222695
876222816
876223106
876223934
876224384
876224399
876224439
876224620
876224666
876224812
876224851
876224954
876225192
876225326
876225712
876225893
876225911
876226157
876226493
876227331
876227680
876227683
876227967
876228012
876228144
876228171
876228354
876228379
876228587
876228960
876229037
876229151
876229246
876229420
876230281
876231287
876231421
876231440
876231834
876231840
876232566
876233785
876234116
876234401
876235488
876235727
876235816
876235901
876236379
876236512
876236784
876236914
876237091
876237919
876238051
876238494
876238497
876238805
876238989
876239444
876239543
876239560
876239612
876240052
876240057
876241009
876241284
876241539
876241738
876241753
876241762
876242075
876242385
876242457
876242586
876242694
876242966
876243428
876243472
876244185
876244486
876245382
876245458
876245765
876246069
876246237
876246649
876247052
876247083
876247612
876248105
876248205
876248206
876248558
876248628
876248760
876249238
876249709
876249815
876250155
876250297
876250358
876250795
876251699
876252371
876252379
876253434
876253544
876253921
876254463
876254914
876254927
876254931
876254983
876255284
876255319
876255465
876255504
876255608
876255634
876255741
876255816
876256280
876256295
876256324
876256477
876256602
876256732
876256897
876257304
876257452
876257822
876257887
876258128
876258392
876258837
876258899
876258971
876259083
876259198
876259561
876259571
876259757
876259799
876260139
876260282
876260310
876260327
876260373
876260569
876260570
876260625
876260984
876261648
876262082
876262560
876263197
876263231
876263232
876264357
876265576
876266065
876266221
876266265
876266478
876266535
876266574
876266583
876266800
876266826
876266827
876266842
876267127
876267657
876267751
876267769
876267986
876268121
876268774
876269127
876269583
876269720
876269967
876270130
876270555
876270579
876270797
876270798
876270951
876271491
876271666
876271747
876271925
876272364
876273341
876273523
876273693
876273726
876273856
876274473
876274519
876274545
876274660
876274953
876275194
876275249
876275617
876276471
876276531
876276562
876276746
876276920
876277092
876278180
876278660
876278816
876278823
876279950
876280429
876280765
876280795
876281771
876281785
876282861
876283027
876283308
876283340
876284235
876284744
876284996
876285009
876285037
876285657
876285684
876285687
876285911
876286165
876286259
876286283
876286759
876287111
876287253
876287456
876287679
876287731
876287750
876288626
876288842
876289199
876289201
876289222
876289348
876289878
876290521
876290720
876291278
876291281
876293138
876293405
876293849
876294164
876294222
876294450
876294839
876294864
876295454
876295550
876295915
876296179
876296296
876296364
876296623
876296815
876297166
876297227
876297261
876297316
876297417
876297568
876297670
876297677
876298208
876298353
876298585
876298709
876298964
876298970
876299554
876300140
876300172
876300190
876300209
876300331
876300559
876300911
876301723
876301749
876302439
876302538
876302847
876303085
876303127
876303528
876303545
876303620
876303799
876304335
876304446
876304541
876305199
876305420
876305629
876306146
876306226
876306322
876306361
876306389
876306394
876307739
876307919
876308119
876308241
876308336
876308535
876308665
876309018
876309213
876309325
876309343
876309427
876309641
876309809
876310405
876310522
876310592
876311147
876311463
876311535
876311575
876311685
876312307
876312351
876312455
876312495
876312659
876313191
876313339
876313791
876313831
876314055
876314283
876314393
876314739
876314878
876315429
876315462
876315500
876315668
876315861
876315969
876317110
876317680
876318140
876318152
876318293
876318316
876318420
876318784
876318844
876319043
876319837
876319894
876320314
876321373
876321464
876321940
876321972
876322669
876322716
876322894
876322969
876323074
876324071
876324277
876324578
876324695
876324707
876324993
876325255
876326016
876326133
876326157
876326334
876326355
876326825
876326926
876327002
876327018
876327100
876327118
876327259
876327455
876327781
876328000
876328055
876328081
876329008
876329041
876329392
876329695
876329852
876329967
876329991
876330165
876330505
876330541
876330631
876331259
876332040
876332192
876332444
876332462
876332489
876332528
876332725
876333173
876333840
876334060
876334374
876334648
876334657
876335061
876335099
876335329
876336086
876336740
876336989
876337016
876337094
876337307
876337339
876337700
876337754
876337821
876337913
876337932
876338318
876338413
876338674
876338904
876339120
876339181
876339265
876339487
876339620
876339765
876339836
876340187
876340214
876341123
876341618
876341822
876341951
876342280
876342346
876342732
876342926
876343021
876343224
876343559
876344041
876344157
876344409
876344607
876344640
876344910
876345078
876345360
876345620
876345814
876346309
876346355
876346978
876346999
876347236
876347995
876348368
876348564
876348715
876348771
876348984
876349515
876349650
876349809
876350619
876350626
876350721
876350860
876351026
876351209
876351493
876351670
876352231
876352276
876352292
876352556
876352765
876353313
876353431
876353783
876353819
876353852
876354349
876354511
876354557
876354886
876355052
876355485
876355544
876355997
876356306
876356413
876356818
876356999
876357453
876357814
876358056
876358353
876358753
876358959
876358976
876359255
876359780
876359854
876360015
876360346
876360715
876360813
876360971
876361003
876361068
876361200
876361909
876362310
876362327
876362540
876362578
876362756
876363202
876363510
876363680
876363775
876363874
876363937
876363988
876364137
876364172
876364206
876364263
876364277
876364513
876364665
876365160
876365216
876365615
876365920
876366294
876366407
876366615
876367923
876368336
876368764
876368793
876368822
876368960
876369004
876369014
876369139
876369544
876369639
876370307
876370407
876370446
876370472
876370865
876371126
876371242
876371992
876372945
876372998
876373101
876373476
876373487
876373785
876373913
876374480
876374548
876374718
876374873
876374982
902090723
902091238
902094989
902095301
902095501
902096403
902096431
902096489
902096578
902096725
902105235
902105487
902105559
902106272
902109401
902110453
902110595
902110770
902111497
902111546
902112364
902112539
902112639
902112796
902113165
902113461
902113636
902113641
902114122
902114181
902114320
902114353
902114408
902114651
902115186
902115198
902115397
902115536
902115953
902116078
902138385
902138499
902138603
902138689
902138982
902140951
902142026
902142140
902142213
902142339
902142394
902142475
902142644
902143121
902143215
902143640
902143958
902143963
902144103
902144120
902144123
902144150
902144425
902144523
902144779
902144820
902144880
902144895
902145169
902145306
902145818
902146011
902146305
902151594
902152804
902152945
902152975
902153462
902600305
902600328
902600736
902600819
902601024
902601432
902601463
902601794
902601945
902602212
902602257
902602386
902602990
902603117
902603159
902603177
902603209
902603296
902603920
902604368
902604405
902604553
902604891
902605048
902605109
902605333
902605583
902606209
902606347
902606442
902606650
902606766
902606912
902606998
902607058
902607212
902607324
902608167
902608480
902608706
902608892
902609132
902609388
902609431
902610009
902610054
902610068
902610751
902610861
902612127
902612248
902612413
902612562
902612642
902612904
902612947
902613316
902613429
902613479
902613591
902614424
902615104
902615398
902615506
902615606
902615921
902616296
902616587
902616627
902616712
902616795
902616970
902617144
902617701
902617713
902617854
902618457
902618480
902618606
902618919
902619474
902620181
902620199
902620278
902620317
902620372
902620519
902620569
902622294
902626376
902626513
902626889
902627719
902629523
902629812
902630381
902635978
902635986
902636196
902636215
902636612
902636628
902636788
902639715
902639801
902639941
902639994
902640016
902640849
902641229
902641296
902641471
902641554
902641590
902641906
902642267
902642402
902642524
902642727
902642839
902644766
902644942
902645050
902645064
902645382
902645598
902645686
902646452
902646715
902646719
902646855
902647087
902647112
902647348
902647462
902647781
902647866
902647914
902647985
902648191
902648241
902648258
902648301
902648398
902648403
902648585
902648880
902648933
902649024
902649094
902649267
902649817
902650114
902650435
902650928
902651000
902651398
902651404
902651913
902651995
902652201
902652848
902653000
902653095
902653157
902653170
902653304
902653829
902653909
902654011
902654135
902654163
902654384
902654588
902654641
902654726
902654727
902672033
902672383
902672392
902675176
902675485
902675872
902675954
902676204
902676411
902676478
902676615
902676647
902676741
902676799
902677356
902677509
902678108
902678167
902678168
902678368
902678827
902684196
902686932
902687136
902687462
902688634
902688776
902688785
902688958
902689089
902689192
902689205
902689594
902689683
902689699
902689804
902689877
902690261
902690659
902690718
902690853
902690926
902691394
902691611
902691736
902691755
902692105
902692501
902692561
902692621
902692640
902692650
902692700
902692827
902693177
902693809
902694171
902694241
902694919
902695074
902695110
902695316
902695519
902695613
902695624
902695674
902695780
902696148
902696334
902696498
902696782
902696907
902697062
902697139
902697362
902697521
902697630
902697750
902697790
902698033
902698086
902698113
902698372
902698563
902698893
902699040
902699137
902699250
902699301
902699836
902699900
902700221
902700334
902700359
902700410
902700642
902700744
902700917
902701080
902701883
902701988
902702251
902702581
902702741
902702961
902703170
902703432
902703447
902703507
902703558
902703648
902703677
902703708
902703824
902704007
902704028
902704514
902704799
902705210
902705377
902705536
902705990
902706005
902706250
902706554
902706638
902707712
902707896
902708139
902708368
902708426
902709198
902709269
902709293
902709357
902709406
902709536
902710184
902710930
902710949
902710999
902711099
902711238
902711334
902711401
902711466
902711993
902712138
902712161
902712208
902712441
902712574
902712597
902713074
902713237
902714568
902714605
902714657
902714912
902715043
902715082
902715346
902715401
902715625
902715753
902716095
902716101
902716200
902716317
902716381
902716646
902716880
902716900
902716994
902717091
902717324
902717432
902717445
902717747
902717828
902717876
902718580
902718655
902718769
902718805
902718897
902718963
902719217
902719561
902719684
902719831
902720041
902720079
902720107
902720160
902720311
902720355
902720501
902720608
902720898
902720936
902721182
902721326
902721512
902722008
902722032
902722299
902722690
902722931
902723068
902723327
902723479
902723668
902723853
902724245
902724446
902724722
902724880
902724957
902725102
902725139
902725197
902725233
902725291
902725322
902725569
902725916
902726284
902726454
902726693
902727007
902727109
902727160
902727205
902727581
902727782
902727868
902727876
902727958
902728055
902728067
902728253
902728965
902729155
902729767
902729818
902730346
902730352
902730450
902730458
902730475
902731044
902731297
902731440
902732044
902732144
902732150
902732240
902732341
902732400
902732493
902732500
902732811
902732915
902732993
902733039
902733065
902733209
902733280
902733311
902733315
902733371
902733561
902733562
902733914
902733954
902734032
902734072
902734227
902734275
902734432
902734472
902734523
902734673
902734995
902735023
902735131
902735189
902735193
902735223
902735275
902735299
902735303
902735455
902735997
902736040
902736047
902736126
902736206
902736557
902736962
902737048
902737189
902737196
902737206
902737319
902737378
902737677
902737802
902737849
902738434
902738891
902739025
902739058
902739113
902739295
902739360
902739965
902740645
902740684
902740791
902740997
902741082
902741431
902741473
902741652
902741809
902741838
902742789
902743003
902743405
902743412
902743477
902743486
902743521
902743567
902744062
902744228
902744469
902744470
902744618
902745006
902745021
902745417
902745843
902746118
902746886
902747021
902747320
902747784
902805765
902805787
902805913
902808226
902808302
902808421
902808624
902808971
902809040
902809116
902809212
902809397
902809603
902809666
902809731
902810760
902810845
902810932
902810940
902810946
902811189
902815804
902817862
902817882
902818076
902818177
902818205
902818248
902818661
902818686
902818809
902819071
902819139
902819294
902819466
902819773
902819913
902820033
902820055
902820138
902820408
902820429
902820556
902820693
902820768
902820776
902821040
902821066
902821351
902821393
902821817
902821862
902822063
902822098
902822193
902822216
902822266
902822279
902822550
902822659
902822863
902822956
902823078
902823183
902823253
902823274
902823341
902823539
902823593
902823701
902823802
902824065
902824309
902824319
902824369
902824404
902824417
902824444
902824718
902824842
902825212
902825396
902825401
902825642
902825700
902825833
902825994
902826914
902827789
902827876
902828012
902828372
902828375
902828835
902828941
902828945
902829377
902829525
902829963
902830065
902830077
902830103
902830273
902830447
902830488
902830644
902846983
902847432
902958468
902958569
902958912
902958966
902959030
902959121
902959245
902959273
902959393
902959625
902959817
902960203
902960335
902960344
902960402
902960722
902960771
902960792
902960929
902961140
902961144
902961186
902961550
902961713
902961839
902961856
902962331
902962456
902962689
902962847
902963077
902963347
902963394
902963457
902963581
902963776
902963851
902964095
902964284
902964365
902964393
902964407
902964454
902964637
902964644
902964684
902965071
902965138
902965268
902965282
902965550
902965726
902965818
902966073
902966622
902966692
902966713
902966765
902967054
902967288
902967298
902967314
902967364
902967388
902967494
902967839
902967886
902967946
902968025
902968049
902968091
902968377
902968395
902968469
902968594
902969017
902969044
902969420
902969590
902969635
902969654
902969743
902969747
902969755
902969957
902970031
902970112
902970308
902970377
902970430
902970554
902970624
902970829
902970847
902971056
902971242
902971550
902972025
902972736
902972905
902972971
902973212
902973236
902973704
902974350
902974717
902974867
902974977
902975465
902975530
902975980
902975987
902976151
902976417
902976445
902976450
902976604
902976995
902977005
902977061
902977158
902977208
902977314
902977891
902978000
902978069
902978091
902978854
902979475
902979515
902979645
902980091
902980303
902980347
902980533
902980869
902980934
902981353
902981591
902981694
902981825
902982336
902983158
902983205
902983217
902983248
903006821
903006856
903006926
903006937
903007112
903007348
903007603
903007742
903007767
903008038
903008063
903008091
903008097
903008175
903008611
903008624
903008662
903009614
903009746
903009779
903009792
903009869
903009878
903010208
903010307
903010544
903010605
903010767
903011009
903011075
903011600
903011790
903011851
903011904
903011976
903014620
903016959
