684371
816793
873965
892149
914845
918893
1014196
1107885
1130644
1141947
1143174
1202936
1205359
1205965
1206178
1573839
1647346
1648542
1868257
2020725
2084183
2084703
2094712
2140147
2224747
2224750
2242348
2355043
5051080
11005364
11076279
11172641
11175956
11177422
11179513
11225798
11232335
11305727
11741512
13348510
13391712
13476741
13539885
13566624
13624104
13816037
13832869
19257657
19344806
19566584
19656004
19690565
19764340
20086939
22595500
22866080
22868366
25078523
25133286
25154903
25944601
25948892
30264530
31685173
31798074
31838811
31939938
31941795
31998168
31998581
32001424
32068637
32154307
32298187
33715209
33716446
33717565
33735626
33840009
35885057
36025417
36085812
36085878
36202886
36237610
36337859
36699257
37364410
37435001
38570885
38709750
38845357
47330872
47331912
47791607
49835817
50716374
50838187
50933738
51036203
51039966
51367593
51585034
51867317
52776916
54069752
54130398
54134367
54219616
54226583
54226863
54228019
54277587
54393154
54479234
54482221
54631584
54636377
54698856
54704940
54845368
55139729
55450123
55452212
55513753
55605752
55650407
55661983
55728798
55746724
56250703
56293419
56297504
56384020
56384190
56387068
56469215
56470515
56524988
56535396
56535552
56538935
56541877
56544091
56709209
56976851
56980182
56983306
56983798
59851356
59896446
60079926
60729466
62140827
62314018
62402931
62531527
62535164
64299389
64538339
64540088
65811173
65911723
65967790
66329797
66340558
66599481
68137582
68350413
68477850
72983467
73192246
73235712
73406984
73445371
80185435
80810516
81209540
81427796
81711052
82127841
88631711
88749743
90211642
94040984
94229917
94323017
94512116
94770120
94867385
95752833
95752908
95842166
96852226
96928050
97062473
97161543
97584478
97656215
97708390
97847605
98293921
99830371
99832044
100944487
106338071
107088110
107255233
107538847
107948929
108423955
108644881
108748881
108749984
108834836
108835547
109692639
110204755
110347046
110481341
110908242
111317402
111381080
111636453
112064333
112115538
112925828
113661364
114115352
114880344
114882926
118027800
118062633
118166788
118205475
118285243
118292725
118293139
118344101
118429656
118430571
118540315
118560530
118560974
118609693
118688924
118690168
119082027
121206801
121335835
121337393
122864598
122866831
122976680
122980226
122996150
123024705
123029058
123195981
123257044
125178952
125291604
125291741
126780196
127568340
127569343
127581770
127803530
127804856
128051533
128061368
128127559
128326544
128336628
128571150
128576647
128666345
128671610
128811735
128812893
128902999
129164534
129170913
129437848
129671129
129677742
129682867
129793316
129886149
130190953
130192291
130262529
130263700
130445000
130445089
130469351
130525232
130526449
130530138
130530816
131343095
131419589
132325018
132923808
134476267
134637308
140033499
140949695
141021590
141056084
141428805
141610893
141624136
141626895
141653007
141653091
141682270
141976247
142016907
142126335
142142160
142358230
142415262
142422270
142625198
142695565
142724491
142771105
142778712
142832396
142846728
142915421
142918989
142973021
143318295
143321318
143322022
143364800
143365091
143369499
143378501
143430377
143430454
143436136
143482306
143516671
143581734
143584970
143589488
143720705
143721385
143721540
143721787
143732676
143770845
143786583
143789159
143906278
143906785
143908824
143908928
144044316
144085107
144088477
145863747
145968525
146184021
147018085
147105872
147291447
147293584
147674961
147906554
148463034
149155443
149218683
149517611
149598862
149744486
149767969
149791698
149972853
150082579
150145337
150189557
150275852
152076194
152952020
153035380
153042595
153044084
153193840
153194819
153437008
154071836
154368337
154368660
154370328
154606518
154607212
154607248
154672413
154674069
154677787
154679055
154745420
154746370
154747887
154756524
154986479
155124657
155133323
155212559
155213492
155214809
155263542
155271192
155333746
155342764
155345790
155429793
155437725
155482540
155486300
155493809
155729999
155884819
155892278
155955687
155958705
155961522
156107409
156184826
156185370
156264367
156265652
156320483
156328505
156407047
156407385
156536353
156715084
156806956
156806967
156950630
156991809
157044703
157203898
157250132
167554511
167750036
169015406
169174862
169614558
169968284
170088667
170108378
170110850
170303450
170365969
170463675
170471115
173079035
173755791
175175901
175708640
175924687
175975960
176044203
176045788
176088248
176089764
176091408
176152054
176157174
176157205
176252827
176352408
176356654
176445717
176935277
176935877
177019285
177113266
177166233
177172698
177236998
177240025
177258544
178366477
178663612
179119903
180573885
181208184
181686257
182661485
182754359
183467456
185369994
185370035
185374889
185531025
185617406
185693907
186012744
186015338
186100808
186103592
186222446
186315815
186981654
196318162
196357294
196422713
196429262
196460304
196460607
196461131
196465709
196468637
196512087
196513419
196518001
196552905
196607323
218528552
218528803
218535502
218592052
218613413
218703524
218705520
218713443
218714031
218714397
218793459
218885572
218887009
218887195
218889345
218894071
218897159
218998567
219000249
219145652
219194615
231085358
231124601
231455095
231484259
231496155
231497787
231501472
231505423
231508963
231551857
231560003
231601660
231606394
231606406
231609255
231609845
237950422
237957324
237973421
238059286
238158494
238164321
238189493
238193323
238311627
238330354
238373107
238572177
238915761
238927678
255560654
255592541
255698152
255756592
257789485
257872205
257880349
257880501
257881200
257982176
257982404
257991822
258155834
258155860
258157685
260042074
260193294
260239413
260240161
260266507
260355861
260369118
260370234
260420535
260655374
261400271
262722499
262921847
265445890
265531768
266200506
266359449
266480316
266612289
268760399
269071459
269850765
269855781
269857703
270143675
270150709
270511512
270555414
270562073
270679102
271037745
271116055
271270352
271301333
271382379
271383199
271386749
271388661
271582611
271584681
271590468
271590821
271590845
271592338
271598082
271672999
271681034
271774615
271785747
271863493
271900390
271931479
272130251
277098905
278019154
278140516
279321596
279480555
279510595
279737780
279741291
279950184
280795327
283311563
283395465
283397030
283402168
283403398
283581337
283582645
283583403
283584163
283588331
283696308
283777340
283779853
283783277
283882408
283925772
284195125
284420331
284655875
285222557
285315101
285317890
285407529
286098320
286098378
287352377
289113764
289247934
289409074
289481734
290438775
290600010
290610101
290645865
290653324
293648017
293825481
293829810
293834425
293911989
293916972
293985176
294054806
294276888
294395613
294398838
299844909
300013123
300033022
300159301
300290940
300807817
300970893
306671823
306826966
306900042
307288808
307363368
307461329
307701445
308541364
308986588
308992061
308993835
309070278
309151287
309754884
309780291
309787398
309787639
309791758
312026151
320346426
320349073
320482010
321258095
323601363
331824685
331924909
331992200
331993266
332081982
332085525
332304459
332304932
332309512
332560116
333938902
334142695
334382552
334414449
334514903
339729708
339770965
340004061
340181246
340360114
341189751
341191766
342073608
342607694
342675737
342753098
343962319
346714388
347187056
347412256
348238613
348240559
348372822
348477317
348530977
348652039
348659021
348841203
349323840
349828593
350445929
350522226
350583903
350742965
350764642
350767497
350820379
350820735
350843318
350857733
350858656
350953743
354827983
355357493
358662582
366353515
370038109
370038895
373522376
373602086
373844388
382041479
382160135
382247276
382303117
382519085
385722763
385910710
386256186
386431921
386432951
386461246
388014281
388104764
388495346
388754258
391745438
391923441
393556575
393557934
393781133
393989510
394080042
394222786
405260932
405799245
409732714
409732973
409820980
412515802
412849128
412849594
412963000
413017160
413025641
413028058
413162671
415340789
415346397
415404154
415430141
422142199
429146995
430591603
431842620
431843568
431854808
431883441
431947378
431973233
431975623
432005016
432056457
432063408
432065242
432065577
432085744
432208773
434412464
434425405
437119851
437131727
437134981
437143765
437143895
437146510
437150938
437183588
437183706
437185410
437186096
437186115
437186312
437187535
437191877
437212068
437212326
437222252
437227606
443854829
443904445
444036737
445518927
452839995
452922664
452954413
452981151
452983780
453006983
455095580
455173954
455206965
455237342
456852749
458681225
461799854
461829578
461831423
468912698
468978983
468979321
468980170
468980287
502510432
504037849
508188227
520643418
522403192
650095765
650119849
650120032
650120560
650131683
650131855
650131905
650132005
650132103
650132220
650132642
650132738
650132747
650133383
650133456
650133640
650133773
650134165
650134604
650135077
650136986
650141416
650142214
650143128
650143201
650143300
650144183
650144560
650144574
650144877
650145039
650145611
650146492
650146617
650147084
650147391
650214066
650214283
650214418
650214433
650215323
650215511
650215575
650215621
650215626
650215714
650215879
650217292
650217410
650217451
650217774
650223167
650225760
650226365
650226534
650227266
650227547
650228143
650228181
650228596
650228941
650229448
650229955
650230440
650230508
650231184
650231979
650232081
650232307
650232448
650233460
650233481
650233544
650234427
650234585
650234959
650236291
650236316
650236463
650236521
650236602
650236871
650239433
650240216
650240306
650240369
650240887
650241083
650241155
650258230
650258856
650259376
650260014
650260153
650260384
650261177
650266330
650326645
650326965
650327100
650327355
650327424
650328009
650328377
650329067
650329153
650330139
650330208
650330584
650331112
650331213
650331519
650331927
650331960
650331994
650332077
650332084
650332299
650332360
650332527
650333020
650333420
650333628
650333670
650333788
650334362
650335108
650335392
650335632
650335828
650336123
650336411
650336992
650337093
650337269
650337288
650337699
650338219
650338412
650338525
650338981
650338984
650339549
650339566
650340698
650340713
650340826
650340966
650342271
650342479
650342591
650344111
650344112
650344229
650344369
650344582
650344586
650344818
650345025
650345141
650345338
650345704
650345904
650346759
650347016
650347046
650347235
650347327
650348350
650348734
650348811
650349500
650349748
650349985
650350076
650350112
650350171
650350336
650350541
650351023
650351055
650352132
650352344
650352406
650352443
650352945
650353869
650354039
650354259
650354412
650354569
650354801
650354846
650354863
650354998
650355661
650355881
650355986
650356023
650356367
650356369
650357006
650357507
650357828
650358826
650359037
650359411
650359623
650359639
650360562
650361152
650361226
650361335
650361575
650361603
650361921
650361937
650362072
650362142
650362774
650363126
650363248
650363417
650363784
650364961
650365132
650365174
650365891
650365968
650366408
650366602
650366945
650367564
650367708
650367831
650367987
650368231
650368431
650368562
650369026
650369270
650369306
650369356
650369392
650369631
650369951
650369963
650370307
650370632
650370669
650371595
650371823
650372257
650372783
650373020
650374027
650374113
650374363
650374668
650374950
650375243
650376068
650376353
650376653
650376670
650377660
650377947
650377982
650379051
650379098
650379330
650379503
650380329
650380374
650380387
650380610
650380630
650380652
650380787
650383748
650384341
650384804
650384913
650385268
650385821
650385947
650385985
650386543
650386754
650386815
650387620
650387814
650388053
650388125
650388193
650388265
650388271
650388417
650388615
650388828
650389109
650389159
650389322
650389539
650390247
650390442
650390479
650390637
650391707
650391757
650391944
650392076
650392445
650392773
650392838
650393200
650393211
650393666
650393841
650393918
650393991
650394141
650394422
650394454
650394464
650394518
650394633
650394675
650395013
650395031
650395899
650395905
650396009
650396093
650396248
650396249
650396252
650396292
650399908
650408030
650408043
650408649
650408870
650408921
650409079
650409327
650409472
650409506
650409564
650409673
650409764
650410199
650410722
650410806
650410819
650410944
650411283
650411351
650411445
650413041
650413256
650414721
650415179
650415277
650415323
650415372
650415727
650415861
650415925
650415928
650416040
650416484
650416520
650416709
650417064
650417679
650417793
650418377
650418416
650419691
650420218
650420403
650420461
650420700
650421062
650421319
650421337
650421661
650422064
650422398
650422425
650423366
650423448
650423579
650423844
650423978
650424095
650424406
650424519
650424534
650424846
650424947
650425085
650425390
650426006
650426337
650426589
650426643
650427108
650427334
650427685
650427743
650427851
650428571
650429081
650429104
650429225
650429330
650429411
650429512
650429529
650429732
650430397
650430435
650430672
650431154
650431520
650431932
650432254
650432490
650432684
650433770
650433802
650433946
650433970
650433979
650434059
650434173
650434187
650434363
650434554
650434711
650434798
650434806
650435104
650435340
650435479
650435602
650435652
650435679
650435990
650436469
650436488
650436684
650438000
650438001
650438020
650438037
650438163
650438310
650438474
650438619
650438634
650438757
650438862
650439274
650440180
650440260
650440291
650440743
650441076
650441083
650441145
650441394
650441803
650441828
650441952
650442812
650443377
650446933
650447296
650447510
650456290
650456303
650456356
650456529
650456807
650457348
650457462
650457512
650457594
650457764
650457892
650458053
675047721
675048810
675050310
675050982
675051166
675051543
675051678
675051796
675052724
675053389
675055192
675056072
675057534
675058494
675058521
675058861
675059011
675059063
675059453
675060163
675060857
675060913
675068473
675069449
675069450
675069475
675070002
675070141
675070874
675072172
675072810
675073105
675080469
675080841
675081653
675083538
675084568
675084692
675084984
675085493
675086051
675086245
675086706
675086719
675087297
675088055
675088534
675089361
675089585
675089710
675089775
675090188
675090669
675091519
675092474
675092773
675094703
675094737
675094861
675095438
675095862
675096527
675096858
675096862
675097598
675098658
675098692
675098786
675099046
675099161
675099174
675099871
675099930
675100226
675100257
675101173
675101917
675102109
675102877
675103267
675103590
675104253
675104707
675105039
675105097
675105366
675105431
675105550
675105959
675106375
675107439
675107733
675108558
675108726
675108806
675109290
675109637
675110034
675110162
675113274
675114079
675114495
675114652
675115304
675115479
675115663
675115991
675116869
675117271
675117450
675118832
675120012
675120172
675120423
675120449
675121571
675123241
675123243
675123639
675124211
675124736
675125007
675125497
675125746
675126031
675127540
675127890
675128762
675129347
675132188
675132679
675133589
675133717
675134608
675135039
675136195
675138645
675138656
675139028
675139491
675139899
675140270
675140761
675141572
675141919
675141942
675142833
675143650
675145506
675145891
675145942
675145966
675146761
675146781
675147129
675147504
675148220
675148532
675150853
675151482
675152585
675153396
675153703
675153937
675154188
675154279
675155150
675155241
675155289
675155971
675156668
675157187
675157498
675158855
675164290
675164880
675165191
675165798
675168061
675175131
675176294
675176326
675178388
675179531
675179904
675180329
675180345
675180487
675181029
675181063
675183361
675183705
675183716
675184099
675184549
675186134
675186222
675186471
675187031
675187340
675187444
675187637
675188062
675188158
675188717
675188760
675189231
675189352
675189761
675190135
675190156
675191396
675191711
675191921
675192224
675192232
675192415
675192785
675193070
675193519
675193627
675193794
675194539
675195111
675195175
675195410
675196041
675196569
675197447
675197969
675199407
675199610
675199864
675199990
675200417
675200455
675201170
675201245
675201592
675201594
675201654
675201666
675202289
675202879
675203059
675203166
675203330
675203502
675203835
675203843
675204004
675204017
675204520
675205328
675205400
675206181
675207197
675209108
675209302
675210257
675211219
675211668
675213032
675213618
675213821
675214716
675215392
675217136
675217165
675218212
675221719
675222917
675223586
675224677
675225067
675225907
675226538
675228488
675230040
675230048
675231703
675231895
675231979
675232389
675232621
675232817
675234068
675234343
675235960
675236177
675236779
675236864
675237077
675238989
675240650
675241383
675241531
675242438
675245072
675247045
675247444
675247480
675247519
675248197
675248240
675248251
675248704
675249275
675249529
675249723
675249858
675250207
675250588
675250967
675251123
675252588
675252793
675253092
675256511
675256600
675259261
675259492
675259728
675260036
675260084
675260349
675260512
675261390
675261551
675261748
675261927
675262327
675262512
675262555
675262743
675262917
675263172
675263378
675264114
675265047
675265552
675266348
675266655
675266787
675268161
675269999
675270452
675270883
675278521
675279768
675280754
675282587
675285252
675289061
675289342
675289611
675296813
675298528
675302498
675308256
675311722
675315843
675325864
675327048
675329200
675329776
675336889
675344400
675352003
675354152
675375304
675378698
675379601
675380321
675381421
675382179
675396280
675398438
675406324
675407654
675410980
675419545
675428093
675434334
675441457
675442789
675446112
675458484
675461285
675470972
675492906
675495603
675498929
675509986
675512027
675515048
675518302
675521585
675537619
675548940
675550616
675561716
675564410
675573700
675576185
675588101
675596981
675605330
675614588
675618440
675636919
675644719
675648920
675650812
675651482
675652185
675652571
675654127
675656800
675663293
675664844
675664923
675665316
675665726
675669992
675670386
675673012
675676553
675682658
675692206
675696517
675697989
675698135
675698917
675703928
675705118
675706154
675709149
675710571
675710754
675711190
675717005
675717901
675719309
675720076
675721007
675721892
675734290
675734313
675735405
675738057
675738723
675739580
675739715
675740917
675745179
675759800
675761297
675762696
675763915
675768197
675769938
675782623
675832133
675835576
675837058
675839223
675839731
675844396
675845856
675914389
675931618
675934053
675935175
675937073
675939669
675940873
675941637
675944342
675946038
675950406
675950837
675951414
675951977
675956743
675960575
675960746
675962326
675966140
675968528
675968867
675970235
675970364
675974068
675974272
675974626
675975304
675978270
675978646
675978907
675979998
675980500
675981492
675981854
675984854
675985968
675986157
675986402
675987236
675987474
675987894
675988226
675988677
675989296
675989423
675989655
675990483
675991885
675998074
676052683
676054731
676054769
676056947
676057883
676058401
676059222
676059592
676060228
676062611
676063009
676063853
676064402
676065367
676066352
676067565
676068924
676071674
676072470
676109498
676112112
676118822
676124654
676124711
676125999
676128083
676128131
676142724
676143974
676146285
676146628
676147251
676153176
676153248
676153663
676155127
676156624
676159079
676159353
676163715
676164134
676167141
676167225
676168093
676168242
676168501
676170294
676170589
676170659
676170968
676171849
676172901
676173859
676174194
676174693
676175694
676176828
676177712
676177884
676179983
676180143
676180510
676181884
676183501
676184977
676185188
676185883
676186149
676190971
676190993
676191282
676192721
676194793
676195922
676196369
676199394
676199400
676201566
676201578
676202605
676202768
676203761
676204222
676204448
676205295
676205398
676207021
676207758
676208520
676214346
676215790
676217855
676219739
676222707
676223127
676223849
676223936
676224808
676227818
676227820
676229465
676229532
676230418
676231414
676234834
676235118
676236217
676240790
676241259
676241957
676242615
676242696
676242770
676243121
676245507
676248299
676248544
676248997
676249348
676250596
676251332
676252067
676255319
676256946
676257273
676257732
676262103
676265111
676265752
676268495
676269101
676274219
676274523
676275190
676275275
676276299
676276360
676277062
676278714
676279088
676279093
676281335
676281516
676282096
676282552
676283460
676283780
676284155
676285150
676286347
676286512
676287360
676287697
676289938
676291873
676292214
676292790
676293826
676297887
676298539
676300414
676300583
676301054
676301539
676301730
676302259
676303302
676304339
676305231
676309076
676309725
676311443
676311856
676311990
676312601
676313399
676313884
676314493
676314845
676315486
676319993
676321456
676321876
676322999
676324034
676325723
676327877
676328611
676330998
676332606
676333618
676334054
676334650
676334826
676335250
676335262
676335730
676336713
676337492
676337913
676337920
676340084
676340489
676343075
676343715
676345187
676347535
676347556
676347651
676347679
676348124
676348294
676348296
676348638
676348942
676349215
676349621
676350399
676350457
676350637
676352335
676353556
676356736
676358495
676359418
676359880
676360012
676360165
676360267
676361188
676361320
676363902
676364537
676367995
676368332
676369041
676369078
676369885
676369921
676372202
676372701
676373041
676376676
676376841
676379183
676386717
676388595
676389196
676391629
676394248
676396526
676397138
676398161
676403901
676404486
676405198
676405398
676405611
676406002
676407157
676407158
676407534
676408652
676408710
676408898
676410745
676411103
676411742
676414625
676415653
676419114
676420587
676423000
676425306
676429444
676432097
676433168
676436021
676437698
676440308
676440762
676441880
676442234
676444085
676445725
676447031
676451158
676451588
676451763
676451883
676453253
676454632
676454684
676454747
676455933
676456168
676456830
676457554
676457649
676458497
676458730
676459584
676463246
676465456
676468107
676468867
676469499
676469991
676473034
676474164
676474917
676478175
676478923
676479502
676487381
676488330
676488706
676489798
676490417
676496190
676496866
676500085
676500208
676500491
676501276
676504197
676504325
676506212
676512433
676513959
676514951
676515855
676519082
676520410
676521703
676522737
676523120
676523414
676525797
676526399
676528305
676529069
676529422
676532474
676534040
676535190
676536761
676536933
676539027
676543034
676544048
676547549
676549140
676550078
676550673
676551992
676552441
676555796
676560529
676561430
676562490
676564371
676565276
676565902
676573256
676588866
676590630
676593189
676598289
676604782
676606609
676607976
676611108
676612525
676615732
676616261
676616268
676617376
676618058
676618130
676618366
676621321
676621886
676622476
676624193
676626175
676627544
676629402
676630389
676633338
676634824
676635616
676642494
676651151
676651230
676654176
676654226
676658264
676658419
676659902
676664327
676665440
676670364
676675587
676676152
676681715
676682771
676694680
676697062
676705135
676715553
676718648
676719412
676721863
676721977
676723692
676725007
676725263
676728196
676728881
676730770
676733701
676734909
676735828
676740136
676741273
676744810
676746814
676748767
676752295
676754350
676755256
676757226
676757656
676758047
676758550
676759095
676760250
676760368
676761792
676761859
676761945
676763231
676763491
676763528
676763623
676764009
676764346
676765408
676766703
676772774
676782395
676785124
676786520
676791104
676792561
676797359
676799447
676802409
676803784
676806711
676807453
676810073
676811096
676820212
676821294
676823625
676823938
676834796
676835781
676835909
676840499
676841393
676841862
676844052
676847342
676848051
676848802
676850681
676851709
676852104
676853961
676857095
676862684
676862937
676863483
676864708
676869174
676869369
676875738
676875999
676878024
676883059
676886216
676893940
676895578
676896193
676900593
676903089
676903698
676904017
676905862
676907941
676908032
676910373
676911180
676911622
676911773
676916388
676917048
676918513
676918812
676919830
676920000
676920977
676922615
676922712
676927071
676928577
676930340
676932975
676934711
676937407
676942161
676943697
676959637
676963695
676965555
676970887
676972388
676988820
677017777
677018690
677018695
677029953
677035345
677037337
677038637
677043142
677048263
677048721
677119466
677160250
677160855
677161427
677165278
677176536
677177869
677178787
677179301
677202739
677212196
677219638
677224187
677229671
677233431
677240351
677241839
677243033
677245740
677250823
677251743
677254971
677263015
677263729
677267319
677271899
677272500
677277692
677290501
677295688
677297389
677300582
677306086
677309601
677320904
677325515
677326001
677327253
677327287
677328969
677330211
677332885
677337616
677340470
677340970
677341818
677343935
677345986
677347242
677347700
677347766
677348111
677348175
677348955
677349114
677349184
677349957
677350071
677350281
677350810
677351026
677352025
677352246
677352813
677352933
677354519
677355157
677356298
677356593
677357083
677357846
677357947
677358053
677359829
677364323
677365944
677367403
677370220
677371802
677376252
677377827
677380371
677381055
677389467
677389977
677391587
677394206
677394331
677394466
677395318
677397896
677400834
677402174
677402734
677403104
677406610
677407236
677411616
677411881
677414447
677416256
677416839
677416909
677417095
677417182
677417575
677418734
677419001
677419355
677429877
677440617
677440752
677448806
677451194
677453102
677454423
677455248
677455402
677456791
677456851
677457467
677457842
677460412
677460691
677461528
677463185
677463851
677468218
677469493
677470246
677470862
677472034
677472553
677474086
677474890
677474986
677476367
677476403
677478164
677478803
677482771
677489011
677489257
677500006
677501258
677505765
677506485
677507136
677509420
677509767
677509917
677510514
677510762
677510790
677511089
677511147
677511443
677511660
677511876
677512043
677512624
677515086
677515353
677516066
677516281
677516325
677517328
677517837
677518319
677518451
677518670
677518735
677519233
677520301
677521489
677521531
677523200
677523467
677524590
677526117
677527192
677530861
677531171
677535610
677537192
677537465
677538455
677538635
677539923
677540432
677540763
677542011
677542995
677543783
677544898
677545399
677548755
677551409
677553481
677555341
677555921
677555957
677556084
677556568
677557037
677558670
677559415
677560153
677561426
677561792
677562740
677566667
677566768
677567668
677568711
677568939
677570116
677571932
677571961
677572525
677575161
677583389
677585222
677596732
677598558
677599337
677603750
677605081
677605426
677605488
677606541
677606630
677609382
677611376
677611988
677615259
677615719
677616147
677618262
677619167
677619449
677619680
677621766
677623564
677623911
677625552
677626710
677632271
677632410
677633087
677634763
677636730
677638208
677638260
677639399
677639404
677640686
677640956
677641081
677641697
677641854
677644832
677645107
677645648
677649698
677649828
677649996
677650107
677650703
677651179
677651244
677651394
677651687
677652813
677655200
677659597
677668146
677670082
677670969
677679062
677679475
677684151
677685097
677688913
677694593
677698653
677700444
677702199
677707269
677709423
677711554
677711576
677714213
677715146
677716405
677717685
677717852
677718780
677718809
677719909
677721165
677722350
677722843
677723887
677724911
677725216
677736827
677738508
677755501
677758067
677767337
677772824
677779250
677785237
677786294
677802524
677803110
677803741
677804264
677805138
677806417
677807780
677808140
677808389
677809179
677812544
677817924
677833869
677836940
677837803
677837974
677841549
677843324
677846417
677849127
677849572
677852603
677855593
677860901
677861652
677866350
677866439
677866455
677868443
677870162
677870581
677870741
677871374
677873068
677874117
677874317
677876123
677876228
677876266
677879552
677880723
677880775
677883169
677883375
677883980
677884064
677885582
677886310
677886707
677887683
677889421
677891990
677892090
677895339
677902410
677903025
677904623
677904816
677905513
677908986
677909935
677911422
677911668
677912019
677921127
677921692
677922627
677924055
677929587
677932351
677932910
677933061
677935354
677950837
677952345
677954501
677956627
677956778
677957828
677960802
677963410
677964562
677967644
677968558
677969821
677970652
677973154
677974646
677974735
677977273
677979689
677979789
677980272
677980310
677981117
677981336
677981345
677981389
677982614
677983316
677984218
677985175
677985187
677988183
677988755
677990339
677991021
677991664
677992422
677994599
677995572
677996406
677996781
677996984
677997104
677997957
677998629
677999135
678000979
678001815
678003527
678004589
678004996
678006097
678009026
678011837
678012283
678013442
678014809
678016469
678016805
678017517
678019309
678020376
678020929
678020988
678022333
678023278
678023489
678026886
678026991
678027024
678028275
678028940
678029988
678029995
678030829
678030952
678031235
678032470
678033570
678033735
678033883
678034238
678034732
678034767
678036632
678037926
678038387
678039155
678042898
678045223
678045400
678045892
678047760
678049625
678049932
678050190
678050689
678050844
678051404
678052693
678053217
678054176
678054387
678057670
678058715
678058984
678060763
678061000
678061557
678062344
678062585
678063809
678063908
678065551
678065608
678066268
678066392
678066417
678066492
678067061
678067976
678069073
678069118
678070235
678074248
678076805
678076829
678077233
678078115
678078963
678079766
678079874
678080462
678080707
678081867
678082123
678088315
678088447
678089850
678090148
678090940
678091442
678092367
678092418
678094530
678095770
678096014
678097630
678098117
678099399
678099751
678099823
678100475
678100483
678100622
678100943
678103521
678103585
678105890
678105959
678112404
678112604
678112753
678113634
678113787
678115390
678117055
678118701
678121352
678122093
678123180
678125668
678128047
678129288
678129950
678129962
678131928
678132239
678133292
678134593
678134959
678135063
678135079
678137923
678138199
678139318
678139556
678140468
678142828
678143768
678143956
678144193
678144882
678146237
678146630
678146738
678146810
678148054
678148613
678148727
678149306
678152335
678152730
678153487
678155569
678158053
678159721
678160454
678160903
678161014
678161820
678161821
678161906
678162012
678162927
678165626
678165974
678166511
678167100
678168802
678172875
678172951
678174668
678175820
678175854
678175875
678176003
678179322
678179344
678180529
678185900
678186117
678186186
678188731
678189364
678189477
678190722
678190905
678190912
678193942
678194078
678195590
678196416
678199961
678199981
678200498
678201041
678201044
678201308
678201634
678201758
678201772
678202013
678203119
678203374
678204995
678206135
678206266
678206766
678207011
678208573
678208851
678208888
678209360
678210044
678210492
678211167
678211260
678213061
678213547
678213689
678213952
678214044
678214346
678215604
678217771
678217984
678218020
678218059
678218318
678218696
678219287
678222005
678222787
678224310
678224672
678226384
678228898
678230392
678231238
678232955
678233008
678233171
678234585
678235937
678236220
678238149
678242666
678243472
678243891
678244024
678245715
678248145
678248694
678249171
678250976
678252763
678252865
678255086
678256161
678256786
678257028
678257647
678258056
678258505
678258801
678259072
678259274
678263105
678264304
678265246
678265435
678266986
678267406
678267671
678272518
678273171
678273941
678275084
678275156
678275451
678277022
678277596
678283894
678283984
678284557
678284814
678286425
678286964
678290116
678291319
678291388
678295679
678296773
678299794
678303235
678305759
678309911
678313441
678314124
678315197
678316950
678319175
678321670
678322944
678324610
678324808
678324854
678324944
678326220
678327006
678327780
678329577
678330420
678330499
678330518
678332828
678334237
678336231
678336940
678339269
678341771
678344536
678348777
678349474
678352666
678356013
678357272
678360593
678363905
678365020
678365454
678365677
678366836
678368700
678369611
678369883
678371314
678373269
678377985
678388256
678390688
678392845
678398334
678399897
678399961
678404229
678404772
678404904
678405355
678405573
678406638
678406800
678411945
678413173
678417667
678419641
678424438
678426999
678430227
678430966
678434809
678439606
678452369
678452898
678453822
678455096
678458605
678466891
678468576
678469225
678469682
678470975
678471299
678474545
678482288
678485881
678494422
678497295
678498197
678499952
678500520
678500672
678502444
678505258
678506809
678509638
678510834
678511208
678513690
678519144
678519845
678520575
678520794
678522929
678523523
678525691
678529463
678531124
678532278
678533217
678535937
678536224
678536529
678536604
678536617
678539363
678543212
678544422
678544548
678546878
678548108
678555601
678555808
678559858
678560539
678561577
678562125
678562735
678564801
678564921
678565588
678568454
678569242
678570764
678572529
678576624
678577937
678578026
678590651
678593379
678598854
678600128
678603615
678611604
678617411
678617414
678617488
678618545
678619041
678622714
678624339
678625750
678627296
678630102
678631099
678634365
678634697
678638674
678640036
678641460
678643278
678644192
678644221
678646268
678647544
678648532
678649102
678652306
678652625
678654978
678655257
678656060
678657185
678657252
678658015
678659253
678660703
678661939
678664119
678664523
678666593
678666622
678667751
678668108
678669270
678669740
678670610
678688708
678693665
678701565
678706111
678706869
678711358
678711617
678712641
678712891
678713581
678714701
678715643
678715653
678717215
678717479
678717725
678721788
678725566
678726407
678726490
678730843
678731164
678731642
678732669
678732709
678735596
678735840
678736608
678741759
678742595
678743634
678743857
678743875
678745405
678745495
678747632
678749140
678749439
678749444
678750471
678750631
678750778
678750780
678750807
678752100
678752382
678752551
678753982
678754200
678755558
678755559
678755639
678756051
678757147
678757355
678757516
678757786
678758288
678761071
678761089
678761443
678761466
678761686
678761823
678763649
678764495
678765387
678769952
678770185
678771210
678773991
678774106
678774239
678774253
678774339
678774378
678774959
678776841
678777240
678778500
678778996
678780055
678780635
678781964
678783357
678784631
678786492
678786878
678787960
678788489
678788793
678789169
678790428
678792425
678793610
678793815
678794245
678797240
678798921
678799392
678799979
678801695
678801993
678805098
678806644
678807443
678807662
678807778
678807813
678809129
678809967
678810515
678811964
678813558
678814054
678815746
678816242
678816249
678816250
678816576
678818526
678818802
678821520
678821690
678821788
678822803
678823167
678823857
678825058
678831954
678832231
678832882
678833964
678834107
678834521
678838434
678839271
678839548
678841539
678842180
678842612
678842735
678843292
678843651
678845678
678847898
678849943
678850253
678850952
678854943
678855031
678855116
678855186
678856071
678857117
678857809
678857905
678857910
678860067
678860817
678860947
678861872
678864764
678867734
678868853
678871813
678873376
678873530
678874143
678874202
678875149
678875307
678875411
678875738
678875819
678876366
678878114
678878833
678879308
678879311
678879536
678880746
678880987
678882179
678884572
678885232
678885477
678889497
678889605
678889649
678889936
678890260
678891938
678892025
678894178
678895852
678897510
678900019
678900689
678900844
678900936
678901195
678902910
678903699
678905835
678907946
678908938
678910986
678911675
678911834
678911934
678913225
678914840
678915774
678916961
678917104
678919159
678919986
678920169
678920177
678922368
678927491
678929925
678931618
678933203
678935302
678936306
678940085
678942597
678943247
678944336
678946953
678950526
678950553
678951413
678952286
678952445
678953751
678955581
678956301
678960429
678961497
678962192
678962674
678962746
678963899
678964870
678965163
678965289
678965353
678965497
678967490
678968070
678969227
678969478
678971499
678979616
678979692
678981628
678982240
678982419
678984123
678984750
678985083
678987738
678988836
678989758
678989769
678990125
678991023
678991066
678991295
678992464
678995238
678995380
678995383
678997968
679001039
679002057
679004748
679005092
679006373
679007445
679009297
679011902
679013717
679016210
679017700
679018682
679021006
679023869
679028517
679028594
679029991
679030960
679032267
679033344
679037420
679037429
679037692
679039758
679040387
679042336
679043418
679043607
679045707
679046075
679046295
679048318
679052772
679053681
679054039
679057403
679057922
679058421
679058582
679058683
679059314
679059348
679060920
679062260
679066436
679067705
679069044
679069977
679072497
679076178
679080391
679080903
679081598
679081996
679084824
679085975
679088303
679089252
679089436
679089557
679091309
679091417
679091903
679093779
679095189
679096147
679096376
679099789
679101184
679102629
679105935
679107777
679108129
679111200
679112671
679118216
679118465
679121655
679122289
679123336
679126815
679126899
679127507
679128202
679131295
679133029
679134673
679138680
679142907
679146171
679148449
679149946
679153167
679153211
679154418
679154423
679154592
679155433
679156486
679156567
679157978
679158941
679159015
679159480
679169967
679170207
679172979
679177800
679178482
679190087
679190748
679192606
679192706
679192809
679194598
679195016
679195141
679195740
679195765
679196572
679196828
679197891
679197983
679199885
679205245
679205255
679206058
679206248
679208529
679210337
679210625
679211329
679211714
679212613
679214567
679215208
679215759
679215843
679215890
679215985
679216292
679216671
679217200
679220303
679221411
679221925
679223072
679224447
679225217
679225353
679226012
679227414
679227993
679228041
679230011
679230369
679231225
679232243
679232526
679234744
679235102
679237802
679238392
679239095
679239595
679239914
679240432
679240464
679242207
679246905
679247204
679248954
679250191
679257272
679260485
679261439
679261842
679262052
679262151
679262242
679262703
679262980
679264005
679264981
679265774
679266857
679267391
679267884
679267891
679271523
679273479
679273763
679276360
679277447
679278229
679279450
679279776
679286564
679286649
679288052
679288072
679288182
679288756
679289436
679289454
679290922
679291260
679291726
679291820
679293327
679294084
679295244
679295254
679298649
679302101
679302354
679302913
679303454
679305299
679306114
679307813
679309049
679309136
679312866
679313441
679322678
679323185
679333401
679336067
679337469
679340351
679347056
679350675
679361395
679364696
679364863
679369290
679374288
679377746
679378546
679381066
679382578
679387773
679390385
679394093
679397901
679399071
679399292
679399487
679401326
679403504
679403590
679404159
679404172
679407046
679408087
679411437
679412447
679412594
679413246
679413351
679414755
679417827
679418037
679418142
679419223
679420279
679426130
679431129
679432861
679435511
679445008
679445606
679445724
679446487
679446753
679447899
679452520
679452614
679452878
679454993
679459271
679460653
679462862
679463089
679465263
679465356
679467159
679468102
679468583
679469731
679471229
679473783
679473862
679474126
679475656
679477668
679485017
679486995
679487446
679489633
679491330
679494069
679494102
679494515
679496280
679496752
679498536
679499197
679507113
679507922
679520024
679521815
679530648
679530918
679532343
679535656
679539442
679548079
679552622
679555225
679555979
679563007
679564323
679564756
679565899
679566220
679566641
679569661
679570147
679571556
679571701
679572196
679575416
679577318
679577347
679578157
679578505
679580055
679594415
679598759
679602313
679611875
679616331
679616919
679619030
679619621
679620062
679620869
679622334
679622705
679624143
679625335
679626316
679628549
679638808
679639180
679642165
679644107
679644113
679647597
679647636
679650454
679650586
679651403
679651817
679652406
679654038
679654080
679657220
679662177
679667057
679669708
679672021
679675153
679679180
679680261
679680377
679683183
679683512
679691937
679695407
679695488
679700798
679704415
679706555
679707233
679709437
679709654
679710388
679713988
679714144
679716299
679720461
679722810
679724395
679727235
679728982
679730283
679731544
679738896
679739276
679739286
679740921
679746429
679755547
679768222
679776431
679780535
679783666
679786533
679786543
679787423
679788990
679789395
679792228
679794917
679796633
679797605
679810643
679812250
679813062
679814004
679814421
679816640
679824083
679826982
679828014
679830732
679830942
679832691
679834381
679834916
679836688
679838367
679839418
679840032
679845911
679859104
679860188
679860436
679861003
679861199
679861572
679861629
679861951
679863122
679865650
679866167
679866282
679867835
679875180
679875588
679876287
679879425
679883654
679888208
679888430
679889214
679893926
679894039
679894097
679895736
679895814
679897834
679898701
679900897
679902782
679905829
679906686
679907241
679910696
679912945
679914845
679915549
679920752
679921120
679921458
679922320
679922829
679923151
679923546
679924574
679924614
679926810
679928929
679928991
679931180
679933717
679933719
679934741
679937121
679939837
679940532
679941741
679943049
679943208
679943669
679943893
679945810
679946175
679947186
679949028
679950287
679950486
679950721
679955562
679955959
679957140
679962952
679966260
679966821
679967310
679967485
679967910
679976604
679985200
679986055
679987508
679992474
679993687
679995649
679995668
679996489
679998700
679998920
679999571
680000731
680001569
680003418
680007222
680007755
680012890
680013200
680013439
680013841
680015398
680015953
680019660
680019864
680020330
680020465
680023676
680024357
680025804
680025862
680026394
680028293
680028946
680029365
680029408
680029594
680030179
680037948
680040277
680040467
680040468
680041906
680042232
680042476
680043061
680043310
680044253
680047027
680047287
680048370
680049857
680050268
680050737
680050757
680054556
680057519
680058525
680060659
680062558
680062942
680063101
680063400
680066150
680066171
680066202
680066452
680068633
680069406
680070418
680072080
680073080
680075200
680077340
680078716
680080933
680081343
680083432
680084526
680085753
680087511
680091558
680091594
680091598
680094176
680097860
680098338
680098776
680101463
680101772
680103782
680105149
680105842
680106450
680109654
680109689
680110262
680110836
680111343
680112601
680113026
680113678
680116738
680116833
680118019
680118645
680119017
680119227
680120630
680121230
680121350
680121904
680123375
680123492
680126981
680127533
680128411
680130223
680131422
680132407
680134326
680135942
680136799
680143215
680143775
680144727
680145186
680146351
680146510
680150095
680150180
680151989
680153130
680154359
680154422
680154737
680154881
680155890
680158293
680160379
680163928
680164741
680165487
680166048
680168658
680169046
680169116
680170925
680171541
680171939
680172881
680172965
680175338
680176087
680176424
680176856
680177347
680179786
680182118
680182168
680182603
680182632
680183852
680184173
680184838
680185011
680186793
680187443
680187646
680188321
680189492
680189584
680189780
680193093
680194864
680195468
680196509
680197255
680198035
680198449
680199789
680200370
680201393
680201423
680201424
680203617
680204186
680206977
680207119
680207120
680207976
680208391
680209819
680210022
680210175
680211335
680213403
680213542
680214478
680214785
680215005
680216023
680216192
680216464
680216530
680218378
680219797
680221762
680222495
680222515
680227893
680229228
680229627
680231550
680231707
680232996
680233856
680235030
680236714
680238158
680239030
680239142
680244517
680246880
680247535
680248777
680251476
680252525
680252686
680254344
680255500
680255586
680258297
680258439
680258824
680271572
680272704
680278507
680281289
680283825
680285043
680285684
680288518
680288724
680291771
680295310
680297079
680297500
680298467
680301133
680304425
680305217
680309167
680311576
680316803
680316889
680316930
680316939
680318534
680322016
680322342
680322528
680324215
680329190
680329941
680331272
680332572
680333424
680334789
680336913
680337829
680337969
680342292
680344190
680344928
680349856
680350993
680351333
680353225
680353660
680357616
680360500
680361394
680363758
680363973
680366995
680368543
680369060
680369732
680370203
680370308
680371880
680373574
680374175
680376137
680377740
680378200
680381838
680386756
680390514
680391504
680392801
680396505
680396518
680403196
680404671
680412843
680414428
680415195
680415803
680416433
680421021
680421270
680421417
680421444
680423138
680424437
680424442
680425894
680426664
680427697
680428121
680430383
680432340
680435091
680438024
680439324
680445370
680446227
680447631
680449040
680449075
680449489
680449683
680450815
680453661
680456235
680459656
680460279
680460682
680462766
680466917
680467697
680468526
680468882
680469363
680471631
680473969
680474106
680475783
680475913
680477755
680479610
680481142
680482014
680482829
680484637
680484786
680484897
680485020
680486332
680489010
680489210
680491148
680491249
680492829
680495695
680500064
680501419
680501878
680505192
680506953
680515090
680515091
680518024
680518513
680521576
680522336
680522746
680523652
680523698
680525096
680526853
680528166
680528768
680531529
680533968
680537673
680538557
680538960
680544415
680548006
680556479
680556874
680558189
680558287
680558609
680563926
680565135
680566639
680569356
680569357
680576500
680577068
680578075
680578719
680579367
680579682
680581338
680582350
680585587
680587835
680588159
680590178
680591660
680593155
680593187
680594348
680594687
680595324
680598160
680599582
680612926
680615732
680616536
680620583
680620794
680621274
680623359
680623964
680625344
680627055
680627966
680632125
680632359
680635165
680635567
680637380
680637639
680637742
680638024
680638179
680640190
680640815
680641097
680642968
680644263
680644502
680646015
680646188
680646587
680647865
680648600
680649143
680649288
680649604
680650633
680650902
680652824
680653382
680657507
680657588
680659800
680660368
680663815
680665338
680665549
680666320
680667455
680667571
680668314
680669278
680670164
680670398
680673759
680674043
680676569
680676654
680678022
680680664
680680870
680682372
680683178
680683351
680683622
680683731
680684048
680684643
680684827
680685094
680687723
680688313
680690344
680691605
680694715
680695557
680696800
680697192
680699916
680703801
680704618
680705892
680705898
680706465
680707376
680707770
680710507
680711877
680715611
680719466
680725941
680726640
680726970
680728939
680733625
680735725
680735912
680736704
680740725
680742991
680744942
680745272
680746807
680747937
680748728
680750906
680754205
680755341
680757178
680757918
680758748
680760532
680766222
680774385
680775865
680778298
680779360
680779987
680781630
680782425
680785049
680787282
680788011
680789851
680793209
680793994
680799354
680800386
680808900
680811347
680813317
680814891
680819499
680819731
680819764
680822623
680825578
680825871
680826965
680827765
680828199
680829192
680829784
680830536
680832107
680834087
680835558
680836277
680838276
680839397
680841419
680844036
680844309
680846161
680847047
680847577
680848924
680849917
680849921
680849950
680850295
680851441
680851873
680853887
680856414
680857324
680860624
680861809
680863315
680863660
680864550
680866759
680868216
680872977
680874620
680880092
680880184
680881274
680885831
680890273
680892433
680896324
680897331
680900375
680902970
680903581
680906235
680907824
680915060
680915555
680917872
680918929
680919304
680920278
680920632
680923406
680923567
680923569
680923962
680926666
680928275
680929300
680929517
680929657
680929970
680933275
680935624
680936614
680942509
680943226
680943619
680944429
680946794
680946918
680948808
680949592
680952450
680955008
680955562
680955597
680956350
680957769
680958278
680959081
680959477
680965086
680967106
680967636
680967876
680968760
680969353
680971330
680974522
680975296
680977608
680978691
680978853
680980057
680982054
680983103
680983366
680984417
680987444
680992496
681000141
681002076
681009595
681010974
681018750
681019272
681028396
681032603
681034863
681036388
681040101
681041476
681042529
681044034
681046565
681049494
681051070
681052431
681055491
681057133
681059956
681061591
681064920
681065116
681065918
681069180
681071123
681084158
681084905
681095264
681098598
681101420
681101705
681102535
681103234
681103445
681104878
681106355
681108100
681111887
681117268
681123685
681124345
681124997
681133131
681134537
681136429
681139808
681147361
681150128
681154969
681173578
681174965
681178882
681181339
681183172
681184765
681188262
681200850
681201502
681203976
681204784
681207636
681209465
681209760
681213903
681216674
681217462
681218170
681220066
681220339
681225249
681227005
681227353
681227852
681230581
681238632
681239905
681240184
681242820
681246032
681246346
681254066
681256324
681260301
681263674
681263768
681275543
681281105
681281507
681283040
681286473
681293695
681293758
681294152
681300357
681300686
681300922
681301210
681304187
681308602
681309623
681313158
681334507
681339253
681340446
681341048
681341110
681342523
681343297
681343643
681347241
681350114
681352271
681355571
681362983
681363029
681364094
681365394
681366234
681369215
681370074
681371060
681371408
681373456
681376202
681376389
681378659
681382492
681386806
681389563
681390060
681390398
681392689
681400157
681401431
681402440
681404787
681408153
681410386
681410740
681413361
681414215
681414217
681414259
681414792
681416487
681418683
681420390
681421508
681424574
681426146
681426185
681430788
681433988
681439210
681444410
681445088
681453833
681456442
681459922
681460100
681461581
681464749
681467776
681468904
681469498
681475220
681477574
681498965
681506551
681509199
681512068
681514894
681515953
681516479
681518252
681518761
681521924
681522673
681523696
681525682
681530627
681531851
681532900
681535817
681536221
681542437
681544258
681544414
681544866
681544886
681545599
681546905
681548791
681551215
681552123
681552349
681556410
681559434
681566645
681567346
681572801
681576668
681582824
681588358
681590428
681595528
681598814
681599722
681600739
681600914
681601117
681601721
681602448
681603148
681604507
681607797
681608502
681609410
681610644
681611865
681612529
681614529
681618269
681619352
681620023
681620263
681620656
681620745
681622267
681623732
681624152
681627675
681629332
681630092
681630677
681631182
681632411
681633899
681635517
681636298
681640201
681640230
681641071
681641264
681642503
681643095
681648813
681649216
681650551
681650554
681650953
681651094
681652721
681652835
681653072
681659738
681662561
681663626
681665953
681665960
681668840
681669961
681672973
681673480
681673754
681674083
681674266
681674428
681674805
681675782
681675952
681675973
681677392
681677404
681679906
681683372
681684081
681684944
681686401
681688821
681692034
681693391
681696279
681696295
681696621
681696756
681699647
681702051
681704502
681705458
681706951
681708246
681709850
681711316
681712669
681715528
681716144
681718156
681723732
681725193
681726269
681730677
681730878
681731285
681732756
681732795
681732991
681733956
681739223
681742827
681742896
681744141
681749784
681753551
681754546
681754659
681754755
681756027
681756465
681759658
681761147
681762386
681762631
681762825
681766523
681766604
681767209
681768321
681771839
681772892
681773434
681775008
681778867
681780593
681781361
681782347
681782795
681783433
681787231
681788070
681789110
681789414
681790186
681793191
681794686
681794893
681795657
681798657
681798960
681798987
681800781
681801930
681802824
681803233
681805147
681806140
681807186
681808770
681809113
681809161
681809380
681810519
681811196
681811911
681812993
681814101
681814703
681815240
681816020
681817386
681819407
681820340
681822589
681824541
681827988
681829233
681829404
681829732
681830955
681831443
681832434
681835271
681835294
681837175
681838289
681839067
681839147
681839310
681844017
681844120
681846883
681848156
681848232
681848806
681852224
681854382
681854654
681854895
681858872
681859224
681859647
681860279
681861183
681861489
681862239
681864605
681864936
681866020
681867184
681867378
681867379
681868048
681868909
681869698
681870341
681870916
681871858
681871952
681872411
681872809
681875678
681876423
681876502
681879311
681879312
681879346
681879729
681879910
681880511
681880873
681880939
681882704
681886324
681886827
681887548
681888559
681891843
681893448
681895987
681897369
681900257
681908429
681908765
681908927
681909122
681910357
681911236
681911416
681912235
681912384
681913435
681914269
681916350
681925241
681925679
681925944
681930530
681940242
681941276
681941510
681942966
681943590
681943988
681944853
681947170
681950754
681951909
681954035
681959144
681959695
681966190
681966864
681970115
681973958
681978675
681978722
681979986
681980048
681980111
681983812
681998633
682004854
682005605
682006798
682008836
682013079
682017967
682023468
682026263
682026369
682027065
682027330
682028808
682028999
682033583
682041066
682045700
682047510
682049672
682049845
682050311
682050871
682052818
682052946
682053765
682055711
682056652
682057157
682058798
682058828
682061733
682064832
682065802
682080823
682081759
682084591
682088664
682091546
682093519
682094328
682095618
682097444
682098972
682099822
682104644
682108409
682112553
682113559
682114135
682114418
682118516
682119681
682119848
682123241
682124828
682125076
682125276
682126777
682129371
682129447
682132376
682132625
682133814
682133919
682134136
682135213
682136820
682139741
682139814
682142001
682143345
682143377
682143389
682144002
682145808
682145983
682147940
682152316
682152475
682153062
682153230
682153385
682153688
682156613
682156877
682157662
682158461
682160525
682160557
682161721
682162168
682165436
682166420
682169600
682171350
682173369
682174318
682174430
682175334
682175617
682175654
682178395
682179474
682179574
682181804
682182040
682183037
682183313
682184765
682185818
682185869
682186886
682187714
682190125
682190314
682191963
682198952
682199863
682200741
682204482
682206038
682206803
682210430
682211211
682211300
682213047
682216705
682216826
682221769
682224399
682225127
682225709
682225934
682227497
682228049
682228488
682230073
682230773
682233906
682239162
682239333
682241047
682243279
682244491
682249200
682254403
682256493
682259044
682260558
682260672
682263633
682265123
682265967
682278792
682284137
682287745
682290957
682291932
682293515
682298646
682301281
682301302
682307846
682308868
682328406
682329932
682330003
682332174
682340576
682345686
682347039
682348980
682353460
682354652
682356607
682357830
682367220
682367873
682369553
682375841
682378389
682390410
682391373
682394472
682397072
682397507
682397868
682398144
682399986
682401275
682408279
682409488
682410616
682412754
682413277
682414421
682414948
682433118
682437687
682439658
682451477
682459728
682459940
682461126
682461304
682461527
682466937
682471094
682471465
682471674
682474674
682475085
682475093
682476745
682478823
682479005
682480894
682481044
682481832
682484377
682485121
682487166
682487885
682488336
682488965
682490177
682494111
682495576
682496072
682500483
682504951
682506099
682517183
682524707
682527960
682530110
682534762
682538514
682542224
682544806
682548585
682557644
682559674
682562744
682563163
682563747
682564054
682564057
682569389
682569400
682572622
682574992
682575258
682575327
682575673
682579380
682583023
682583713
682584211
682585559
682586133
682588315
682588881
682590660
682591986
682594654
682594809
682597401
682601156
682603487
682603865
682605446
682606361
682608040
682608777
682609107
682609668
682611220
682611493
682613000
682613401
682616106
682616193
682618635
682620080
682620203
682620211
682620729
682620882
682620957
682621686
682626269
682628273
682630958
682631348
682632615
682633315
682634123
682635059
682635849
682636268
682636797
682637530
682639114
682639550
682640602
682641289
682643977
682644116
682645091
682646868
682648426
682648874
682649997
682650817
682651468
682651592
682651673
682651915
682654699
682659203
682659978
682660345
682660372
682661447
682665021
682667041
682668473
682668475
682668676
682672165
682672230
682673719
682677345
682678223
682680299
682681207
682681329
682683201
682686649
682687415
682688364
682689217
682690890
682691818
682691859
682692345
682692973
682693334
682694539
682694794
682695968
682696481
682697234
682698320
682698789
682698793
682699466
682702029
682704320
682704521
682708410
682708766
682711601
682712124
682715865
682721660
682721720
682724199
682728447
682729846
682730599
682734127
682734696
682734856
682736892
682738389
682741403
682744789
682745197
682746071
682749260
682752238
682756939
682758635
682759485
682761204
682769459
682769924
682771748
682772011
682777308
682781496
682793533
682793819
682799173
682801501
682802338
682804374
682804793
682807137
682807570
682808229
682808300
682808840
682811435
682811742
682812635
682814796
682820203
682825275
682826471
682827515
682831318
682832373
682832638
682834423
682835441
682835453
682835690
682839686
682840970
682844330
682845277
682851818
682853106
682859494
682862381
682869089
682872462
682874827
682875049
682879558
682881307
682882169
682886278
682890473
682892278
682894158
682895020
682895708
682897487
682900175
682900838
682906720
682910656
682910719
682912964
682914734
682914830
682915412
682915607
682915715
682916494
682918426
682918475
682919374
682920192
682922199
682925302
682925918
682927487
682928608
682930999
682934768
682936202
682936972
682937691
682942939
682946414
682948721
682954787
682955995
682957204
682961634
682962441
682962468
682968921
682971727
682972895
682973532
682973901
682975813
682977448
682984097
682984997
682985489
682986138
682986509
682990159
682990302
682990382
682991018
682992123
682995492
682996610
682996646
682997791
683001177
683003178
683004222
683007348
683007660
683008451
683008733
683010058
683011499
683013352
683013855
683015175
683019624
683023086
683023267
683023785
683024790
683025392
683025478
683025605
683025731
683026289
683026349
683027144
683028039
683028171
683028472
683028485
683029158
683030192
683030542
683030976
683032215
683033636
683036482
683036587
683037429
683040031
683040259
683040282
683040832
683042031
683042095
683043238
683043298
683043423
683043439
683044540
683046410
683046736
683048853
683049642
683053247
683056337
683062086
683064672
683065820
683067969
683068331
683069790
683070256
683072562
683073645
683076325
683077473
683079298
683083177
683087222
683087582
683087874
683089753
683092851
683097996
683104076
683106851
683107132
683107712
683111193
683111384
683112377
683113841
683115400
683125469
683128746
683129465
683129642
683131508
683131511
683132542
683134830
683139825
683140393
683141181
683144620
683146301
683150939
683151098
683151477
683152223
683153135
683153851
683154105
683154595
683155522
683158810
683162171
683164575
683166189
683166934
683170790
683171646
683178609
683179086
683179925
683182954
683185112
683186614
683187669
683187752
683188752
683189502
683193108
683198826
683199576
683200011
683202336
683202488
683203858
683205432
683207021
683207596
683208532
683210871
683212048
683213531
683214400
683214667
683220341
683222852
683225387
683226618
683227401
683231619
683232673
683236459
683237465
683238244
683239084
683239665
683241695
683253046
683255268
683255846
683261125
683262820
683263846
683266425
683272164
683274090
683274766
683275884
683282999
683285163
683289365
683290047
683291182
683291229
683293807
683294503
683294833
683294878
683296298
683300633
683300970
683306135
683309518
683315736
683319018
683322808
683327378
683328013
683328892
683329218
683329869
683333903
683334983
683335869
683336324
683337832
683337931
683338884
683341780
683342260
683343735
683344596
683346069
683347103
683349122
683352571
683355975
683356492
683360357
683366390
683367009
683367433
683367928
683369481
683370521
683370774
683372617
683377014
683378992
683382411
683382712
683382791
683385393
683386547
683387675
683388871
683392286
683393381
683394540
683395395
683398437
683399209
683406519
683410666
683411163
683411613
683420687
683423659
683424730
683426555
683427842
683432887
683436873
683439309
683439608
683447266
683447441
683448381
683449051
683449289
683450894
683450949
683454301
683454521
683455535
683455946
683456267
683456661
683457101
683458049
683459759
683462322
683464321
683467119
683467248
683468083
683472548
683473574
683473704
683473718
683473894
683474885
683481795
683482068
683484413
683485177
683486350
683488513
683491958
683493372
683493821
683496172
683497823
683498057
683498673
683509931
683510844
683511557
683514380
683514434
683520124
683522067
683522943
683523622
683526053
683529475
683530372
683531749
683531768
683532030
683532338
683536131
683540753
683546280
683546828
683548951
683549066
683551555
683553015
683557707
683558445
683560588
683560598
683562957
683563418
683565326
683573876
683575088
683578105
683578407
683589057
683594684
683596094
683597841
683599089
683600392
683600404
683602149
683603023
683604253
683608011
683614612
683617638
683617809
683619675
683621830
683622014
683622428
683622435
683622935
683622962
683625899
683626494
683627706
683628655
683629189
683629655
683629891
683630830
683632485
683633085
683633844
683636965
683637508
683638423
683639558
683639796
683639868
683640524
683640715
683641726
683643610
683644220
683644936
683645564
683647324
683647576
683648148
683648408
683648777
683650398
683650628
683654325
683655372
683655583
683657795
683662165
683662588
683662734
683665070
683667554
683668424
683668860
683673003
683676467
683680193
683687212
683689544
683689595
683690519
683694540
683697784
683697854
683699266
683699912
683700433
683700694
683704672
683705954
683707202
683707329
683707643
683710978
683712425
683712905
683714353
683715164
683715593
683717518
683718316
683719567
683720077
683720942
683723372
683726851
683728307
683729693
683729724
683729841
683730477
683732079
683732463
683733791
683737484
683738292
683739067
683743243
683745462
683746590
683747831
683751924
683753201
683754113
683754344
683755145
683758884
683759415
683764159
683765019
683765317
683765454
683768721
683770626
683771006
683771471
683773490
683775429
683775692
683777200
683777265
683777270
683779618
683780081
683780147
683781808
683789963
683791269
683791544
683802728
683803417
683804787
683805517
683807056
683818305
683822981
683828032
683828967
683830385
683830795
683832020
683832241
683832313
683834804
683837451
683838726
683840429
683848930
683850347
683850944
683852480
683853000
683853372
683858908
683860037
683860667
683868347
683869137
683871073
683871225
683887418
683888569
683892518
683893166
683894509
683898498
683900068
683900490
683905542
683905774
683906192
683908608
683909276
683911450
683912140
683915462
683918834
683923523
683924660
683929898
683931239
683934123
683934938
683935115
683939752
683940055
683940227
683940234
683943179
683951645
683953128
683953156
683953483
683953507
683953745
683955931
683956587
683959028
683962374
683962768
683964959
683975178
683975183
683979372
683979631
683981528
683982127
683987956
683991232
683995444
684001669
684002244
684002493
684004521
684006676
684008926
684010894
684016372
684018461
684027362
684028434
684031295
684035095
684042269
684043605
684048252
684050174
684050827
684052620
684053399
684054322
684063869
684064189
684068089
684072414
684073152
684077167
684078181
684078664
684079014
684079281
684079490
684080727
684086319
684087038
684087796
684090254
684092732
684094812
684096495
684108441
684108584
684115938
684117914
684120574
684121304
684122342
684126081
684128910
684129481
684132680
684132889
684136977
684137470
684139276
684143323
684145382
684147483
684148699
684151138
684151359
684151419
684151652
684152002
684153330
684153908
684154347
684154388
684155724
684156354
684156375
684156525
684157659
684159184
684159367
684159673
684160944
684161437
684164673
684172692
684172776
684173288
684173776
684173869
684173877
684174188
684176265
684176603
684176699
684177778
684179352
684184143
684186345
684187972
684191398
684191807
684192287
684193103
684193739
684194058
684194683
684195142
684196163
684198115
684199081
684209779
684211364
684212448
684213349
684217711
684219664
684220815
684228532
684230325
684230978
684231665
684234305
684241455
684241504
684244089
684244531
684244954
684246056
684246698
684246929
684247237
684251125
684251130
684252036
684252473
684253282
684253663
684255937
684257482
684258202
684258233
684258751
684261104
684264108
684270064
684274015
684274934
684275703
684277444
684279551
684295095
684296835
684300440
684304254
684305596
684305755
684307874
684309095
684313435
684315908
684315962
684316050
684316956
684317505
684318675
684320059
684323033
684325133
684326259
684326334
684326881
684327652
684328397
684329944
684330698
684331056
684331845
684334195
684336147
684336854
684339421
684340331
684340392
684341267
684347198
684347434
684348998
684349412
684350203
684355365
684356855
684359987
684360179
684361616
684362621
684363061
684363589
684364032
684365739
684365887
684367359
684379569
684379878
684380840
684381484
684383546
684384157
684385135
684387240
684392539
684393085
684394811
684395005
684397681
684402060
684407480
684417070
684419156
684421030
684421539
684421826
684425393
684428047
684429326
684432294
684433350
684434941
684441837
684443560
684444446
684449896
684455021
684458083
684459339
684461338
684462616
684465222
684467462
684476934
684478568
684478789
684481814
684484085
684484644
684487146
684491369
684495994
684497394
684497768
684498905
684505629
684506093
684518235
684523100
684523196
684528615
684532169
684535697
684535708
684536248
684544918
684546486
684548892
684551405
684554211
684556792
684557435
684558427
684562408
684564093
684569962
684575167
684575542
684578720
684592038
684592785
684620286
684626234
684647021
684658316
684688435
684690381
684691806
684706246
684710684
684716033
684718219
684718292
684729640
684740868
684742020
684747039
684748391
684749242
684753100
684754201
684754966
684756159
684757832
684757969
684758859
684759741
684764093
684765018
684765372
684765387
684766105
684766302
684766465
684768322
684768827
684769391
684771554
684771954
684772317
684774863
684775123
684775364
684775725
684775861
684776094
684777645
684777854
684779242
684781367
684781385
684782376
684784779
684784783
684784955
684785766
684785995
684786729
684787764
684787840
684789592
684794586
684795650
684795885
684796260
684798583
684798650
684801210
684801470
684801492
684803443
684804590
684804701
684804740
684804856
684805680
684806881
684807276
684807590
684807957
684808725
684808785
684808881
684809173
684810420
684810424
684810594
684810713
684811052
684811247
684811809
684812150
684812857
684813411
684813687
684814803
684815066
684815561
684816954
684816973
684817188
684817312
684817449
684818598
684819028
684819264
684819977
684821762
684823094
684823138
684823236
684824122
684824241
684824477
684824581
684825387
684825620
684826585
684827308
684827318
684827384
684827641
684827648
684828456
684828937
684829164
684830082
684832113
684832325
684833374
684834815
684834822
684834960
684835561
684835742
684835820
684836607
684836634
684836946
684837098
684837761
684838917
684839337
684841549
684841815
684842374
684842476
684842880
684843342
684844181
684845179
684845336
684845426
684847128
684847303
684848206
684848388
684849206
684849407
684849507
684849781
684850223
684850318
684850397
684851176
684851461
684852417
684852483
684852739
684852753
684853896
684855584
684855684
684855970
684856791
684857833
684858220
684859574
684859997
684860974
684862836
684863258
684863547
684864484
684865518
684865773
684866250
684868101
684868198
684868714
684870295
684870342
684870578
684870592
684871060
684871062
684871269
684871338
684872037
684872135
684872380
684872549
684873042
684873289
684873438
684875341
684875936
684876647
684876946
684877325
684877381
684877674
684878016
684878289
684878729
684878849
684879074
684879408
684879722
684880083
684880191
684880502
684880599
684881193
684881502
684881581
684881945
684882532
684882563
684882638
684882742
684882885
684883732
684883733
684884178
684884399
684884442
684884462
684884480
684884580
684884663
684884928
684885154
684885255
684885918
684887577
684887826
684887843
684888545
684888706
684889244
684889245
684889568
684889684
684889966
684890351
684892061
684893179
684894053
684894401
684894639
684894690
684894726
684894910
684895774
684895854
684895855
684896582
684897908
684897924
684899753
684900227
684900302
684900413
684900567
684900766
684901270
684901638
684901688
684901711
684901753
684902747
684903149
684903363
684903917
684904038
684904728
684904736
684906069
684906255
684906608
684906758
684906875
684906925
684906959
684907934
684907984
684908011
684908227
684908610
684910125
684910743
684911465
684911641
684912037
684912591
684912972
684913213
684913242
684913320
684913362
684913762
684914789
684915532
684915621
684915685
684916411
684916614
684916854
684917322
684917404
684918052
684918226
684918479
684918706
684918917
684918959
684918979
684919129
684919364
684919378
684919541
684919645
684920181
684921341
684922019
684922318
684922444
684922446
684922765
684923440
684923531
684924002
684924022
684924162
684924796
684925636
684925795
684925931
684926008
684926158
684926259
684926306
684927320
684927714
684927997
684928160
684928251
684928471
684929525
684929543
684930103
684930273
684930382
684931109
684931549
684931651
684932137
684932341
684933440
684933644
684933861
684934017
684934056
684934191
684934683
684934783
684934935
684935437
684935744
684935794
684936048
684936298
684936598
684936758
684936910
684937198
684937321
684937635
684937757
684939237
684939292
684939304
684939424
684939502
684939574
684940555
684941086
684941297
684941537
684941710
684942202
684942348
684942384
684943065
684943223
684943326
684944248
684944723
684944878
684945058
684945231
684945420
684945503
684945833
684946419
684947116
684947246
684947387
684948318
684949530
684949733
684950216
684950409
684950826
684950841
684951885
684952149
684952218
684952382
684952477
684952585
684954159
684954365
684954758
684956409
684956891
684957584
684957862
684957934
684957972
684958077
684958339
684958381
684958419
684958423
684958953
684958959
684959082
684959087
684959102
684959305
684959660
684959715
684960305
684960586
684960857
684960913
684961094
684961125
684961183
684961300
684961870
684962046
684962330
684962757
684963039
684963055
684963299
684963896
684964419
684964461
684964508
684964579
684965149
684965858
684966189
684967286
684967458
684967583
684967842
684968056
684968552
684968578
684968905
684969611
684969617
684969803
684970238
684970294
684970355
684970426
684970778
684971066
684971345
684971706
684971765
684972192
684972193
684972252
684972452
684972718
684972805
684973097
684973228
684973374
684973818
684973987
684974121
684974386
684974494
684974644
684974924
684974971
684975086
684975380
684976865
684977403
684977547
684977596
684977629
684977802
684978240
684978343
684978650
684978964
684979620
684979701
684980070
684980187
684980386
684980459
684980474
684980509
684980602
684980690
684987500
684998566
684998715
684998772
684998802
684998928
684999126
684999381
685000100
685049366
685049941
685051257
685053146
685053256
685053842
685054931
685057617
685059430
685061888
685068895
685070940
685071119
685074480
685078160
685078279
685081685
685081710
685082533
685083732
685084810
685085353
685086534
685086771
685087168
685087366
685087370
685088172
685088413
685088495
685089982
685090525
685091619
685093140
685093495
685093606
685095092
685096176
685096371
685096985
685097070
685097761
685098143
685098446
685098481
685098676
685098770
685099153
685099415
685100013
685100282
685100966
685102200
685104103
685104136
685104137
685105271
685106302
685106332
685107047
685107057
685107201
685107398
685107663
685108192
685108349
685108726
685108733
685109083
685109229
685109551
685109750
685109753
685112567
685114352
685114862
685115168
685115194
685115518
685115655
685115840
685115861
685116006
685116162
685116181
685116280
685116958
685117122
685117670
685118437
685118843
685118883
685121348
685121752
685123892
685124040
685124526
685124655
685124725
685125550
685125790
685125825
685125879
685125880
685126404
685126744
685126999
685127382
685127649
685128655
685129331
685129341
685129895
685130020
685130399
685131013
685131040
685131172
685131535
685131754
685132180
685132540
685132702
685133013
685133712
685134185
685134461
685134517
685134688
685134983
685135072
685135343
685135351
685135632
685136020
685136058
685136383
685136841
685137132
685137428
685137490
685137805
685137839
685138025
685138029
685138184
685138622
685138773
685138916
685140294
685140547
685141980
685142073
685142102
685142363
685142549
685142569
685143777
685144073
685144623
685144645
685144667
685145035
685145185
685145264
685145807
685145916
685146034
685146062
685146276
685146363
685146741
685147157
685147161
685147786
685148437
685148848
685149302
685149700
685149869
685150204
685150205
685150587
685150680
685151062
685151371
685151724
685151816
685152312
685152432
685152629
685152950
685153377
685153791
685153855
685153876
685154286
685154524
685155101
685155266
685155852
685156657
685156723
685156900
685158334
685158489
685158555
685158593
685158857
685159191
685159282
685159308
685159918
685160965
685160970
685161194
685161815
685161913
685161924
685163240
685163251
685164386
685165079
685170231
685170530
685171518
685183013
685238372
685238495
685238648
685238653
685239926
685239955
685240806
685241967
685242195
685242323
685242470
724102846
724103116
724103850
724104601
724104830
724105489
724106012
724106671
724107513
724107715
724107801
724107905
724108187
724108382
724108518
724108766
724108848
724109582
724111803
724112822
724115464
724115748
724117811
724117844
724118383
724118967
724118988
724119503
724120730
724121803
724121999
724122451
724122513
724122514
724124063
724124164
724124583
724125317
724125678
724126864
724127650
724128003
724128791
724128806
724129111
724129126
724129614
724130150
724130261
724130412
724130726
724131334
724131514
724132866
724133194
724133414
724133543
724134042
724134165
724134439
724134759
724135201
724135226
724135256
724136012
724136607
724136837
724137461
724138807
724139097
724139874
724139983
724140985
724141445
724141892
724142831
724143042
724143243
724144089
724144195
724144686
724146093
724146354
724146484
724146877
724147207
724147344
724147977
724148777
724149472
724149814
724151041
724151797
724152788
724153780
724153827
724156468
724157567
724158130
724159086
724159928
724160630
724161140
724161477
724162964
724163197
724164235
724164370
724164986
724166005
724167129
724167254
724167405
724167786
724168973
724170396
724170893
724171470
724171580
724171808
724172220
724172231
724173172
724173173
724173662
724173979
724174683
724175257
724175304
724175796
724176841
724177039
724177484
724177559
724178132
724178193
724180615
724181725
724184565
724185482
724185546
724186114
724187147
724187515
724188012
724188561
724189019
724189642
724190772
724190970
724191083
724191544
724192368
724192527
724192798
724194143
724196513
724198414
724199624
724199946
724200248
724200852
724201478
724201944
724203130
724203670
724204691
724205469
724211062
724212623
724223672
724223699
724223739
724226105
724226384
724228018
724230415
724232618
724235386
724236575
724237961
724238469
724241777
724242308
724246818
724246869
724247065
724249699
724254235
724254685
724258059
724260437
724261137
724266586
724276489
724277610
724278520
724301890
724311842
724317131
724319721
724323220
724347708
724349615
724350768
724359830
724362772
724363846
724368899
724369924
724371147
724371261
724380724
724383627
724400979
724414638
724417369
724418666
724422525
724428294
724437535
724438125
724441905
724442806
724449867
724464653
724468847
724474082
724485469
724487381
724487497
724491174
724492436
724496070
724496934
724497120
724513401
724515934
724517342
724517924
724518337
724518913
724522589
724525645
724527962
724528921
724529726
724540144
724545284
724546422
724546823
724549090
724551202
724552362
724557151
724557156
724557692
724559719
724570327
724574082
724575442
724576685
724580544
724580718
724581106
724582921
724585705
724598149
724598828
724605487
724615825
724617203
724618885
724621206
724622311
724623904
724624913
724625696
724627146
724630541
724633242
724634205
724635085
724635291
724635848
724637932
724639621
724639654
724642492
724647401
724651543
724655768
724656943
724657632
724657839
724658842
724663302
724668204
724669157
724675021
724675115
724675405
724676710
724678865
724685298
724697351
724697701
724699719
724705829
724718324
724730013
724734508
724735821
724736261
724740918
724745991
724753453
724757790
724759074
724759136
724761600
724761860
724762144
724764757
724770393
724771454
724772649
724772824
724774644
724774851
724780392
724781066
724781564
724781807
724782902
724786205
724791134
724792190
724798294
724799606
724799856
724807602
724811658
724815717
724817424
724824313
724825415
724827018
724827604
724829142
724829946
724831231
724844194
724849260
724853780
724857030
724858554
724858887
724862432
724864980
724873241
724875127
724875537
724875780
724876777
724877533
724877756
724881507
724883230
724885923
724887633
724889902
724892887
724894059
724896486
724899935
724906465
724910146
724913687
724916779
724916937
724917049
724918414
724921949
724922829
724922852
724923489
724924153
724925053
724925557
724927542
724928134
724929200
724931152
724931331
724932362
724934366
724934718
724934796
724935795
724936080
724938508
724938591
724939349
724940375
724942752
724944157
724954647
724960238
724964524
724965283
724968503
724970928
724972668
724979873
724979946
724984044
724985694
724989439
724994252
724999445
725004805
725005586
725007710
725008055
725013499
725013814
725014044
725014464
725017758
725022157
725027611
725028633
725031219
725032180
725034399
725047483
725047972
725052988
725055739
725065730
725067655
725073283
725077900
725078887
725082987
725087327
725091830
725093204
725093615
725094239
725094985
725096467
725096738
725096874
725096951
725097464
725100432
725104351
725123810
725126501
725129873
725131062
725132707
725134697
725135037
725137047
725139992
725141036
725141084
725142736
725142837
725147194
725147562
725147687
725152208
725156136
725157617
725160199
725160574
725162361
725162529
725164818
725168449
725171949
725180422
725185989
725191769
725192755
725199209
725202498
725205032
725219073
725223216
725225904
725227350
725229931
725234151
725238465
725238781
725241354
725241385
725242776
725244162
725244581
725244815
725246467
725247521
725250488
725250658
725253425
725256714
725258755
725262621
725262638
725262830
725264055
725266898
725268220
725268741
725268742
725270755
725270819
725271065
725271220
725273296
725275542
725275649
725276969
725278990
725284188
725297568
725309014
725309736
725310906
725312260
725312376
725317681
725317702
725318475
725319430
725319491
725319865
725322151
725323369
725325619
725327504
725327801
725330241
725330460
725332483
725334122
725335403
725336214
725336604
725337478
725337880
725338385
725338891
725339204
725341933
725342165
725345091
725348912
725348989
725350835
725354772
725361352
725361931
725365160
725367979
725368652
725368938
725372248
725389864
725390491
725407836
725408906
725414366
725416707
725418432
725420194
725424821
725426468
725427614
725430453
725430632
725431346
725432162
725432243
725436183
725446364
725446950
725448703
725449340
725450003
725450212
725450501
725450935
725452771
725453857
725454324
725455395
725458255
725459155
725459325
725459821
725460167
725460758
725461425
725471057
725472684
725473175
725473950
725476655
725479833
725480333
725482610
725482648
725482722
725483087
725484231
725485755
725486275
725488063
725488268
725489418
725490308
725491897
725492813
725494142
725494840
725498410
725498770
725500390
725500717
725501801
725501988
725503685
725504506
725505090
725507024
725507754
725510380
725512720
725514337
725514973
725515469
725515675
725515847
725516404
725518087
725519945
725520316
725521338
725521720
725521809
725523417
725525763
725526771
725527204
725528396
725530128
725533820
725535086
725536287
725536461
725536654
725537338
725539080
725539400
725541283
725541554
725541708
725541785
725542255
725542896
725544468
725546574
725546865
725547959
725548992
725551246
725552272
725552669
725554883
725555339
725556418
725562028
725563333
725564702
725567190
725567906
725567985
725570662
725570970
725571086
725571883
725572101
725573013
725575104
725575995
725576079
725577095
725577218
725577818
725577892
725578041
725578255
725578853
725579360
725580428
725580617
725580851
725582654
725582868
725584104
725585300
725585707
725586990
725587226
725588671
725590236
725591155
725593852
725602273
725602300
725649388
725661666
725665362
725666760
725669231
725670944
725671039
725672206
725676462
725677000
725677078
725677237
725680484
725681925
725683120
725686978
725689136
725689211
725690810
725691000
725691192
725691958
725727998
725728064
725728300
725728438
725731969
725734651
725735077
725736763
725737037
725737937
725739002
725739674
725740255
725740671
725740847
725742270
725752424
725756242
725758733
725901022
725901024
725902229
725904906
725905290
725906993
725931783
725932605
725948105
725951699
725953291
725953873
725954170
725956004
725956665
725957127
725957836
725960991
725961219
725962015
725966158
725967304
725968342
725968845
725969077
725969134
725969880
725974584
725976604
725976632
725977191
725977524
725979321
725981360
725981759
725983041
725983898
725983979
725987890
725988304
725990303
725992857
725994173
725994731
725994937
725995420
725996725
725999710
726000509
726000704
726001228
726001989
726002240
726005705
726005808
726007683
726008217
726008397
726008616
726008790
726011550
726013013
726014311
726014588
726016386
726016741
726017469
726017509
726020613
726021036
726021989
726029122
726030133
726033173
726034282
726036230
726042317
726042451
726044298
726048172
726051113
726051982
726055078
726055146
726056838
726060261
726061545
726062145
726063658
726063841
726064303
726067176
726069055
726070778
726071170
726072663
726074196
726077567
726078430
726079843
726081687
726083372
726083441
726083462
726087836
726095397
726101449
726108270
726110716
726111455
726126722
726134541
726136586
726137334
726138254
726141212
726141634
726142104
726142369
726143505
726149057
726154835
726162436
726162803
726166229
726167516
726167709
726168094
726168574
726169064
726169261
726172344
726172348
726173043
726181290
726184828
726186496
726193069
726193101
726196901
726200100
726201011
726202630
726203684
726210822
726211792
726212829
726222945
726225436
726227314
726230799
726231898
726232079
726232102
726236649
726236698
726238553
726238995
726241881
726245670
726248240
726253599
726253945
726265689
726266420
726267937
726270330
726272502
726272680
726278437
726279010
726280372
726281307
726283106
726283894
726286296
726286758
726289040
726291020
726294616
726302111
726307181
726309775
726312502
726313990
726314490
726320109
726321962
726323243
726323621
726323697
726325348
726326109
726330158
726330792
726333349
726333555
726342055
726343231
726344271
726344488
726344668
726344995
726347161
726348998
726359192
726359604
726359688
726365972
726366443
726368133
726371019
726371711
726372148
726372324
726375366
726376459
726377589
726386742
726387238
726388095
726393052
726393562
726395312
726395725
726405683
726410207
726410706
726412287
726414984
726415322
726415460
726416028
726418781
726423126
726423298
726423654
726424021
726425217
726425225
726428085
726429772
726430369
726430491
726431865
726436534
726437777
726438410
726440421
726446229
726446897
726447156
726449566
726449573
726449585
726452565
726453062
726454778
726455571
726455718
726456783
726459199
726460351
726461145
726462979
726463418
726465214
726467192
726469458
726469534
726471068
726475643
726475833
726477727
726482402
726482961
726484715
726486957
726487790
726489133
726490099
726490123
726492297
726496327
726499041
726502065
726507549
726519716
726520561
726534487
726536699
726538154
726540265
726545384
726549274
726550890
726554203
726555538
726557436
726558515
726561045
726562871
726563872
726564047
726566281
726573827
726576984
726577988
726579059
726581015
726581895
726582073
726583225
726583769
726586096
726588376
726588523
726589796
726590153
726593413
726602316
726604926
726614067
726615691
726618040
726619327
726622658
726629932
726629942
726630181
726632708
726632983
726635721
726636778
726637462
726637692
726641793
726643413
726645567
726646017
726647210
726647367
726648115
726648400
726649837
726651995
726660390
726662703
726663693
726663709
726664988
726667186
726667318
726667327
726667793
726668792
726673363
726674627
726675347
726675518
726676155
726676156
726676895
726677010
726679989
726680484
726680627
726681010
726681828
726682057
726685181
726692647
726693669
726702038
726702978
726703604
726704182
726705977
726708723
726711681
726714431
726719963
726720725
726720834
726721138
726722307
726722604
726724427
726724564
726725090
726728051
726731869
726737002
726739020
726739439
726741211
726744838
726749963
726750607
726751002
726752604
726755956
726756521
726756657
726757220
726757542
726757914
726758037
726760567
726760748
726761562
726762793
726762912
726763260
726764719
726766529
726766621
726767097
726767849
726769219
726771084
726772274
726772295
726772493
726772710
726774419
726775661
726777628
726777672
726778320
726779371
726779662
726784158
726787060
726787084
726787675
726788077
726789229
726790232
726791091
726791217
726792542
726793629
726795623
726796182
726796728
726797267
726797414
726798793
726803513
726807040
726807904
726808215
726808345
726809107
726809578
726810053
726810266
726818072
726818543
726836384
726836479
726836639
726838500
726838592
726839389
726839952
726841632
726842264
726842520
726842636
726843352
726843449
726843832
726844679
726848532
726849356
726849577
726849620
726850232
726850478
726851860
726855503
726856703
726857041
726857429
726857648
726858239
726858415
726863066
726865008
726865419
726869163
726870150
726870288
726871192
726873189
726875973
726876099
726883652
726884118
726886221
726889943
726898752
726901371
726910149
726911135
726912867
727001434
727002987
727003203
727004624
727005136
727005212
727005732
727013608
727013712
727014273
727016239
727016411
727018011
727022151
727023713
727024974
727032240
727033600
727036334
727036695
727039948
727040391
727040392
727041637
727042335
727051683
727051994
727052647
727055120
727056320
727058691
727063141
727063175
727064269
727064553
727065462
727070404
727070575
727070775
727070952
727075588
727077387
727079046
727082471
727085203
727092927
727102176
727104599
727109320
727109948
727110332
727126745
727128708
727136274
727143893
727144492
727145514
727145845
727145921
727147304
727148246
727148858
727150801
727152026
727154142
727157483
727160494
727160959
727162209
727172116
727172758
727174245
727176339
727185862
727189498
727189576
727190039
727190810
727197315
727198774
727202150
727204258
727206251
727214829
727216065
727240816
727241709
727243233
727243992
727250558
727276873
727286353
727289924
727574858
727576808
727580045
727581967
727582065
727583217
727584160
727584266
727585127
727587024
727587827
727597914
727598565
727604062
727609342
727610011
727611156
727612605
727615151
727617125
727623076
727624055
727625016
727625418
727627386
727631229
727641021
727641218
727642499
727646291
727652591
727652932
727653334
727654422
727658821
727660955
727667534
727670824
727671628
727671970
727675512
727681126
727682509
727689429
727690017
727693077
727700094
727700460
727701407
727704940
727710507
727710667
727711949
727712668
727712694
727713737
727714142
727715889
727720936
727725460
727726504
727728165
727728216
727733208
727733991
727734185
727735444
727738628
727740122
727740508
727742621
727743088
727754174
727756748
727759323
727761073
727763686
727764554
727766715
727769522
727769844
727772601
727773495
727778005
727782565
727783056
727784609
727785124
727786291
727787657
727789881
727791005
727794524
727796575
727796640
727808682
727809757
727809956
727810416
727811837
727818982
727823519
727824805
727825948
727829966
727830138
727831623
727837372
727837840
727839152
727839428
727839955
727847194
727849391
727850599
727853170
727855646
727859187
727859278
727862149
727863210
727864004
727864614
727865310
727865831
727870751
727876999
727878103
727882228
727882805
727884099
727886104
727886864
727889476
727890554
727894342
727896142
727897549
727898134
727899350
727900684
727901040
727904511
727931443
727941268
727971682
727974039
727979159
727980454
727981585
727981691
727982080
727986687
727993888
727997620
727997938
728183844
728184821
728190754
728192497
728198996
728200345
728204490
728204965
728205020
728205275
728205497
728206480
728208409
728216941
728221805
728224563
728226145
728230334
728232674
728235180
728235213
728235479
728236120
728256747
728265822
728266649
728283457
728288628
728294970
728299067
728301418
728304137
728305886
728313714
728314590
728315258
728316502
728317184
728317834
728318313
728319009
728320999
728325012
728327411
728329050
728336888
728365888
728378680
728380246
728381875
728384565
728385237
728388007
728392314
728394588
728395689
728398371
728402112
728424130
728425908
728426910
728427449
728430523
728430717
728432507
728432609
728433306
728434765
728436524
728437368
728440203
728443089
728443254
728443703
728444471
728445195
728446421
728447125
728452124
728455268
728460199
728460268
728460616
728463791
728467923
728472482
728473257
728474515
728474685
728476055
728476066
728476276
728481105
728481714
728483570
728483571
728491827
728492355
728493476
728494117
728501027
728502772
728502824
728505551
728505829
728507840
728515407
728522466
728522848
728523533
728524034
728524719
728528103
728528874
728529010
728530833
728531720
728532161
728533129
728534579
728534636
728541626
728547182
728549358
728553042
728555818
728555956
728559153
728562634
728562782
728562804
728565151
728565718
728578058
728582299
728735472
728740344
728741908
728839647
728848711
728849896
728850633
728853124
728864907
728872356
728873705
728881008
728883527
728885436
728887071
728889453
728894731
728895849
728897801
728897977
728898631
728901350
728909345
728912268
728917862
728918444
728918774
728919621
728920744
728924234
728926437
728927142
728927827
728928038
728931207
728931442
728931909
728934586
728936931
728937944
728939860
728939928
728940896
728943606
728944919
728946592
728948175
728948657
728949163
728949466
728950126
728950133
728950815
728951863
728954295
728955151
728955198
728957383
728957496
728957883
728965193
728967989
728971207
728972856
728973180
728973269
728973374
728974794
728980398
728981238
728982365
728984669
728984938
728985634
728985972
728986432
728987986
728988916
728989112
728989871
728990653
728991010
728991030
728995531
728997344
728997893
728998481
728999721
728999818
728999961
729001716
729002061
729002325
729003607
729004137
729005979
729007505
729007886
729009162
729010523
729017036
729017809
729018594
729019328
729024932
729026113
729027115
729029122
729029427
729030785
729031035
729031889
729032052
729032556
729032591
729033113
729036418
729036967
729037052
729038483
729039219
729041712
729044120
729045758
729048010
729048510
729050382
729053489
729053617
729056430
729057197
729059379
729059839
729062749
729063170
729063377
729063739
729065856
729065857
729066460
729068439
729070842
729071953
729072906
729073142
729074392
729074442
729075622
729077588
729078148
729078188
729078664
729081730
729082378
729082589
729084910
729090587
729090764
729092393
729093808
729094365
729095028
729095233
729096457
729096506
729097451
729097931
729099993
729100633
729100910
729100967
729102541
729103416
729104817
729105482
729107818
729109540
729112801
729113575
729115475
729116121
729122744
729125738
729128473
729129454
729129590
729129969
729130788
729131491
729134731
729144186
729148903
729149466
729149550
729151852
729159861
729161521
729162196
729165952
729172834
729174475
729179675
729179782
729181875
729183979
729184208
729185816
729190372
729190752
729193011
729194354
729195401
729195554
729195698
729196008
729196218
729196839
729199274
729200289
729200470
729200486
729200820
729201475
729201668
729204318
729204468
729205488
729206691
729209253
729209631
729209769
729209784
729212145
729213653
729213834
729214324
729214816
729215301
729216264
729219285
729221017
729221410
729225366
729225418
729225638
729226024
729226776
729229042
729233073
729236885
729237068
729237301
729237997
729238975
729240925
729241875
729242124
729243877
729244591
729244727
729246165
729246621
729246940
729248292
729249932
729250655
729253023
729253117
729255817
729258118
729258243
729258289
729258832
729261166
729265827
729266776
729267000
729268053
729268651
729271563
729272011
729275553
729275821
729277563
729278105
729278990
729280453
729285404
729285723
729286056
729287635
729288256
729290371
729290718
729291037
729291577
729292215
729295371
729297130
729298288
729303313
729305494
729305579
729309360
729312171
729313396
729315851
729319253
729321165
729321953
729322860
729323863
729324852
729324954
729325244
729325323
729325917
729331256
729331637
729332411
729332681
729334931
729335558
729337138
729337699
729338366
729339292
729341498
729343026
729344878
729345904
729346000
729347037
729350441
729355714
729355815
729358601
729358669
729393157
729393483
729395502
729397128
729401908
729401976
729402258
729403068
729403091
729403282
729406345
729407634
729408153
729411853
729413561
729421012
729421688
729422408
729422810
729424236
729425821
729427192
729428928
729429882
729430123
729433017
729433244
729433417
729434997
729436017
729436865
729438899
729439621
729442138
729444001
729444687
729449061
729449603
729456660
729457949
729459053
729460590
729461650
729462732
729463124
729463689
729467000
729467585
729469415
729469484
729472218
729472281
729474005
729474086
729477824
729478517
729480892
729484872
729484962
729485792
729487581
729488187
729489470
729490511
729491704
729494824
729494981
729496096
729496890
729497914
729499176
729499178
729499526
729501891
729502248
729502907
729505298
729505317
729505379
729508817
729509294
729511020
729511187
729511225
729511444
729512662
729512663
729512901
729513645
729514042
729515063
729516625
729517764
729519516
729519884
729520243
729520759
729523502
729525248
729526302
729531216
729531404
729531687
729532473
729532942
729535261
729535755
729536155
729537981
729538312
729538760
729539800
729540614
729540995
729541079
729542162
729543862
729544876
729547718
729550766
729554565
729555519
729559428
729561039
729561071
729563519
729564119
729567739
729568672
729571363
729571944
729573099
729576562
729578174
729579151
729582832
729586634
729588052
729588283
729590983
729591793
729594341
729595187
729598246
729598260
729604471
729605214
729605777
729612151
729614300
729619086
729619416
729621649
729621856
729630430
729630630
729631920
729632069
729632735
729632934
729633392
729634878
729636368
729638637
729639195
729639259
729641470
729643840
729647840
729649060
729649068
729652152
729655143
729655209
729656091
729656100
729657521
729659989
729660226
729660543
729660804
729661954
729662277
729662907
729663126
729663337
729664190
729664796
729665041
729665973
729666100
729666523
729668404
729668539
729669670
729670126
729673337
729674989
729677817
729677853
729681264
729681535
729682120
729682817
729684042
729685075
729685362
729687612
729691473
729692659
729694505
729695212
729695287
729695567
729695842
729697297
729697688
729697960
729699764
729700056
729700734
729704099
729706883
729708318
729709132
729709642
729709928
729713232
729714887
729715418
729715451
729716486
729716629
729719492
729720748
729721315
729721416
729723465
729723799
729724606
729725324
729727306
729727482
729727988
729729128
729732979
729733651
729734066
729735651
729736097
729736605
729737525
729738875
729741482
729741647
729744801
729745956
729747024
729747457
729747649
729748018
729749794
729750827
729752583
729752995
729753222
729753814
729753839
729754194
729758223
729758226
729758723
729760020
729762275
729762595
729762790
729762823
729763426
729763564
729765191
729766006
729767503
729770211
729771591
729773733
729777194
729777558
729777949
729778271
729781959
729782889
729783160
729784964
729785256
729788772
729789350
729792726
729794303
729794305
729798745
729799074
729803002
729803039
729804635
729805874
729813310
729814452
729819713
729820085
729820155
729820377
729820925
729821107
729826159
729828489
729829008
729838024
729838440
729839267
729840884
729841627
729847056
729847129
729848181
729848371
729850161
729850806
729851564
729857152
729860207
729860413
729860581
729860810
729861222
729861763
729863276
729866772
729867740
729867890
729868783
729869656
729875150
729883513
729887262
729894484
729897506
729902330
729906256
729906952
729919609
729920267
729925586
729927990
729931744
729932959
729936867
729936915
729937500
729942830
729946179
729947969
729948348
729948367
729949484
729951152
729953745
729956795
729957068
729958036
729959444
729962672
729962848
729974761
729976514
729979876
729980026
729980906
729984707
729985222
729988738
729992473
729997128
729999315
729999956
730000452
730013478
730016914
730025589
730030234
730031040
730031647
730040933
730084354
730102075
730102420
730102728
730104001
730108904
730110628
730113959
730114431
730116467
730116602
730116635
730119010
730121829
730121859
730122695
730123472
730124931
730127020
730127937
730129287
730129916
730131720
730134847
730136903
730137851
730138919
730141863
730144257
730147400
730148940
730151438
730156008
730156287
730161276
730161468
730165259
730169295
730170163
730172168
730172921
730178851
730184286
730185375
730187856
730190236
730195679
730199848
730200252
730203938
730209123
730209599
730215562
730216494
730217487
730218754
730226025
730226659
730228735
730232440
730234885
730242984
730246105
730247767
730248017
730248531
730262983
730264575
730268738
730274337
730283641
730287060
730289679
730291130
730302654
730315190
730324139
730324398
730326328
730326974
730330832
730332331
730335558
730340379
730341163
730347505
730349034
730353358
730355057
730355695
730356142
730359642
730361146
730361275
730361468
730364764
730367525
730369054
730369911
730371763
730372568
730376036
730376636
730384660
730393437
730393651
730396033
730398256
730398365
730403617
730412251
730416161
730423564
730424042
730424194
730425631
730425795
730426328
730431632
730433577
730435452
730435633
730438212
730444984
730447209
730447930
730448089
730448651
730448813
730448997
730449007
730451586
730451939
730452075
730453970
730454926
730457692
730457810
730458785
730461894
730462761
730465863
730466677
730467228
730468353
730470949
730473985
730474628
730477223
730477272
730479558
730481002
730483619
730485956
730486273
730500126
730506624
730509341
730510629
730510937
730511555
730521210
730533638
730539159
730542372
730545002
730548016
730548289
730561507
730565238
730565455
730571091
730573757
730574594
730578476
730581199
730586762
730587019
730587535
730589923
730596203
730598477
730598971
730599744
730600512
730602037
730603464
730603966
730604364
730604401
730606049
730608641
730611922
730614228
730616411
730616501
730617590
730620307
730626082
730635115
730637534
730638393
730639166
730645161
730645620
730650557
730652157
730653731
730655303
730661595
730662391
730662873
730663046
730668670
730672728
730676870
730678719
730700329
730705059
730709763
730731087
730735638
730737683
730737691
730739198
730741304
730753099
730760276
730761911
730763400
730763837
730763930
730764189
730772865
730775294
730776203
730778354
730780688
730786205
730786884
730798299
730799044
730805879
730809959
730816871
730817439
730817872
730822847
730824614
730825196
730828074
730828657
730834648
730834898
730842962
730843757
730843855
730844011
730847962
730856093
730859043
730859985
730860396
730860449
730867859
730885482
730886555
730886875
730886960
730887667
730888230
730889529
730890154
730894124
730896643
730898300
730902801
730903929
730904250
730905044
730905997
730906153
730906248
730908465
730908549
730909770
730910162
730910674
730911823
730914301
730915358
730915427
730917751
730918356
730922425
730923622
730924054
730924565
730925668
730927637
730930838
730934950
730936244
730936683
730937338
730943036
730943124
730944524
730952621
730952797
730957726
730959474
730960133
730962346
730962483
730963502
730964287
730964964
730965264
730965336
730966546
730967085
730975377
730979677
730984251
730985039
730987879
730988381
730993078
730993526
730997139
730997946
730998153
730999230
730999969
731009455
731010502
731014032
731020783
731023873
731024664
731026253
731028566
731029254
731029459
731034597
731034840
731036085
731036504
731037947
731038253
731041966
731042627
731047431
731049630
731051828
731052305
731052356
731056715
731057622
731140159
731140830
731145690
731214328
731216234
731217448
731220220
731271545
731277713
731279235
731279876
731307938
731323715
731325994
731328772
731345780
731346563
731349010
731355057
731359159
731359964
731361288
731365890
731367791
731371424
731371453
731371804
731372142
731372217
731377801
731380103
731382622
731382644
731383387
731383583
731383600
731388434
731388502
731389663
731400448
731405155
731407436
731408920
731410028
731410265
731410619
731411143
731412227
731413045
731413075
731414496
731416185
731419172
731423610
731426163
731427011
731428522
731428903
731431016
731431633
731435062
731435075
731435390
731435760
731439229
731439808
731439987
731442113
731444195
731444424
731445092
731448827
731449514
731450403
731450871
731452540
731455995
731456043
731456845
731458833
731458895
731459605
731460627
731461398
731462391
731464038
731464448
731465422
731466191
731468138
731468989
731471766
731472996
731476038
731477827
731478807
731480150
731484592
731485369
731485687
731488352
731489482
731492095
731494446
731494621
731498493
731499325
731620088
731625790
731628492
731628907
731656159
731740796
731743841
731744200
731744345
731747831
731748793
731750399
731750520
731751308
731752136
731752307
731752734
731754005
731754783
731755578
731755864
731757691
731766383
731771314
731775336
731776078
731779274
731779731
731781781
731783274
731790081
731794099
731794107
731794205
731797493
731800734
731801316
731801344
731802256
731802489
731803377
731810880
731812137
731814590
731815851
731816200
731817726
731821297
731821425
731824559
731826006
731827166
731827271
731829888
731831467
731831781
731834236
731834675
731835392
731835911
731838956
731839654
731841192
731844335
731846197
731846452
731848638
731853403
731854900
731856095
731859003
731859986
731864749
731865060
731865203
731872285
731872871
731877048
731879824
731880647
731881663
731883231
731883443
731892501
731901218
731903654
731923850
731925124
731935258
731936855
731942492
731945916
731960099
731960457
731961049
731962731
731963436
731968992
731969066
731973921
731978357
731979582
731981866
731982282
731985952
731986684
731986960
731987060
731990602
731990663
731991062
731991998
731994026
731996454
731996625
732000490
732002036
732002712
732002928
732003064
732004677
732004724
732004766
732005201
732007231
732007661
732007698
732007902
732008771
732009847
732014921
732016225
732017264
732023245
732023861
732024050
732024553
732030406
732031266
732033002
732033813
732035242
732035855
732037398
732038975
732041253
732044257
732045744
732048325
732049455
732051542
732051637
732079313
732080826
732081203
732084112
732116877
732117593
732118178
732120698
732122538
732123902
732124548
732125650
732129546
732131005
732131180
732132450
732142468
732146005
732154908
732165140
732170509
732178418
732184196
732185644
732189097
732204168
732204186
732204846
732207658
732211496
732213352
732213560
732215626
732220305
732220649
732232061
732234999
732235000
732236417
732252946
732253440
732253518
732254413
732255036
732259015
732262586
732266230
732267679
732268678
732268687
732270337
732270559
732270819
732271709
732272476
732273265
732276786
732279860
732280311
732280492
732280675
732283111
732284619
732286138
732286603
732286750
732288942
732289141
732289149
732289408
732289423
732291214
732292037
732293139
732293871
732298080
732298289
732299551
732299964
732300341
732301345
732301988
732305041
732305243
732305618
732305772
732307149
732312508
732313683
732317084
732318760
732320319
732328559
732331411
732333401
732334600
732335069
732336664
732336751
732337324
732337328
732340757
732340888
732342621
732342650
732346326
732348741
732349162
732350603
732351329
732351352
732351564
732351885
732353849
732354137
732354891
732356289
732357382
732358145
732361318
732361665
732362980
732366101
732366605
732368229
732369123
732371671
732372098
732373083
732373150
732373999
732375729
732377712
732377958
732378499
732381943
732381958
732383009
732383067
732383593
732386145
732386616
732387014
732387819
732388189
732388887
732389207
732389379
732390746
732390979
732392392
732392499
732392911
732392963
732393207
732393337
732394677
732395197
732396291
732396684
732397221
732397953
732398026
732398664
732399685
732399882
732400056
732400315
732401751
732402540
732405073
732408154
732409669
732411961
732413784
732414424
732414823
732418519
732419301
732420656
732427912
732428566
732429253
732432621
732434259
732436528
732436800
732438889
732439284
732439620
732439797
732439971
732441114
732441627
732445930
732446014
732446514
732447114
732447719
732448274
732450541
732451751
732453745
732453927
732456321
732457379
732459041
732464120
732467364
732467893
732470326
732478971
732479361
732487463
732489166
732492125
732493455
732493836
732498773
732501271
732502565
732504296
732508815
732508881
732510096
732510334
732511016
732513273
732513655
732516515
732516910
732517774
732528316
732528430
732530039
732536135
732536223
732536423
732537105
732537301
732537810
732540654
732540825
732541605
732541624
732545509
732545625
732549116
732551031
732551092
732555350
732561721
732563040
732563386
732563408
732563988
732564429
732621435
732623561
732624723
732625954
732626699
732629169
732633060
732634464
732634549
732636132
732637246
732637442
732637710
732640001
732644148
732646251
732647986
732648638
732650698
732651132
732651846
732652852
732653272
732654480
732654861
732655677
732656111
732657495
732657607
732657648
732658610
732659309
732659324
732664335
732669769
732670469
732672000
732677581
732681827
732706262
732709389
732712501
732713193
732715563
732732009
732732461
732732594
732733362
732734293
732735006
732741040
732741444
732743483
732743893
732744886
732745068
732745189
732746787
732747092
732748240
732750022
732750152
732752459
732752511
732753950
732755385
732756063
732756709
732757663
732757815
732758116
732760013
732760511
732760719
732761574
732762049
732769472
732769779
732769874
732772120
732773300
732775111
732776164
732776754
732777139
732778823
732778937
732780278
732782794
732785403
732787457
732787951
732793919
732796199
732806631
732806752
732807662
732808132
732808771
732810158
732810262
732810834
732811033
732811102
732812183
732813091
732817033
732817555
732821843
732822297
732823751
732824171
732825504
732836427
732837066
732842369
732846188
732846606
732848322
732849231
732851777
732853077
732853879
732854041
732854287
732856755
732857577
732857691
732858254
732865039
732869373
732875938
732875951
732876424
732877690
732878435
732879566
732884855
732895359
732902580
732906592
732911025
732911100
732912593
732913288
732915136
732915472
732916733
732918453
732918614
732923774
732928065
732929235
732929738
732931815
732983026
732983787
732989654
733035939
733036729
733037588
733039758
733058779
733066454
733068512
733071234
733075530
733082758
733092527
733110695
733116001
733122830
733126353
733141674
733145654
733154066
733156083
733158106
733165679
733171078
733172119
733175320
733180413
733290126
733295747
733297060
733305205
733307661
733307921
733309851
733313603
733316606
733319969
733323530
733328809
733331853
733344455
733349238
733351908
733354314
733363472
733368361
733387503
733398840
733400052
733409926
733414709
733416119
733423372
733424775
733426880
733430463
733431452
733437883
733439031
733444270
733446346
733459747
733461668
733467293
733470663
733473560
733481427
733481517
733492270
733494117
733495092
733506201
733507724
733510802
733520279
733528345
733532581
733532657
733532959
733533806
733543587
733549779
733551269
733560823
733561791
733564010
733565915
733586963
733589652
733613713
733631222
733631761
733641481
733649016
733664700
733665606
733666754
733675712
733679758
733680248
733681608
733682229
733700162
733706280
733713986
733715567
733717134
733719108
733720292
733723728
733726959
733740445
733747792
733753276
733753375
733753908
733762135
733770796
733771559
733772147
733772435
733795470
733799965
733808595
733810015
733810988
733811224
733813873
733816402
733820389
733828211
733828429
733830603
733833110
733841897
733847886
733852443
733856022
733859156
733859627
733861168
733861602
733875694
733890092
733903276
733909078
733912698
733917899
733923414
733923940
733925043
733930218
733932235
733935355
733941871
733942561
733943319
733944478
733945063
733947584
733967302
733973777
733982967
733984198
733987774
733993317
734008988
734010469
734012360
734022153
734025173
734027615
734028463
734039538
734041147
734041506
734050392
734050420
734053884
734054273
734054280
734068435
734081641
734084728
734088350
734091720
734105606
734111247
734111873
734120006
734133135
734136442
734143428
734154043
734157438
734162901
734170599
734170812
734176183
734181309
734182756
734183536
734188198
734196322
734200308
734208457
734212582
734212779
734219335
734236273
734243895
734250196
734254622
734259117
734261264
734261654
734269357
734269698
734271944
734274296
734279205
734286640
734287780
734290737
734295267
734295462
734295513
734296032
734303809
734304027
734305659
734307594
734310003
734315873
734318745
734320098
734324025
734326027
734327728
734327856
734328161
734328271
734330623
734330914
734331699
734332242
734332396
734333390
734334023
734335053
734335144
734335307
734335774
734335841
734336210
734336491
734339225
734339696
734340653
734342774
734344736
734344922
734346031
734346867
734347042
734354620
734355202
734357076
734359283
734359695
734361854
734362374
734362418
734362932
734363225
734363253
734364730
734364819
734364917
734366765
734369682
734369746
734371082
734372014
734376022
734376100
734377447
734377970
734378428
734379751
734379986
734381726
734382485
734382884
734386004
734386641
734387167
734387473
734387556
734388604
734388622
734388751
734389156
734389868
734391652
734391716
734392851
734393231
734394187
734394382
734395414
734395924
734395948
734396127
734396456
734396683
734397509
734397845
734398127
734398428
734398553
734399777
734400622
734401089
734402330
734402514
734402525
734403002
734403317
734403539
734404166
734404634
734405939
734408135
734408915
734408956
734409956
734410014
734410298
734411683
734411839
734411896
734412147
734413009
734413366
734414453
734415115
734415279
734415365
734415613
734416044
734416868
734416956
734417146
734418271
734418603
734418699
734419008
734420309
734422660
734422823
734422969
734423599
734423656
734424363
734424892
734425395
734425577
734426195
734426336
734427325
734427746
734428076
734428208
734428355
734428587
734429228
734430196
734430214
734430537
734430959
734431102
734431266
734432210
734432380
734432685
734433147
734433311
734433422
734434158
734434283
734434303
734434324
734434468
734435118
734435585
734436178
734436767
734437156
734437171
734437998
734438442
734438699
734439327
734439730
734440135
734441302
734441862
734441945
734442546
734442616
734442843
734443038
734443139
734444648
734446530
734446652
734447295
734448782
734448917
734449329
734449461
734449727
734450239
734451309
734451389
734452613
734452741
734452908
734453361
734453482
734454417
734454689
734455498
734457205
734457331
734457392
734459570
734463383
734466376
734466635
734466980
734467709
734469265
734469552
734470274
734470425
734470718
734471205
734471296
734471648
734471830
734471897
734473038
734473064
734473067
734473680
734474143
734475226
734476169
734476468
734476592
734476762
734477053
734477095
734477143
734477292
734477458
734477617
734477704
734477741
734478517
734478525
734478641
734479060
734479690
734479793
734480049
734480726
734481083
734481512
734481597
734481800
734481859
734482942
734483286
734483637
734483708
734483860
734483957
734484664
734485929
734486240
734486398
734486681
734487314
734487497
734487849
734488103
734488977
734489473
734489877
734490886
734491208
734491246
734491587
734492030
734492761
734493118
734493164
734493259
734493935
734494041
734494519
734494722
734494900
734495158
734495862
734496189
734496385
734497223
734497762
734498675
734498937
734499622
734499672
734499730
734499876
734500197
734500278
734500895
734502233
734502284
734502491
734502493
734502996
734503308
734503658
734504055
734504648
734504675
734504769
734505477
734505734
734506360
734506980
734507387
734507459
734507696
734508299
734508486
734508641
734508738
734509406
734509692
734510115
734510237
734510317
734510575
734510600
734510723
734511113
734512601
734513557
734513774
734514037
734514653
734515505
734515655
734515720
734515801
734516119
734516740
734518244
734518500
734518531
734518725
734519256
734519907
734520466
734520706
734520723
734520877
734520909
734520998
734521002
734521404
734521675
734522016
734522226
734523097
734523351
734524364
734524994
734525310
734525661
734525969
734526149
734526481
734526567
734527279
734527743
734528574
734529304
734529397
734530459
734530542
734530812
734531084
734531838
734532593
734532772
734532863
734533700
734534593
734534627
734535315
734535601
734535690
734536371
734536488
734536579
734536708
734536834
734536836
734537197
734537829
734537979
734538342
734538560
734539863
734540047
734540129
734540314
734540774
734540879
734541059
734544060
734544175
734544452
734544655
734544960
734545039
734545532
734545603
734545693
734546066
734546233
734546572
734547036
734547291
734547383
734547898
734548036
734548596
734548784
734549109
734549828
734549917
734550264
734551189
734551330
734551346
734552406
734552473
734552490
734553152
734553154
734554096
734554445
734554480
734555437
734555552
734555582
734555682
734556099
734556221
734556244
734556280
734556426
734556607
734557055
734557131
734557358
734557704
734557978
734558328
734558514
734558530
734558603
734558673
734558701
734558730
734559190
734559612
734559651
734559694
734559763
734560444
734560842
734560944
734561691
734562676
734562926
734563345
734563797
734564347
734564431
734564561
734564579
734565843
734566294
734566847
734566908
734566989
734567406
734567473
734567638
734567780
734567937
734568072
734568198
734568709
734568850
734569018
734569341
734569427
734569653
734570583
734570692
734570771
734571092
734572064
734572333
734572919
734573441
734573512
734573993
734575190
734575343
734575431
734575553
734575912
734576365
734576664
734577081
734577394
734577550
734577987
734578642
734578676
734578744
734579627
734581283
734583639
734583675
734584279
734585377
734585567
734585754
734586354
734587561
734596708
734596722
734596925
734597515
734597559
734598120
734598501
734598707
734599757
734600130
734601942
734601954
734602331
734602423
734602652
734603060
734603530
734604225
734604433
734604505
734605008
734605292
734605407
734605676
734605999
734607788
734607940
734634587
734634864
734634885
734635477
734636166
734636247
734636347
734636458
734636626
734636838
734636879
734637010
734637233
734637292
734637531
734637638
734637842
734637843
734639009
734639024
734640797
734641077
734641457
734641761
734642054
734642248
734642269
734642726
734643052
734643390
734643679
734643951
734644146
734644736
734644797
734644976
734644977
734645066
734646207
734646646
734646876
734647852
734649689
734649851
734650202
734650418
734650459
734650892
734652386
734652418
734652665
734652703
734652823
734654476
734654881
734654898
734655384
734656699
734657773
734658364
734658588
734664786
734690360
734690409
734690761
734690841
734690892
734690900
734690974
734691832
734691996
734692250
735102135
735104505
735104642
735104923
735105883
735107751
735107961
735108114
735109827
735111248
735111777
735111992
735112726
735113874
735114208
735114563
735114603
735114915
735115076
735115460
735115898
735117489
735118355
735118383
735118935
735119576
735119682
735120647
735122132
735122451
735123165
735124145
735124440
735125190
735125513
735126437
735127311
735127886
735128431
735128834
735129530
735129645
735130150
735131124
735132151
735132707
735133143
735133401
735134007
735134154
735135078
735135252
735135429
735135575
735136180
735137162
735137883
735137900
735139645
735140165
735141590
735141592
735142015
735142357
735142452
735143546
735143964
735144472
735144615
735145055
735145967
735146245
735146626
735147892
735149042
735150314
735150568
735151453
735151588
735151611
735152541
735152634
735152735
735154559
735154904
735155191
735155509
735155671
735155686
735156502
735158362
735158437
735159247
735159888
735161855
735162667
735163409
735163635
735164712
735165476
735165904
735167307
735168281
735168363
735168434
735168450
735168493
735168681
735168783
735169405
735169836
735170085
735171154
735172112
735172189
735172222
735172582
735172596
735173107
735173702
735174184
735174639
735174876
735175285
735176374
735177212
735177332
735178483
735178592
735179055
735179966
735180787
735180799
735181619
735182567
735182597
735182887
735183399
735183875
735183989
735184470
735184493
735184537
735184550
735187009
735187300
735187562
735187767
735188171
735188665
735189147
735189519
735189544
735192197
735192419
735193411
735193509
735193891
735193908
735193989
735195449
735195791
735195792
735196167
735196479
735197691
735197822
735197914
735197978
735199432
735199716
735201171
735201208
735201284
735201668
735202165
735202417
735202489
735202627
735203412
735203982
735204095
735204743
735205760
735205794
735206213
735207475
735207810
735209983
735213641
735214592
735215104
735215298
735216023
735219142
735219685
735222399
735222505
735222830
735222982
735223742
735224026
735224116
735224219
735224431
735224450
735224840
735224881
735225251
735225869
735226293
735227354
735228223
735228444
735228956
735229924
735230211
735230697
735231694
735231914
735232171
735233650
735234346
735234639
735235818
735236305
735237596
735238124
735239994
735242263
735245435
735246546
735247270
735247343
735247376
735248331
735248951
735250647
735252300
735252697
735253177
735254106
735254669
735258127
735258226
735258569
735258570
735262739
735265176
735268846
735276944
735286490
735287147
735287154
735287257
735290508
735293771
735297698
735302749
735303522
735306934
735308965
735322179
735322182
735322829
735326128
735337439
735338253
735340618
735341361
735347988
735348967
735352324
735355683
735356014
735356300
735356837
735356914
735357649
735360704
735362012
735362903
735369071
735369126
735369235
735369498
735371231
735375337
735375357
735376557
735376930
735377028
735378454
735379619
735380336
735383627
735384393
735384537
735385515
735393327
735399457
735400632
735407205
735412768
735413636
735413965
735414951
735418476
735420746
735427977
735437221
735437952
735439218
735441648
735442260
735444137
735446154
735447837
735450589
735453310
735460530
735463825
735467713
735469198
735471074
735471221
735473180
735483559
735487443
735489466
735491690
735491861
735495904
735498111
735499807
735508793
735512470
735515822
735519498
735520493
735528741
735530374
735532478
735534070
735539025
735541473
735542054
735557435
735563247
735564040
735566013
735567462
735569122
735571601
735575092
735584898
735587217
735587515
735588522
735588818
735589627
735589773
735591132
735593249
735593286
735593456
735593953
735596216
735597182
735597713
735599397
735603956
735612304
735624005
735625806
735626704
735636312
735643192
735644991
735645069
735646072
735646645
735646697
735647722
735650730
735651909
735652279
735652295
735661182
735665555
735668345
735672949
735675631
735693060
735698579
735706336
735706772
735708326
735712908
735714275
735718361
735720110
735723481
735727908
735729064
735733457
735736638
735747924
735750406
735750747
735757070
735765548
735766459
735771699
735776325
735781433
735785906
735788153
735789352
735798818
735803503
735808489
735811384
735849623
735850829
735859537
735859938
735860015
735861828
735863249
735869342
735872084
735873289
735873292
735875557
735886367
735889434
735891069
735897681
735900943
735903420
735903464
735906259
735914547
735916124
735929220
735933332
735937044
735940507
735942685
735944441
735949135
735955623
735964656
735966989
736001591
736007393
736009178
736016153
736018162
736019115
736023283
736026126
736027091
736030731
736031752
736033078
736033101
736038500
736039970
736042048
736047988
736048844
736050988
736051234
736057551
736066988
736069274
736074263
736075848
736077915
736079051
736091645
736093389
736106760
736110782
736120863
736127231
736134990
736136457
736139866
736140670
736140674
736150099
736153176
736154731
736160226
736165718
736167111
736169103
736170042
736177421
736178893
736180783
736185266
736186769
736187910
736188357
736189093
736191505
736192880
736195053
736197646
736203280
736203433
736203623
736204878
736208168
736208611
736212156
736212850
736213185
736214416
736216622
736217607
736219467
736221069
736224692
736234110
736234488
736235629
736236797
736237479
736241080
736242141
736242332
736251722
736268702
736271941
736274742
736279492
736279696
736280082
736281222
736310357
736312589
736316342
736317139
736318237
736327584
736333527
736336440
736345671
736349014
736349815
736353636
736360260
736362134
736362218
736362778
736362864
736363265
736367556
736369187
736372790
736372828
736372947
736373287
736373916
736386977
736388663
736393458
736398297
736401767
736407594
736409801
736410535
736418199
736419617
736421541
736423902
736424639
736430565
736431759
736431988
736432707
736435147
736435466
736435467
736437148
736437531
736437607
736440840
736443646
736449749
736450980
736451698
736451999
736452015
736452069
736456087
736459255
736461338
736476600
736492846
736504180
736511009
736513032
736518864
736519836
736523055
736533892
736537104
736540563
736540731
736544881
736545495
736546506
736547216
736548118
736548232
736555521
736558248
736567380
736573007
736573652
736576586
736577417
736579813
736582222
736583161
736584668
736585334
736587751
736588214
736589400
736590952
736592249
736592374
736592735
736592934
736595224
736597476
736601093
736601469
736601610
736604388
736605093
736606592
736606954
736607850
736614648
736616600
736617286
736617999
736622300
736622619
736622929
736625487
736626181
736627213
736627638
736627944
736629385
736629856
736630359
736632845
736633653
736634282
736636546
736750100
736771811
736773501
736790534
736793518
736800852
736813913
736819181
736823377
736843876
736846885
736850146
736861496
736862014
736863627
736865668
736865720
736866689
736879199
736890397
736917779
736917991
736927836
736930945
736931021
736931740
736932757
736935912
736939384
736939486
736940169
736940240
736941827
736942346
736942640
736943162
736944836
736944934
736945251
736947179
736948843
736950241
736951521
736951579
736953780
736956171
736957048
736957828
736963684
736964085
736964254
736967150
736969319
736970388
736971751
736972006
736972413
736974224
736974310
736981677
736983966
736984099
736984547
736987188
737010393
737029686
737031128
737035457
737038267
737040481
737044145
737045417
737046539
737046844
737054142
737056427
737056520
737057047
737060020
737061180
737067448
737069493
737071231
737073748
737075206
737079789
737081034
737084923
737091253
737095229
737097923
737098419
737099545
737099775
737102916
737105139
737111913
737124002
737125138
737125863
737126700
737127441
737128378
737131335
737133692
737134113
737134362
737135854
737135975
737152794
737152844
737153267
737154121
737156470
737158261
737159821
737161650
737162013
737163280
737163993
737164778
737165903
737168120
737170505
737170510
737171476
737171946
737173179
737176917
737177848
737178049
737185905
737187582
737189818
737195258
737198253
737204556
737208262
737209287
737210864
737211559
737215030
737216890
737217916
737219602
737220668
737223987
737224483
737226072
737226204
737227728
737230531
737233841
737239146
737239616
737239828
737243341
737244280
737244728
737245192
737246632
737247721
737247959
737248999
737249189
737249783
737251524
737251862
737252018
737252597
737253112
737253725
737253837
737254712
737254948
737255691
737256127
737256978
737257327
737257516
737257729
737257748
737257883
737258621
737259075
737259581
737259831
737261795
737261824
737262505
737263066
737263352
737263598
737264197
737264229
737264876
737264926
737264989
737265162
737265313
737265364
737265367
737265405
737266646
737266925
737267477
737267528
737268495
737269094
737269137
737269197
737270148
737271493
737271839
737272198
737272494
737272616
737273222
737273235
737273552
737273615
737273626
737273781
737274942
737275274
737275573
737276564
737277131
737277425
737280499
737282708
737285984
737285991
737287152
737290161
737290324
737292010
737293921
737294074
737295064
737295385
737295393
737295953
737296958
737297264
737298815
737298967
737299680
737300866
737301049
737303355
737306318
737306626
737306953
737307963
737308804
737310518
737310991
737311021
737311088
737312970
737313035
737313051
737313552
737315017
737316464
737316702
737316879
737317366
737317378
737318426
737318518
737318526
737319237
737319430
737319717
737320375
737320592
737320802
737323101
737323199
737323624
737323753
737324370
737324472
737324606
737325459
737325577
737326096
737326362
737326833
737327260
737327434
737327581
737327647
737328043
737328126
737329349
737329567
737330499
737330617
737330999
737331483
737331592
737332920
737333381
737334010
737334958
737335572
737335683
737335816
737335929
737336388
737336413
737338054
737338148
737338750
737339362
737339425
737339556
737339943
737339955
737339978
737340330
737340499
737340951
737341054
737342516
737343696
737343909
737344976
737345018
737345076
737345285
737345833
737348082
737348681
737349101
737349782
737350255
737350280
737351280
737351374
737351526
737351578
737353746
737354440
737354685
737355024
737355136
737356095
737356734
737357865
737358083
737358089
737358633
737359481
737361009
737361357
737362648
737363274
737365188
737365936
737366354
737366462
737367290
737367519
737368917
737369481
737369725
737369807
737370695
737371006
737372181
737372694
737372792
737372828
737373043
737373072
737374374
737375112
737375445
737375580
737375711
737375749
737376826
737376910
737376921
737377403
737377499
737378155
737378157
737378436
737379225
737379811
737380556
737380895
737381266
737382051
737382217
737382614
737382934
737383274
737383500
737383884
737384291
737384388
737385086
737385302
737385469
737388540
737390319
737391671
737392210
737392345
737392753
737394231
737394621
737395651
737396097
737396162
737396556
737396657
737397964
737398019
737398368
737398889
737399430
737401242
737401309
737401441
737402993
737403115
737403664
737404424
737404600
737405087
737405807
737406048
737406160
737406227
737406777
737406958
737407801
737408012
737408729
737409298
737409479
737410053
737410156
737410445
737410729
737410941
737410990
737411521
737411885
737412175
737412712
737412877
737413032
737413081
737413214
737413297
737414071
737414151
737416006
737416332
737416497
737416591
737416998
737417096
737417109
737418160
737418443
737418500
737419718
737420019
737421008
737421409
737421632
737422376
737423531
737423890
737423918
737424030
737424446
737424824
737426100
737426171
737426459
737426780
737426914
737427815
737428625
737429138
737429634
737429681
737429747
737430334
737430772
737430775
737430963
737432480
737432551
737432571
737433394
737433720
737434101
737435010
737435093
737435475
737435872
737436246
737436822
737437575
737437708
737438586
737438802
737439923
737440538
737440684
737442092
737442373
737442802
737443687
737444181
737444360
737445625
737446200
737446564
737446566
737446619
737446633
737446779
737447094
737447182
737447229
737448100
737448110
737448340
737449132
737450131
737451057
737451427
737451860
737452522
737452853
737453376
737453864
737454266
737454832
737454918
737455602
737456756
737456795
737456927
737457250
737457483
737458368
737458531
737458905
737458930
737458963
737460219
737461080
737461953
737462592
737464261
737464322
737464699
737464853
737464942
737465313
737465487
737465841
737465901
737466128
737466330
737466445
737467010
737468244
737468342
737468972
737469278
737469550
737470154
737470610
737470660
737471155
737471291
737472445
737473097
737473262
737473742
737473743
737473774
737474021
737474192
737475669
737476272
737476408
737477026
737477123
737477349
737477750
737477944
737478094
737478419
737478443
737478980
737479410
737479430
737479563
737479801
737480897
737481194
737481282
737481988
737482387
737482923
737483742
737483743
737486269
737487040
737487350
737488885
737489585
737490590
737490717
737490894
737492358
737492548
737492561
737493967
737494240
737494900
737495427
737495726
737495811
737495943
737496477
737496608
737496847
737497086
737498328
737498717
737498778
737499351
737499486
737500061
737500213
737500566
737500603
737500851
737500893
737501676
737502250
737502778
737503011
737503230
737503955
737504055
737504221
737504546
737505266
737505648
737505724
737505861
737506760
737507373
737507739
737508602
737509068
737510611
737511096
737511524
737511710
737511818
737511869
737512209
737512224
737512565
737513270
737513339
737515398
737515844
737516225
737516241
737516352
737516513
737516948
737517155
737517667
737517689
737517709
737518722
737518971
737519330
737519936
737520622
737520829
737521192
737521278
737521697
737523028
737523442
737524965
737526939
737526954
737528749
737529080
737529103
737529332
737529394
737529548
737529638
737529728
737529871
737530657
737531155
737531583
737531775
737532521
737533611
737534079
737534133
737534318
737535313
737536099
737536214
737536303
737536657
737536690
737536787
737537256
737538151
737538739
737539634
737540035
737541612
737542378
737542420
737543991
737544553
737544695
737545058
737545693
737545960
737546693
737546862
737546901
737548214
737548853
737548956
737549091
737550257
737550548
737550684
737551092
737552173
737552280
737552444
737553587
737553615
737553924
737554058
737554145
737554763
737554811
737555352
737555392
737555552
737555605
737556187
737556481
737556646
737556652
737556653
737556672
737557193
737557427
737559084
737559671
737561712
737562123
737562486
737562632
737562791
737563210
737563651
737564157
737564387
737566706
737567214
737568000
737568275
737568297
737568859
737569019
737569036
737569353
737569615
737570046
737570441
737571025
737572270
737572432
737573552
737573657
737573931
737574617
737576148
737576324
737576570
737576938
737577885
737580104
737580189
737580270
737580312
737580683
737580730
737581518
737582561
737582776
737584039
737584311
737584362
737584549
737585481
737585823
737586227
737586943
737587681
737588157
737588382
737588934
737589189
737590581
737591320
737591475
737593250
737594259
737594361
737594977
737595236
737595314
737595356
737595441
737596001
737596339
737597363
737598095
737599011
737599180
737599886
737601139
737602534
737602729
737603274
737603514
737603705
737604292
737605506
737605705
737605771
737605943
737607989
737609476
737609839
737610798
737611225
737611567
737612491
737612705
737613112
737613223
737613359
737613637
737614837
737615204
737615988
737616213
737617072
737617125
737617385
737618082
737618351
737619683
737620599
737620734
737621436
737621916
737622363
737622418
737622528
737622711
737623033
737623344
737623610
737623680
737624101
737624449
737624744
737624745
737624806
737624846
737625010
737626099
737626665
737626694
737626935
737627076
737628573
737629033
737629723
737630276
737630319
737630753
737631437
737631528
737632452
737632734
737634135
737634345
737634921
737635221
737635364
737635392
737635472
737635592
737635777
737635779
737636012
737636207
737636540
737636570
737636796
737637455
737637661
737638726
737639346
737639774
737640199
737640456
737640669
737640789
737641132
737641217
737642017
737642127
737642953
737643195
737643434
737643738
737643892
737644299
737644460
737644510
737644715
737645170
737645378
737645444
737645983
737646034
737646307
737647229
737647764
737647768
737647840
737648137
737650007
737650435
737650615
737651160
737651319
737651866
737652656
737653289
737653620
737653693
737654906
737655290
737655841
737656352
737656832
737657989
737658680
737659055
737659478
737660001
737660723
737660809
737660827
737661159
737662068
737662712
737662773
737663095
737664217
737664312
737665321
737665584
737665946
737666065
737666106
737666416
737666488
737666566
737666884
737667102
737667499
737668608
737668666
737669601
737670032
737670126
737670216
737670482
737670740
737671123
737671233
737671418
737671450
737671573
737671670
737671746
737672113
737672173
737672237
737672420
737672693
737672833
737673041
737673049
737673546
737674341
737674382
737674394
737674438
737675338
737675774
737676340
737676485
737676703
737676980
737677116
737677194
737677764
737677967
737677968
737678926
737679488
737679649
737680242
737680370
737680506
737680766
737680815
737681816
737681950
737682365
737682379
737682501
737683069
737683150
737683239
737684138
737684588
737684623
737685095
737685375
737685387
737686650
737687507
737687650
737688320
737688654
737689046
737689891
737690624
737690908
737690982
737691061
737691442
737692200
737692384
737692605
737693080
737693444
737693953
737693984
737694427
737694460
737694510
737695120
737695520
737695876
737697284
737697532
737697762
737697816
737697870
737698318
737698620
737699531
737699915
737700108
737700390
737700417
737701821
737702604
737703839
737704322
737704579
737705362
737706108
737706550
737707655
737707930
737708206
737708958
737709091
737709211
737709424
737710091
737710506
737710547
737711140
737712876
737713105
737713566
737713828
737713924
737714514
737714521
737714642
737714919
737715243
737716185
737716586
737716638
737717194
737717766
737718071
737718085
737719344
737719938
737720040
737721600
737722711
737723554
737723824
737724231
737724308
737725171
737726146
737726794
737727062
737727296
737728640
737729548
737729998
737730216
737731816
737732244
737732490
737732637
737733923
737733971
737735469
737736902
737737459
737737490
737737530
737738040
737738325
737738496
737739130
737740163
737740536
737740560
737740623
737740781
737740884
737741060
737741388
737742584
737743422
737743602
737743643
737743644
737743994
737744177
737744587
737745502
737745648
737746109
737747155
737747335
737747744
737747900
737748175
737748764
737749147
737750420
737750491
737750591
737750903
737751088
737751739
737751950
737751993
737752407
737753056
737753473
737753655
737754735
737754874
737755183
737755966
737756234
737756279
737756636
737758489
737758983
737760809
737761392
737761594
737761635
737761653
737761975
737762300
737762366
737762551
737762790
737762893
737763042
737763178
737763537
737763687
737764730
737765677
737765818
737766195
737766718
737767410
737767497
737768441
737769413
737769564
737770099
737770171
737770238
737770522
737771065
737771275
737771688
737771864
737772104
737772144
737772243
737772248
737773362
737773657
737774116
737774139
737774827
737775002
737775008
737775823
737776324
737777371
737777930
737778055
737778249
737778971
737779010
737779069
737779504
737780369
737780894
737781265
737781286
737781605
737781817
737782342
737782462
737782613
737782831
737783850
737784667
737784698
737785190
737785321
737785503
737785692
737785863
737785925
737786039
737786675
737786925
737787131
737788017
737788234
737788361
737790999
737791694
737792997
737793464
737793816
737794160
737794311
737795072
737795224
737795392
737795549
737796066
737796389
737797143
737797809
737797966
737798001
737798072
737798075
737798171
737798625
737799867
737800601
737800657
737800773
737802090
737802875
737803199
737804082
737804295
737805072
737805571
737805579
737806658
737807006
737807191
737813215
737816650
737816717
737816857
737817191
737817694
737818602
737818893
737820400
737820691
737820996
737821290
737821369
737822976
737823492
737824662
737825358
737825394
737825879
737826064
737829001
737829901
737829939
737830208
737830369
737830818
737830894
737832232
737832658
737832801
737833170
737833240
737834575
737835441
737835645
737836187
737836504
737836569
737837213
737837494
737838350
737838995
737839054
737839237
737839604
737840100
737840859
737840937
737841144
737841300
737841865
737841986
737842102
737842995
737843015
737843394
737843504
737843601
737843721
737843831
737844256
737844857
737845337
737845745
737846787
737847782
737849836
737850045
737850086
737850627
737851189
737851328
737853393
737853650
737853902
737854477
737854707
737856399
737856457
737856647
737856905
737857495
737857815
737857970
737858100
737858144
737858258
737858597
737859003
737859124
737859666
737859810
737860024
737860107
737860539
737860600
737861856
737862472
737863354
737864023
737864306
737864401
737866148
737866240
737866461
737866550
737866991
737868281
737868311
737868843
737869774
737869851
737869955
737870156
737870383
737871592
737873499
737873680
737873788
737874603
737874700
737875029
737875934
737876960
737877599
737878014
737878236
737879303
737879798
737879945
737880206
737880752
737880756
737881184
737881651
737882177
737883133
737883630
737885589
737885797
737885869
737886936
737887206
737887443
737887768
737888193
737888247
737889050
737889594
737890081
737890764
737891591
737892256
737892636
737892781
737893070
737893166
737893214
737893563
737894831
737895282
737895526
737896255
737896626
737897921
737898202
737898234
737898850
737900242
737901627
737901766
737904411
737904632
737905143
737905264
737905636
737905685
737905965
737907785
737908097
737908690
737932003
737934541
737934664
737935580
737935712
737935717
737935786
737935974
737936327
737936333
737936791
737936915
737936941
737937635
737938390
737938549
737938759
737939937
737939943
737939969
737990416
737990654
737991038
737991285
737991553
737991567
737991730
737991823
737991898
737992395
737992402
737992731
737993471
737994052
737994084
737995216
737995230
737995338
737995685
737996842
737997065
737997424
737997435
737997880
737997915
737997933
737998678
737999441
737999512
737999589
737999761
737999798
737999873
738000092
738000428
738000979
738001399
738001566
738001698
738003116
738003133
738003407
738004177
738004430
738004532
738005591
738005871
738007733
738007963
738008160
738008427
738008508
738009332
738009373
738009769
738010884
738012912
738013527
738013558
738016104
738017060
738018524
738021611
738021789
738023015
738023363
738023860
738025518
738027285
738027697
738028498
738028709
738029524
738029695
738030069
738030243
738030558
738030661
738031281
738031591
738031847
738032310
738033159
738033222
738034104
738034382
738034677
738036673
738037097
738037255
738045624
738045748
738046026
738063757
738064877
738065551
738065778
738066630
738067238
738070898
738072787
738072829
738073093
738073930
738076763
738077070
738077208
738271171
738271280
738271289
738272380
738272575
738273023
738275143
738275145
738275168
738275270
738275327
745056096
745089593
745102810
745108086
745108361
745511156
745512000
745516161
745522938
745523489
745527872
745535317
745536182
745575230
745575982
745579212
745600118
745665385
745666287
745667044
745669391
745704296
745709453
745712296
745718026
745724469
745729446
745729504
745730614
745733741
745745899
745746930
745749063
745753366
745762197
745775473
745778565
745780049
745788327
745789890
745795637
745804569
745809063
745821660
745822474
745823499
745842300
745848770
745854034
745865603
745866004
745871926
745872069
745873301
745875762
745882465
746047312
746048305
746048306
746059300
748433254
748433298
748434375
748434906
748435676
748436543
748443078
748448816
748449840
748452939
748453421
748454559
748460262
748461443
748470672
748477584
748477599
748478037
748483499
748486167
748493048
748498875
748503111
748505305
748509718
748509996
748513716
748515930
748516724
748517798
748519427
748519543
748520227
748520529
748520706
748522999
748523227
748526714
748526716
748544001
748545384
748546003
748566586
748571231
748574272
748576767
748581102
748584234
748585146
748586804
748592004
748597769
748599114
748600341
748604973
748608275
748608599
748611047
748611297
748614269
748621185
748627745
748634696
748634859
748639407
748641122
748642663
748648561
748662512
748675679
748677864
748692837
748694949
748696630
748699937
748701336
748701368
748701552
748701650
748701923
748702832
748703407
748707995
748720068
748752867
748771314
748778625
748786760
748793831
748796706
748798193
748801993
748803404
748810498
748812453
748814400
748816908
748817028
748818153
748825378
748826256
748827685
748828507
748831388
748835801
748843458
748857101
748858509
748871552
748875272
748875612
748879431
748886346
748889047
748891866
748892777
748901007
748904802
748904947
748908820
748909999
748911208
748911691
748912165
748914014
748920727
748937551
748938110
748940273
748940286
748941637
748944249
748946226
748946701
748949220
748950024
748951193
748955360
748956159
748957353
748957496
748958637
748959194
748960031
748960300
748960945
748964003
748965925
748969802
748975519
748982307
748989728
748990870
748994861
748996785
748997786
749002048
749012657
749019848
749022018
749025265
749028062
749029215
749035328
749037384
749037729
749040004
749042616
749057089
749058758
749058800
749059800
749059971
749060426
749061079
749061420
749061629
749061731
749064079
749067984
749069294
749072466
749075898
749075967
749077421
749077522
749077909
749079130
749083674
749086299
749088300
749090175
749092736
749092878
749097152
749100604
749105122
749108801
749109982
749112378
749114453
749119363
749121183
749122117
749128698
749129175
749130148
749131032
749132095
749132547
749148867
749149570
749154167
749158851
749164931
749166450
749167431
749168009
749172488
749175480
749178416
749178630
749180429
749182364
749183264
749191370
749193748
749194969
749195251
749199740
749201319
749202749
749206967
749210080
749210094
749215671
749219274
749233949
749234430
749235745
749237551
749239167
749239657
749244860
749256612
749256634
749257121
749257464
749257589
749260240
749267181
749270860
749272013
749272265
749276908
749281002
749289767
749290586
749295023
749301753
749305219
749306992
749307221
749309901
749312619
749315280
749321862
749328550
749329985
749331662
749333206
749336376
749337000
749338367
749338509
749339906
749341068
749341614
749343310
749343578
749343739
749346483
749347232
749348378
749349418
749349689
749351519
749354397
749355776
749356804
749357672
749357706
749357857
749360533
749362825
749363828
749364847
749372232
749372437
749374549
749380394
749383291
749383922
749385708
749386501
749387783
749389894
749392462
749393556
749400971
749404144
749407327
749407840
749408414
749409509
749608080
750017116
750019548
750023720
750024649
750025392
750043409
750055045
750060855
750064061
750067719
750069273
750071177
750071928
750072362
750073490
750074092
750075888
750077666
750078623
750081409
750082763
750086414
750090632
750090713
750091641
750091666
750144299
750169594
750176028
750179026
750180216
750183370
750187638
750190914
750197350
750200170
750209863
750213310
750214468
750214809
750219699
750222988
750223317
750228664
750232795
750233637
750237057
750248174
750261081
750261287
750268593
750269153
750270136
750271265
750271393
750274701
750274879
750276121
750280236
750282273
750282801
750283945
750284652
750288981
750289864
750298314
750483206
750572909
750576622
750577951
750578418
750579762
750581104
750581750
750586430
750588633
750590081
750590401
750592135
750592482
750592992
750597437
750597567
750598085
750598105
750598554
750599000
750599010
750602498
750603279
750605596
750605669
750613478
750614384
750614691
750617257
750617504
750620552
750624368
750625030
750626902
750627629
750628677
750630460
750630541
750633267
750635738
750637784
750638835
750640607
750643741
750643813
750646215
750647433
750649873
750650269
750651179
750651703
750651864
750660283
750663610
750664243
750666012
750667111
750668330
750669672
750670603
750674323
750677126
750677944
750678317
750679060
750679857
750680032
750682544
750685000
750685377
750685693
750687865
750688157
750692466
750692652
750692744
750693704
750694019
750695430
750696590
750698801
750700758
750701343
750702354
750703372
750704114
750706878
750708119
750708909
750710080
750711291
750711566
750711884
750711922
750711980
750712751
750714465
750714467
750714927
750717110
750718292
750718741
750722027
750723123
750723502
750730424
750734820
750739325
750740818
750745838
750746625
750746672
750751976
750752085
750752756
750757282
750758699
750760266
750762384
750762411
750764360
750764912
750767532
750767631
750768934
750773679
750776174
750776730
750778140
750780064
750782744
750783810
750785284
750786644
750788535
750791750
750792093
750792590
750798936
750800061
750801534
750803575
750805116
750808337
750809559
750812278
750812862
750814159
750814790
750817098
750819108
750819754
750820127
750824668
750825171
750825201
750826526
750827803
750829163
750831489
750832039
750832192
750832622
750835489
750837259
750841330
750841435
750842526
750842620
750843202
750843535
750843623
750844628
750845388
750845502
750845559
750848412
750850556
750852702
750853320
750855250
750855501
750856691
750858831
750860575
750861425
750861451
750861719
750862508
750863315
750865038
750868597
750868932
750872242
750873935
750874680
750875722
750876250
750877926
750877979
750878650
750878950
750879182
750879805
750880262
750881150
750881211
750881914
750890096
750890848
750890896
750892178
750893056
750893250
750894416
750894825
750895778
750896281
750897511
750898634
750898659
750898786
750899495
750900745
750902366
750905505
750907890
750908218
750908801
750909881
750911048
750911598
750916052
750916660
750916997
750917434
750920256
750920731
750921057
750921393
750922365
750922568
750922645
750924673
750924904
750924910
750925584
750927513
750927785
750930287
750930964
750931345
750932285
750933394
750935068
750943850
750944190
750944526
750944984
750945900
750947975
750948310
750951558
750951619
750954774
750954788
750960234
750962122
750962535
750967407
750971139
750971645
750976888
750977516
750978980
750979433
750984034
750987919
750991086
750992791
750995503
750995680
750995931
750998583
751004291
751012176
751012491
751012802
751014653
751015670
751019969
751020848
751023665
751024482
751027014
751029021
751029707
751032855
751033504
751033706
751035785
751035957
751036234
751037909
751038804
751043202
751043596
751043963
751044368
751045110
751045254
751046253
751047902
751049695
751053661
751055042
751057108
751058067
751059238
751059452
751061391
751062108
751062131
751062140
751064278
751064378
751064463
751066222
751066294
751067598
751069133
751069908
751070928
751072149
751074043
751074094
751076305
751077260
751078822
751079215
751079502
751080532
751081201
751083224
751085898
751089079
751089263
751089823
751090921
751092731
751094589
751097047
751098507
751099572
751100322
751102029
751102317
751102573
751103570
751108738
751109285
751109502
751109889
751111873
751112148
751119980
751120799
751121037
751121731
751142983
751148038
751149629
751150413
751150768
751151010
751152782
751153204
751153501
751156945
751159248
751161527
751162402
751198605
751199349
751200130
751200218
751200803
751220010
751220022
751223771
751225638
751234866
751235495
751236375
751237748
751239893
751243855
751244293
751245254
751246311
751253750
751258352
751258438
751258781
751258989
751260545
751261836
751264542
751264647
751266426
751266978
751267053
751268380
751271154
751271982
751272077
751275414
751279542
751279812
751280060
751281244
751282726
751283459
751286338
751287675
751288598
751293090
751294895
751294913
751295739
751297230
751297772
751299786
751302759
751302872
751305348
751305955
751308991
751309796
751309798
751311695
751313063
751313686
751314003
751314577
751319014
751321016
751321374
751322632
751324176
751324756
751329802
751330445
751332480
751332538
751333317
751334324
751334711
751335027
751336079
751337039
751337429
751339051
751341042
751341331
751342765
751343669
751344827
751346438
751347116
751347889
751348991
751349568
751350285
751354795
751358875
751362156
751363843
751365348
751365407
751365740
751367528
751368392
751369621
751374612
751377768
751378555
751380419
751380866
751381732
751382953
751383095
751383146
751384538
751384702
751385820
751386950
751387754
751391283
751392180
751392888
751393369
751393631
751395556
751395850
751395878
751396828
751398335
751398910
751400356
751404692
751405419
751409535
751409616
751409772
751413500
751414976
751417555
751419146
751420497
751423966
751424080
751424109
751424198
751425327
751426492
751429332
751430213
751430814
751431809
751432181
751432319
751432770
751433000
751433285
751433792
751434525
751436757
751436918
751437078
751437207
751437296
751437481
751437708
751439251
751439845
751442308
751444118
751446197
751447709
751448224
751450273
751450906
751452572
751455190
751457942
751461985
751463276
751464268
751464995
751465883
751466294
751467143
751467780
751467827
751468384
751470687
751471651
751471817
751477561
751481220
751482098
751484241
751487914
751488644
751489538
751491120
751491207
751491396
751492166
751493533
751495761
751496222
751497250
751498854
751498874
751499580
751499907
751501088
751503935
751505174
751505468
751506476
751506847
751507397
751508310
751510264
751511760
751512138
751512708
751517239
751517945
751517982
751518014
751518555
751519265
751520099
751520342
751524143
751524205
751524291
751525025
751525352
751525418
753492608
753516383
753516853
753517459
753524565
753801495
753803382
753804441
753808112
753808184
753809279
753809785
753810127
753811851
753812198
753813134
753816205
753817033
753818618
753823088
753828528
753831480
753831582
753831772
753833150
753833640
753840735
753842030
753842865
753843514
753854249
753855624
753856806
753857254
753858988
753860759
753863928
753867326
753868016
753868977
753869466
753872176
753874590
753876516
753877423
753877874
753878274
753878998
753881899
753884813
753886046
753886422
753886758
753887838
753891299
753892581
753893537
753894072
753894189
753894510
753897942
753898098
753898327
753898505
753899522
753904456
753905915
753907470
753907966
753909197
753911278
753911788
753912967
753916288
753916356
753919881
753920437
753920487
753921474
753921695
753922592
753923414
753923681
753924733
753924752
753924779
753924837
753925755
753925814
753926463
753927189
753927255
753927480
753930104
753930408
753957189
754018502
754018592
754018841
754019412
754020466
754025969
754032441
754033699
754035438
754035508
754035598
754035685
754035840
754037557
754038759
754040526
754043103
754043385
754044631
754063754
754063867
754066489
754066669
754067044
754859540
754860408
754862368
754862431
754865149
754866154
754867334
754869571
754870072
754871344
754872136
754872176
754873159
754873673
754874249
754875629
754875834
754876070
754876712
754877969
754878041
754878567
754878717
754879893
754880610
754883085
754883295
754887540
754888978
754888995
754889592
754891078
754891287
754891671
754891876
754892402
754892944
754892947
754893335
754893342
754894146
754894613
754896029
754897777
754899143
754899214
754899311
754901067
754901399
754901474
754901605
754902493
754903882
754904203
754904516
754905767
754906281
754907378
754909172
754911491
754911510
754914752
754915559
754915856
754917625
754918806
754919552
754920094
754921061
754921585
754922663
754924447
754924806
754924834
754925401
754926425
754926442
754929751
754930416
754930719
754931285
754931659
754932658
754933488
754934501
754940888
754941099
754941102
754941980
754942298
754942464
754942540
754942556
754942663
754943456
754944084
754945084
754946457
754946728
754947521
754947649
754948430
754949664
754949700
754952935
754953662
754954147
754954269
754954333
754955315
754956305
754956917
754957724
754958572
754958851
754959081
754960078
754960158
754960625
754961399
754961714
754962776
754963721
754964319
754964493
754965458
754966130
754966512
754967882
754971734
754972491
754973705
754974418
754974486
754974527
754974778
754975096
754975864
754976032
754977128
754979315
754979779
754979787
754980220
754980360
754981117
754983115
754983370
754987144
754987456
754987467
754990967
754993283
754993478
754993552
754993732
754994151
754994783
754996073
754998740
755000092
755000602
755001785
755002633
755004673
755005953
755006046
755006559
755007236
755007614
755007999
755008707
755009099
755009428
755009925
755009994
755011532
755011881
755012114
755012117
755012800
755013422
755013667
755013800
755014061
755014131
755015323
755016387
755016660
755017390
755017747
755017956
755020834
755022594
755025356
755025857
755026369
755027366
755027371
755027799
755028953
755030543
755030720
755031320
755032031
755033668
755034150
755034700
755036046
755037360
755039099
755039370
755039794
755041906
755042171
755043731
755044539
755045775
755046088
755047010
755047213
755048067
755049150
755050185
755050406
755051959
755052966
755053707
755054239
755054313
755054904
755055839
755055859
755056336
755056391
755056520
755056558
755056939
755058008
755059293
755061446
755061657
755063757
755065135
755066919
755067620
755068419
755068580
755069062
755069855
755070083
755070237
755071723
755072089
755073025
755073199
755073763
755074151
755075153
755075355
755075372
755075646
755075758
755077375
755077621
755077715
755078383
755079562
755080554
755081871
755082424
755082539
755082901
755083486
755084074
755085315
755087732
755087821
755088114
755088299
755088737
755091092
755092251
755092958
755093436
755094338
755094486
755094670
755094746
755095494
755095725
755096506
755097078
755097181
755097540
755099198
755099456
755100274
755101215
755101784
755102565
755104993
755105011
755105424
755105949
755105975
755108128
755108379
755109596
755109734
755109957
755110696
755111422
755112433
755112860
755119694
755121021
755136545
755137802
755139487
755140058
755140293
755140371
755140792
755141914
755142334
755147702
755181083
755181278
755181885
755183490
755183641
755184076
755184634
755184699
755184820
755184877
755184885
755185093
755186148
755188704
755188719
755191613
755192202
755194237
755195682
755196701
755196880
755199649
755199883
755200458
755200500
755201672
755203986
755204011
755206717
755207973
755208010
755208561
755216985
755217248
755217537
755218106
755218701
755219325
755219523
755219936
755220078
755220398
755222618
755225355
755225507
755334487
755335219
755336810
755337091
755337486
755338239
755338653
755339305
755339498
755339959
755341027
755341671
755341862
755342239
755347278
755351380
755353529
755355357
755359636
755364337
755365793
755366127
755367184
755367562
755368365
755369318
755370396
755370755
755371888
755372537
755372576
755373159
755373811
755374538
755374623
755374765
755375179
755375361
755375438
755376145
755377521
755379416
755379724
755379867
755379925
755381437
755381456
755383519
755383980
755384031
755384439
755384818
755385248
755385348
755385440
755386138
755386882
755387677
755388002
755388224
755388852
755390573
755391677
755392307
755392956
755393169
755393646
755393966
755394901
755394951
755395286
755395381
755396127
755396569
755397544
755397632
755402276
755403234
755403802
755406730
755407085
755407107
755409651
755409773
755411525
755411693
755412351
755412557
755412786
755412880
755414682
755415319
755415437
755416924
755417882
755417910
755418564
755418597
755431680
755434390
755435654
755442377
755442435
755442603
755442782
755443083
755443899
755445014
755446411
755446619
755448561
755448722
755451661
755451909
755452004
755453145
755453322
755454375
755454617
755454684
755455082
755455890
755456981
755457514
755458426
755459092
755460590
755461027
755462058
755462837
755462851
755462889
755467106
755467767
755467847
755468434
755468723
755469385
755469769
755470427
755471280
755471546
755472636
755473505
755473695
755474821
755475014
755475323
755476219
755476575
755477457
755478384
755478776
755479768
755480184
755480232
755481065
755481556
755481724
755482339
755482899
755483001
755483170
755483348
755483500
755485522
755486089
755487885
755488615
755488636
755489578
755489884
755490297
755490974
755491071
755492296
755492662
755493221
755493742
755495344
755495377
755495615
755495877
755495928
755495932
755496072
755496488
755496917
755497676
755497678
755497930
755498401
755498880
755500332
755500353
755500981
755502146
755502221
755502462
759642889
759644709
759645035
759646369
759649585
760188493
760188533
760189470
760189981
760190183
760190936
760191441
760192767
760192931
760193249
760193300
760193679
760194753
760194852
760195210
760195806
760196475
760196859
760197730
760197836
760198288
760198317
760198671
760199950
760200137
760200315
760200418
760200885
760201056
760203233
760203733
760206339
760214309
760215635
760215901
760219039
760219161
760221086
760221343
760221815
760221865
760222093
760223245
760223301
760223912
760224859
760225818
760225982
760226366
760226939
760226971
760227402
760227793
760228062
760228549
760228567
760229023
760229400
760231667
760231979
760232841
760234084
760234380
760235168
760235313
760236468
760237001
760237231
760237517
760239198
760239248
760239262
760239407
760240057
760240383
760240782
760241155
760241486
760279498
760279510
760280345
760285340
760285876
760286078
760286314
760286583
760286874
760287106
760287272
760287317
760287324
760287338
760287644
760288072
760288473
760290176
760290612
760290805
760302010
760307152
760307470
760307623
760307909
760308208
760308367
760308370
760309139
760310187
760310720
760310826
760311000
760312313
760312727
760313070
760314118
760314371
760314849
760315632
760316175
760317030
760317101
760317292
760317353
760317355
760317391
760318203
760318450
760318637
760320607
760322593
760323394
760323707
760324103
760324316
760324345
760325266
760326026
760328263
760328450
760328966
760329064
760469281
760469560
760469610
760469969
760487812
760488062
760488370
760490765
760493638
760500559
760500838
760501005
760501199
760501256
764371486
764381520
764382467
764383175
764384448
764384485
764384805
764386969
764387057
764402848
764411395
764412375
764413024
764414826
764415337
764415476
764415965
764416634
764416762
764417223
764417624
764418360
764419047
764419307
764420203
764420493
764420919
764421664
764422083
764422281
764423307
764423459
764426931
764427098
764427703
764428260
764428627
764428916
764429412
764430375
764437896
764439569
764439694
764439927
764439928
764440134
764440224
764440717
764443088
764443459
764444364
764444440
764448072
764448451
764448598
764448758
764448794
764449284
764449418
764449508
764450703
764451552
764452331
764452397
764452805
764452891
764453212
764453479
764454068
764454348
764454870
764454901
764455905
764457621
764457648
764457652
764458970
764459619
764460165
764461078
764461796
764463372
764463738
764463781
764463926
764463995
764465068
764465081
764465134
764465329
764465330
764466374
764466543
764466741
764467554
764468070
764468822
764469602
764470291
764471333
764473125
764474165
764475847
764476272
764476570
764476707
764476711
764476857
764476908
764477945
764478787
764479102
764479130
764479319
764480624
764481948
764483622
764485334
764485335
764493016
764496941
764496989
764497082
764497304
764498104
764501728
764502858
764507540
764508108
764508310
764508581
764509116
764509399
764509763
764511142
764511889
764512298
764513661
764514895
764517094
764519409
764520211
764522162
764522357
764522802
764524203
764525105
764526289
764526497
764527181
764527450
764527902
764529494
764529883
764531685
764531992
764532056
764532894
764534797
764536093
764539117
764541456
764544684
764544870
764545198
764545486
764546805
764547076
764548757
764549476
764549776
764550445
764550832
764551385
764552073
764552411
764552693
764553902
764554553
764555221
764555315
764556274
764556439
764556440
764556907
764557193
764559790
764560311
764560862
764560928
764560988
764561241
764561281
764561439
764562059
764562244
764562312
764562810
764562985
764563245
764563488
764563562
764563763
764564584
764565566
764565703
764566379
764566430
764566486
764566657
764567763
764570458
764570533
764571324
764571481
764572112
764572423
764574276
764574710
764574747
764574849
764575197
764575754
764575924
764576164
764576271
764577540
764577691
764578260
764579097
764579964
764580984
764581493
764581838
764582453
764582460
764583253
764584492
764584814
764584888
764586336
764586375
764586813
764586893
764589262
764591822
764592266
764593953
764595622
764596062
764597632
764597987
764598403
764599677
764599868
764600906
764601107
764601682
764601900
764602633
764602788
764603171
764603588
764604099
764604212
764605006
764605301
764605574
764605759
764605768
764605979
764605983
764606284
764608630
764608671
764608952
764609968
764610068
764611024
764612333
764613464
764614248
764615000
764615741
764615760
764616161
764617185
764617511
764617703
764618265
764618848
764619009
764620014
764620407
764620770
764621244
764621760
764622886
764623110
764625619
764627186
764627861
764628367
764628435
764630396
764630945
764631545
764632069
764632456
764633086
764633122
764633809
764634769
764635429
764635531
764635551
764636274
764637439
764637910
764638256
764638324
764638903
764639693
764641832
764642422
764642848
764644351
764644845
764644864
764645296
764646049
764646948
764647107
764647200
764647946
764648155
764648429
764649548
764649816
764650584
764650729
764650795
764654039
764654144
764654330
764656290
764663229
764665676
764666338
764667921
764668174
764668424
764668954
764669696
764670488
764670614
764671399
764673892
764674210
764674565
764675085
764678059
764679018
764679317
764679671
764680292
764680528
764680755
764680930
764681526
764681649
764683075
764683246
764685478
764686300
764686538
764687167
764688249
764688549
764688688
764689415
764690306
764690373
764690604
764691659
764691737
764692378
764694596
764695585
764696097
764696703
764697324
764699435
764700355
764700715
764701483
764703072
764703198
764704120
764705207
764705319
764705563
764706798
764708190
764708261
764709953
764710243
764710410
764711524
764711793
764714175
764714304
764714388
764715380
764716119
764718065
764719304
764719558
764719836
764721169
764721960
764722001
764722049
764723837
764724598
764724997
764726040
764727314
764729098
764731813
764732487
764733565
764734430
764735184
764735331
764737904
764740203
764744015
764747588
764752926
764753238
764753524
764754239
764754333
764756448
764757004
764757260
764758153
764759624
764760107
764760375
764761043
764762328
764762849
764765085
764765803
764768749
764769424
764770198
764771015
764771304
764771394
764771500
764771763
764772878
764773236
764773264
764776624
764777250
764777404
764777514
764777548
764779157
764780314
764780316
764781942
764782125
764783594
764785973
764788194
764788253
764791812
764791845
764791974
764794952
764796566
764803044
764803190
764804620
764805182
764805212
764805394
764805944
764807021
764807271
764807835
764807943
764810296
764810923
764811295
764811362
764812138
764813127
764813986
764815265
764820007
764820018
764821331
764821797
764823519
764824430
764825054
764827272
764827845
764829473
764831411
764832563
764832731
764833074
764834600
764835131
764837969
764838033
764838226
764838399
764838744
764839427
764839443
764840777
764841311
764841602
764841955
764842727
764843423
764844291
764844688
764845257
764846833
764847763
764848733
764848826
764850011
764850391
764850691
764851495
764851691
764852534
764852741
764852832
764853773
764854790
764855221
764858464
764858506
764858587
764859173
764859416
764859920
764861569
764864051
764867510
764867754
764867843
764867955
764872524
764872582
764872626
764873496
764876021
764876147
764876349
764878147
764878501
764878956
764879143
764880929
764880993
764883056
764883310
764883444
764884372
764886069
764886559
764886579
764886580
764886879
764887553
764890358
764890566
764890927
764891634
764891752
764894573
764894916
764895364
764895485
764895908
764896487
764898278
764898441
764898471
764898841
764899117
764899164
764900185
764900622
764900869
764901279
764901381
764904653
764905363
764905728
764906055
764906572
764906937
764907260
764907420
764907583
764908080
764909429
764910640
764910792
764910848
764911491
764912284
764912362
764914663
764914934
764915215
764915525
764915540
764915852
764915954
764916624
764917323
764917742
764918092
764919265
764919593
764919692
764920223
764921808
764922718
764924701
764924775
764925188
764925514
764927019
764927731
764928274
764929447
764930245
764931216
764933499
764934935
764936229
764937291
764937983
764938664
764938732
764938857
764941177
764941703
764942390
764943859
764945646
764946279
764946750
764946853
764948460
764949213
764949895
764950019
764950092
764950452
764950963
764951348
764951600
764951944
764952058
764953220
764953482
764954614
764955663
764955746
764956219
764956243
764957059
764957314
764958601
764958608
764958705
764959504
764961111
764961720
764962880
764964032
764964310
764964750
764965914
764965954
764966105
764966501
764966889
764967711
764968261
764968539
764968808
764969380
764969864
764970392
764971776
764972460
764972841
764973190
764973237
764975443
764975675
764976021
764978815
764980562
764981114
764982228
764983922
764983959
764984211
764987736
764988033
764990122
764990866
764991434
764991960
764992441
764992459
764993366
764993922
764993985
764994391
764998098
764999456
764999802
765000132
765000326
765000774
765001215
765001416
765003037
765003531
765003817
765004881
765005094
765007274
765008668
765009890
765010584
765011982
765012710
765013548
765016386
765017397
765018117
765020885
765021503
765023475
765024137
765024742
765024923
765025776
765029759
765030357
765031041
765031967
765032028
765032752
765032921
765033217
765033369
765033503
765033987
765034103
765034238
765034482
765037045
765037765
765037793
765038536
765038734
765038854
765039808
765040117
765040493
765040814
765042131
765044402
765044640
765046309
765046571
765047713
765049800
765050428
765051789
765053089
765053266
765053815
765054148
765054375
765054416
765055143
765055933
765056084
765057177
765058380
765059220
765060396
765063643
765063772
765064177
765064344
765065050
765065238
765065554
765065806
765065911
765066209
765067347
765067690
765068512
765068821
765069015
765069284
765070117
765070364
765073214
765073989
765075045
765075838
765077285
765078787
765079342
765081915
765083604
765083887
765084167
765084172
765084651
765085135
765086329
765086765
765090276
765090559
765091563
765092853
765092974
765093209
765094128
765095478
765096274
765096316
765096458
765096627
765098020
765098740
765101521
765102131
765103501
765103570
765104132
765104227
765104599
765105069
765105073
765107033
765107167
765107317
765108428
765108796
765109204
765109356
765110129
765110182
765111130
765111716
765111718
765111928
765112393
765112707
765114195
765114302
765114456
765114654
765114886
765118044
765119900
765120040
765120292
765120472
765121147
765121196
765121738
765122937
765123157
765124719
765125250
765125404
765126166
765127462
765128622
765128956
765130353
765132740
765132832
765133565
765133717
765134399
765134750
765135747
765137000
765138221
765140248
765140342
765140876
765141172
765141536
765141564
765143301
765143382
765143811
765144632
765146356
765147970
765149117
765149181
765151642
765152408
765152907
765153147
765153723
765153908
765153957
765154923
765156052
765157875
765158115
765158428
765159035
765159856
765159977
765160500
765162295
765162424
765162575
765163105
765163846
765165455
765166221
765166672
765167329
765167986
765168052
765168430
765168734
765170198
765171028
765171114
765171759
765173738
765174849
765175983
765176487
765179991
765181412
765182494
765182926
765183089
765183548
765183591
765184305
765184462
765184724
765185553
765185703
765185824
765186076
765186155
765186601
765186987
765187215
765187278
765187932
765188155
765188245
765190582
765192976
765193336
765194406
765194910
765195274
765195974
765196136
765196257
765196649
765198267
765198387
765198625
765199440
765200101
765200556
765200858
765201677
765201927
765202519
765202526
765203734
765205723
765207264
765207801
765207990
765208081
765208272
765208568
765209266
765210307
765210939
765211507
765211612
765213755
765213851
765214350
765214782
765214929
765216364
765217199
765217414
765217644
765217787
765217855
765218990
765219516
765219781
765220268
765220636
765221237
765222268
765223296
765223910
765225612
765225759
765225985
765226239
765226989
765227916
765228585
765228720
765228967
765229508
765230072
765230086
765230791
765231154
765232923
765234002
765234760
765235123
765236132
765237259
765238043
765238074
765238219
765238526
765238850
765239797
765240738
765241775
765241904
765243237
765243299
765243972
765244174
765246645
765248972
765249285
765250340
765250389
765251166
765251777
765252021
765253080
765253081
765253392
765253556
765253627
765254853
765255653
765256631
765256695
765256793
765257939
765258678
765258790
765258996
765259064
765259263
765259600
765259601
765259828
765260145
765260179
765260385
765260739
765261009
765261907
765261971
765262730
765263528
765265238
765265850
765266341
765266417
765266455
765266664
765267543
765269099
765270028
765271139
765271334
765271367
765272865
765273237
765273494
765274259
765274427
765274784
765274912
765275337
765275427
765275603
765277319
765277555
765277823
765278838
765279571
765279891
765279942
765280172
765280541
765280996
765281828
765281855
765282307
765282549
765283398
765284941
765285609
765285999
765286484
765287362
765287702
765289055
765289793
765289958
765290120
765290379
765290420
765290905
765291181
765291709
765291837
765292344
765292856
765293990
765295798
765297067
765297253
765297772
765298079
765298128
765298218
765298235
765298239
765298771
765298784
765299423
765299724
765299747
765300087
765300135
765300868
765302462
765303369
765303596
765304004
765304952
765305400
765305899
765307173
765307439
765309352
765309855
765310480
765313482
765313625
765314614
765314854
765314972
765315999
765316004
765316640
765317252
765318401
765318885
765318960
765319459
765319738
765320615
765321281
765321298
765321322
765321528
765321529
765322754
765325633
765326273
765326702
765327717
765328120
765328752
765330338
765330437
765332426
765332962
765334873
765335114
765335286
765335987
765336645
765338135
765338589
765338895
765338898
765340783
765341472
765342428
765342901
765343749
765343850
765344212
765344570
765344610
765345227
765345260
765345339
765346186
765346632
765346820
765347400
765347716
765348133
765348802
765349552
765354284
765354869
765355713
765355749
765355799
765355803
765355893
765356184
765356210
765356512
765357021
765357039
765357155
765357853
765358257
765360596
765360805
765360829
765361024
765361282
765361342
765364043
765364047
765365410
765366005
765367230
765367440
765367695
765367771
765367791
765369129
765369569
765369951
765370309
765370570
765370586
765371252
765371256
765371594
765371929
765374545
765377194
765377952
765377995
765378204
765378692
765379367
765380454
765380665
765380928
765381060
765381295
765383289
765383722
765384963
765385164
765385304
765386701
765386906
765387479
765388436
765390748
765390863
765391373
765392294
765393329
765394483
765396003
765396596
765396809
765397616
765398375
765398856
765399440
765400058
765400399
765400864
765401485
765402450
765402623
765402659
765404775
765405828
765405900
765406735
765408152
765408182
765408433
765408796
765410122
765410300
765410551
765410943
765411282
765411333
765411459
765412461
765412707
765413903
765414159
765414595
765414721
765415583
765415842
765415940
765416146
765416264
765416710
765416898
765416990
765418161
765418685
765418692
765419211
765419449
765419460
765419691
765419855
765419865
765422415
765422450
765424521
765424910
765425055
765425649
765426794
765427720
765428269
765428337
765428862
765429069
765430287
765430565
765432432
765432777
765433835
765435600
765435803
765436839
765437321
765437989
765439845
765440046
765440589
765441007
765441701
765442046
765442264
765443090
765443629
765444116
765445678
765445896
765445903
765446651
765447354
765448487
765448525
765449172
765449880
765450166
765452380
765453371
765453827
765453851
765453973
765454982
765455759
765456824
765456860
765457424
765457551
765457817
765458423
765460006
765460961
765461686
765462557
765462651
765462717
765463418
765463822
765463864
765463974
765464564
765465564
765466174
765466694
765467080
765467837
765468758
765469490
765470518
765470810
765472480
765472929
765473138
765473629
765473733
765475408
765476880
765478195
765480262
765480291
765480681
765482984
765487455
765487583
765487838
765487850
765488877
765489470
765490689
765491674
765492415
765493001
765493528
765494172
765497393
765498310
765500017
765501081
765504630
765505472
765507701
765509710
765513982
765514471
765514843
765516809
765517200
765517638
765519546
765520494
765524509
765524877
765525673
765526889
765526982
765527775
765529962
765530418
765531057
765531093
765535086
765535130
765538285
765538856
765539154
765539265
765539355
765540304
765541453
765541866
765542044
765542472
765543721
765544854
765547492
765547530
765548482
765548702
765549261
765549834
765550204
765550514
765552126
765553311
765554095
765554324
765554821
765555786
765556010
765556589
765556983
765559629
765560257
765561437
765561932
765563018
765564544
765564614
765565359
765565450
765565765
765565958
765566256
765566310
765567127
765567598
765567855
765569809
765571102
765571164
765571645
765571993
765572158
765572219
765573891
765574275
765575573
765575621
765576866
765577027
765578587
765579770
765580462
765581375
765581768
765581840
765582484
765582578
765583068
765583948
765587066
765587392
765588676
765588794
765588938
765590185
765590317
765591434
765591995
765593137
765594189
765594385
765594773
765594852
765595493
765595893
765596567
765597356
765597389
765598497
765598690
765599252
765600027
765600780
765600892
765603837
765604296
765604517
765604699
765605495
765606311
765606312
765606707
765607531
765607536
765609611
765610734
765611652
765613437
765613793
765614822
765616599
765617865
765620393
765621318
765621683
765621929
765622615
765622966
765624283
765625135
765625190
765625810
765626916
765629150
765630374
765631649
765631967
765633556
765634121
765636715
765637726
765638806
765640398
765641178
765641642
765641859
765642143
765642782
765645131
765647421
765647744
765648311
765648936
765649689
765650347
765650797
765650951
765652825
765653971
765654683
765654826
765655613
765655773
765656502
765656827
765657297
765657610
765659112
765660841
765661752
765664461
765667954
765669736
765670959
765672830
765673144
765675201
765678309
765678804
765679866
765680257
765680581
765682129
765682634
765684672
765684724
765684973
765685146
765685267
765685704
765685960
765686445
765687125
765689790
765690643
765691203
765691587
765691692
765692361
765693514
765693593
765694984
765695392
765695522
765695700
765695775
765697595
765697652
765699329
765699465
765701777
765702490
765702588
765703074
765703217
765704032
765705071
765705507
765706043
765706699
765711476
765712379
765713390
765713548
765715849
765716308
765716396
765717523
765717799
765719280
765719894
765721081
765721856
765722174
765722352
765722918
765723055
765723189
765724285
765726121
765726875
765728946
765729000
765729311
765730548
765730823
765732105
765735060
765735351
765736259
765736378
765736933
765737654
765740467
765741736
765742207
765744091
765745391
765745482
765745902
765748084
765749963
765750234
765750683
765752881
765753114
765754765
765755084
765755214
765756222
765758302
765758304
765758548
765758558
765759358
765760847
765761403
765763304
765763428
765763868
765764156
765764256
765766623
765767354
765768189
765768669
765769253
765770564
765772924
765773357
765773463
765775552
765776739
765778253
765778327
765778955
765781572
765781785
765781973
765782097
765786463
765789105
765789962
765790056
765792175
765793288
765793409
765794579
765794613
765794936
765796452
765797834
765798469
765799722
765800093
765800661
765801070
765801907
765802099
765803674
765804440
765806155
765807022
765807510
765808095
765808400
765808961
765810075
765810344
765813535
765813888
765815179
765817142
765817815
765819963
765819965
765821007
765822174
765822998
765824697
765825521
765826256
765829304
765829903
765830368
765830808
765831937
765832525
765833471
765835114
765835722
765836941
765838373
765842791
765843576
765843798
765844924
765846633
765847766
765848347
765849016
765849333
765849787
765849936
765850014
765850999
765854004
765854523
765856187
765857168
765860793
765863719
765868208
765868702
765871418
765872447
765872823
765872919
765872949
765873340
765873522
765873688
765876248
765876506
765876522
765878314
765881264
765887750
765889813
765891611
765892074
765893832
765897120
765897249
765899577
765901822
765902936
765904032
765904118
765905588
765905592
765906808
765908308
765908378
765909976
765910319
765910550
765911835
765911922
765913188
765915560
765917947
765918429
765918862
765920061
765921968
765922167
765924470
765924948
765928393
765928500
765931350
765931777
765932429
765932679
765933789
765933939
765934837
765935282
765935411
765935572
765936331
765939368
765939640
765939950
765941358
765944268
765944596
765946700
765949668
765950280
765950637
765951591
765951858
765952121
765952265
765952661
765953239
765953494
765954084
765954182
765954390
765954520
765954653
765955858
765957242
765958489
765961211
765962997
765965385
765966831
765967050
765969362
765969884
765972615
765972916
765974367
765978112
765983854
765983858
765985027
765990625
765990789
765991374
765993403
765994922
765995121
765995773
765996510
765996660
766001541
766002416
766007245
766008419
766008709
766009867
766010973
766011258
766011638
766011782
766012523
766012973
766013399
766014752
766014859
766015347
766016976
766017052
766017331
766017971
766018335
766018365
766018550
766018843
766019448
766020225
766020250
766020645
766020668
766020930
766024084
766027136
766027299
766027393
766027581
766028110
766029063
766029921
766030308
766031701
766031746
766032121
766032228
766033369
766035107
766037102
766037861
766038198
766038562
766039349
766040551
766041688
766043621
766043770
766044315
766046197
766047472
766048080
766048560
766048567
766050198
766050205
766050794
766050874
766051839
766052303
766053959
766054625
766055529
766057275
766057690
766057841
766059024
766059279
766059359
766059415
766059495
766060813
766061772
766062009
766063070
766065718
766067025
766067295
766067518
766069885
766070810
766074892
766076096
766076138
766076197
766077359
766077828
766077943
766081560
766082255
766082404
766084075
766084165
766084609
766087425
766090440
766091419
766092424
766092622
766092689
766092725
766092876
766093495
766093993
766094181
766094345
766094500
766095082
766095837
766096119
766096414
766096468
766096950
766097527
766106160
766106270
766106424
766107235
766107756
766107812
766109151
766109264
766110512
766113864
766115027
766115338
766115390
766116640
766116733
766117152
766117177
766117557
766118021
766119453
766119751
766119912
766120054
766120157
766120437
766120747
766121026
766121061
766121191
766121554
766121868
766122804
766122851
766123984
766124426
766124442
766125036
766125328
766125531
766127268
766127649
766127704
766129553
766130539
766130597
766130748
766132125
766132215
766132330
766132502
766132605
766134697
766134763
766135038
766135934
766135982
766137617
766145772
766145773
766145775
766145795
766145940
766146360
766147365
766147663
766148531
766149175
766149797
766150640
766151197
766152247
766152620
766152986
766156568
766156632
766156959
766158405
766158836
766159607
766160054
766160202
766160511
766161128
766161150
766162037
766162754
766163348
766163485
766164142
766164149
766165175
766166917
766167115
766168787
766169771
766169911
766170360
766171697
766172973
766173010
766173808
766173885
766174494
766175099
766175244
766175608
766176298
766177239
766177818
766178739
766179690
766180021
766180864
766181951
766182848
766183681
766184084
766184257
766184395
766185507
766185746
766185770
766185927
766186093
766186289
766186807
766188046
766188656
766188950
766190230
766190800
766191244
766191846
766191965
766191986
766192171
766192397
766193234
766193502
766193634
766194898
766195194
766195790
766197657
766197870
766198601
766199147
766200641
766200775
766200964
766201073
766201118
766201148
766201467
766201666
766201779
766204390
766204579
766204863
766205019
766205083
766205664
766206635
766208565
766211697
766212095
766212716
766213237
766213556
766213587
766214402
766214958
766214960
766216692
766217410
766217437
766218132
766218347
766219338
766219971
766220753
766221037
766221088
766221529
766222231
766222304
766222798
766222998
766223038
766223353
766223448
766223491
766223901
766224160
766224234
766224247
766226049
766226067
766226087
766227904
766228629
766229260
766229342
766229996
766230611
766231174
766231379
766232529
766232723
766233543
766235280
766237176
766237426
766238120
766239325
766241019
766241105
766241497
766241606
766243590
766244549
766245002
766245557
766246410
766247254
766247457
766247807
766248037
766251099
766251705
766251943
766252642
766253056
766253725
766254046
766255114
766257010
766258163
766258651
766259156
766259608
766261545
766261583
766261617
766261663
766262565
766264692
766264918
766265260
766266803
766268076
766269296
766270821
766271149
766273296
766273820
766274980
766275347
766275483
766276075
766276084
766276102
766276719
766277725
766281076
766282498
766283278
766283506
766284497
766284867
766284997
766285566
766286045
766286667
766286731
766286810
766287700
766287870
766288174
766288339
766289692
766289956
766289970
766290129
766290568
766290578
766291171
766293393
766295302
766295367
766296354
766296797
766296805
766297855
766297901
766299247
766299791
766300536
766300698
766301193
766301442
766301800
766301896
766301925
766303846
766304423
766304446
766305217
766305809
766307403
766307518
766307559
766307852
766308321
766308480
766308537
766311651
766311694
766312423
766312539
766313106
766313961
766314038
766314144
766314231
766316189
766316633
766319663
766320249
766321693
766321899
766322374
766323294
766324632
766326831
766326845
766327155
766327304
766330897
766331590
766334166
766334327
766335600
766336626
766337311
766337535
766340227
766340481
766341642
766342170
766342421
766343056
766343443
766344509
766346432
766347470
766348530
766352005
766353027
766353481
766354217
766355590
766356166
766356290
766357553
766357894
766358787
766359837
766360374
766362276
766363096
766363668
766368142
766368616
766369806
766370623
766371294
766371587
766372101
766372271
766373108
766373840
766376164
766376370
766377287
766379519
766379931
766380124
766380694
766384718
766388699
766392058
766393986
766395210
766395259
766395607
766396422
766396561
766397601
766397858
766399212
766399434
766400219
766404106
766404700
766406451
766408768
766411821
766412457
766412795
766414600
766415981
766416135
766416406
766418347
766421169
766421556
766421723
766424584
766426473
766426711
766426927
766428298
766430546
766431859
766431991
766432825
766437263
766438552
766438686
766439526
766439604
766439642
766441402
766444265
766445882
766447489
766448206
766448947
766453301
766453838
766454539
766456545
766456732
766456829
766456834
766457206
766460597
766461176
766462357
766468368
766468826
766471532
766475522
766475586
766476486
766476511
766476613
766477240
766479864
766481244
766482897
766487200
766487849
766489246
766492756
766493054
766495016
766495271
766495477
766496628
766497679
766503112
766503867
766504231
766505259
766505546
766505725
766508660
766508754
766509510
766509801
766512731
766513574
766518622
766519559
766522305
766522328
766523970
766524524
766524561
766526697
766527053
766530279
766532976
766538085
766540329
766541711
766541904
766543214
766543461
766544016
766544042
766545230
766546047
766547118
766550721
766554043
766557135
766559261
766560563
766560858
766561287
766563413
766563814
766564737
766565363
766565407
766567300
766571860
766571943
766572457
766573679
766581267
766582001
766583527
766584556
766585663
766587874
766590576
766592449
766595865
766598827
766599097
766599736
766605154
766606699
766608480
766610764
766611817
766612046
766612206
766613098
766613495
766613957
766615194
766615331
766616811
766616830
766617139
766621046
766621573
766623035
766623477
766623575
766625575
766625784
766626142
766626148
766626630
766627139
766628615
766629745
766635731
766638672
766638817
766639049
766641105
766641333
766642665
766642666
766643515
766644911
766645047
766646768
766648471
766648706
766651388
766651470
766651573
766652700
766653545
766653554
766654654
766654961
766655038
766655460
766655814
766656902
766658187
766662126
766663353
766664637
766664858
766664866
766665177
766665179
766666739
766667031
766668335
766668572
766669474
766671117
766671743
766672139
766673420
766673635
766674342
766675234
766676691
766677293
766678209
766678795
766681099
766681576
766684232
766684973
766686284
766686622
766687474
766692782
766692996
766693067
766693099
766693505
766695873
766696186
766696437
766696992
766697529
766697665
766698782
766699176
766699301
766705603
766708686
766710590
766710747
766711063
766711076
766714746
766715300
766715520
766718109
766718347
766719130
766721229
766721302
766721311
766721584
766721624
766723108
766723281
766725013
766725982
766726440
766726609
766726992
766727647
766727652
766728600
766728917
766728989
766729979
766730584
766731405
766734968
766736830
766736947
766737371
766737638
766737771
766737949
766742622
766742806
766743326
766745843
766746643
766747185
766747382
766754647
766754779
766755631
766758376
766759384
766759509
766762291
766763639
766767942
766770340
766770521
766773457
766773458
766776965
766778825
766779480
766779490
766779825
766780986
766781986
766782167
766782591
766785825
766786379
766786976
766787179
766788232
766788400
766788542
766788810
766791339
766791340
766792791
766795198
766796026
766796662
766799341
766800029
766800166
766800245
766801168
766802946
766804942
766805415
766806369
766807371
766808610
766809678
766810670
766812522
766813588
766815591
766815958
766817721
766818685
766819000
766821817
766824257
766826054
766826055
766826413
766826836
766829360
766831209
766831285
766832252
766832929
766834523
766835639
766835950
766839374
766841120
766842036
766845338
766847153
766848526
766848873
766852292
766853056
766853377
766856312
766860396
766865126
766865416
766865630
766868378
766869493
766872747
766873136
766876761
766877235
766878613
766882513
766883017
766887457
766887527
766889777
766890228
766890556
766890702
766890729
766893376
766894721
766895787
766896522
766897365
766897819
766898510
766898578
766900780
766902440
766902777
766907568
766908284
766908358
766908661
766909378
766910090
766910327
766910525
766914260
766915374
766915592
766916704
766917412
766917833
766917995
766918873
766919748
766921636
766922858
766925054
766926464
766927329
766933134
766936789
766939385
766940000
766943200
766943738
766943765
766944160
766946079
766946887
766947164
766947415
766948651
766949816
766950131
766953011
766953434
766958273
766959935
766959977
766960258
766962800
766963155
766966427
766967043
766969730
766973226
766974647
766976523
766976529
766976587
766978053
766979900
766981027
766983041
766985036
766986436
766986986
766987514
766987799
766990284
766993970
766994257
766994722
766994770
766994951
766995796
766996847
766997343
766998699
766998939
766999710
767001513
767001868
767002539
767006923
767009637
767012266
767014482
767014770
767014868
767015775
767017136
767017416
767018059
767018819
767019133
767020703
767020869
767021884
767023794
767023893
767023938
767025150
767025208
767026393
767027033
767027568
767027590
767027964
767028275
767029131
767029225
767029347
767029742
767030445
767031087
767032075
767032208
767032721
767033497
767033708
767033853
767034261
767034766
767035468
767036614
767036805
767037046
767037627
767040719
767041567
767041602
767042427
767042650
767043833
767043835
767044146
767044407
767044454
767045447
767046135
767046630
767046789
767047947
767048113
767048628
767048808
767049614
767050881
767050965
767050980
767052011
767052191
767052790
767052869
767053520
767054579
767055083
767055821
767055860
767056409
767056992
767057496
767058852
767059416
767059760
767059869
767060146
767060769
767060954
767061064
767061748
767062252
767063010
767063164
767063550
767063823
767063988
767064513
767065355
767065503
767065604
767066563
767066813
767068066
767068170
767069375
767071377
767071746
767071887
767072116
767072220
767072474
767072479
767073017
767073592
767074809
767075634
767075963
767076203
767076639
767076903
767077554
767080205
767080267
767080320
767081642
767082318
767083397
767085361
767086302
767086687
767086983
767087004
767087969
767088007
767088967
767089348
767089574
767090559
767090822
767091811
767092149
767092550
767092616
767092721
767092918
767093689
767094800
767095071
767095150
767095176
767095408
767098319
767099117
767099270
767099361
767100317
767100759
767103044
767103133
767103995
767104750
767105840
767105978
767106366
767106724
767106764
767106804
767107132
767108228
767108617
767109594
767110578
767111336
767112249
767113713
767113718
767114310
767115248
767115340
767118841
767119360
767120314
767121459
767121470
767123165
767123893
767124721
767126644
767127184
767127501
767127598
767127782
767129256
767129626
767129733
767130083
767130154
767130798
767133377
767134266
767134314
767135903
767136539
767136541
767136879
767137262
767137866
767138061
767138244
767139572
767139978
767140077
767140265
767142200
767142798
767143071
767143207
767143318
767143512
767143722
767143947
767144191
767145100
767145425
767146159
767146465
767147582
767147728
767148592
767148769
767149031
767149589
767149911
767150993
767151442
767153294
767153407
767153901
767154548
767155295
767155482
767155486
767155502
767158473
767158580
767158850
767158947
767160550
767161543
767161784
767162527
767162771
767162781
767163298
767166909
767167155
767168600
767169277
767169444
767170631
767171149
767171933
767172044
767172661
767173061
767173313
767173702
767173781
767174567
767174649
767175167
767175175
767175823
767175855
767176429
767176659
767177500
767177579
767177854
767178032
767178690
767178708
767179181
767179678
767179966
767180247
767183735
767184037
767184430
767185019
767185366
767186721
767186864
767187940
767189438
767189904
767189905
767190113
767191571
767192106
767192614
767193620
767194763
767195372
767195622
767197315
767209349
767209918
767210810
767211329
767211745
767212008
767213311
767213922
767214097
767214728
767215355
767216527
767217261
767217614
767218830
767222090
767222595
767222717
767226270
767226804
767227416
767228249
767228259
767228515
767229765
767230113
767230195
767230327
767230865
767231291
767232880
767233200
767233925
767236015
767236308
767236464
767236656
767236876
767237198
767239562
767240775
767241134
767242770
767243563
767244166
767244171
767244373
767244498
767245091
767246681
767246924
767247338
767247530
767247719
767248186
767249164
767249241
767249627
767250340
767250575
767250925
767251032
767251128
767252116
767252222
767253003
767253529
767253840
767253946
767254052
767254518
767256507
767258433
767260139
767260616
767261746
767261807
767266548
767267314
767268359
767269361
767269786
767272467
767272513
767275759
767275940
767276032
767276107
767276223
767276397
767276729
767276745
767276748
767277801
767278446
767278701
767279589
767280112
767283108
767284609
767285557
767286119
767286903
767287600
767287908
767288796
767290278
767290956
767290992
767291398
767292073
767293116
767293419
767294259
767294383
767295753
767295924
767298299
767298958
767301108
767301460
767301519
767303255
767303365
767305218
767305902
767308830
767309088
767310186
767316094
767317770
767325233
767325302
767328879
767330239
767330941
767333027
767333214
767333888
767333951
767334079
767334848
767338057
767338679
767339892
767348412
767351677
767351962
767359921
767370098
767370485
767370512
767372905
767375543
767377620
767378488
767379428
767382501
767383628
767384046
767385696
767386443
767394821
767404930
767406039
767406963
767410071
767410260
767411817
767414498
767415034
767428035
767429239
767429332
767429362
767431112
767432019
767435302
767438053
767440679
767441809
767441874
767442777
767443549
767443837
767444646
767447458
767447685
767448033
767451007
767452012
767453859
767454190
767454511
767456243
767456892
767457998
767460797
767461291
767466168
767467626
767469362
767472035
767474774
767475510
767476259
767477903
767479297
767479550
767479684
767480409
767481899
767482214
767482746
767484783
767486259
767486697
767491078
767496355
767497013
767503730
767521019
767524202
767526182
767527783
767528643
767531351
767531576
767531638
767532210
767536548
767538500
767546030
767546879
767552621
767553243
767554589
767558916
767559830
767559907
767560444
767569331
767585904
767586774
767587419
767588396
767590555
767590594
767590770
767591068
767591442
767592301
767595054
767596124
767596837
767598063
767599475
767599716
767601314
767601724
767601836
767602161
767603638
767604071
767604142
767604240
767604642
767606053
767606065
767606474
767608999
767609315
767610141
767611666
767612548
767613121
767613519
767613549
767613601
767614433
767614687
767615449
767616331
767616721
767617688
767621105
767624658
767625394
767625912
767628347
767629703
767632716
767632800
767632934
767633217
767633823
767634035
767634293
767634966
767635379
767635588
767637525
767637852
767638850
767639317
767639962
767641283
767641858
767642225
767642247
767644893
767645963
767647486
767648881
767649463
767650062
767650163
767651378
767652356
767653513
767654394
767655028
767656264
767658330
767658620
767659419
767660713
767661710
767662021
767665854
767666220
767666480
767667032
767667298
767667491
767667638
767668165
767668548
767670040
767671935
767673189
767673413
767674433
767675069
767675910
767676078
767676675
767677010
767677283
767678056
767678734
767678866
767680364
767681806
767681807
767684123
767684328
767684534
767684981
767685016
767685312
767685632
767685997
767686040
767687647
767687901
767689663
767689750
767691829
767692042
767692094
767692550
767692609
767693716
767695709
767696806
767697389
767698408
767698823
767700205
767702843
767704289
767704511
767706277
767706310
767710200
767711020
767711535
767712261
767713310
767713710
767713882
767714320
767716857
767716907
767717208
767718186
767722553
767723030
767727733
767728210
767728425
767731427
767731458
767733357
767734380
767734463
767736900
767737500
767739586
767739805
767740782
767745028
767749533
767750213
767750400
767751332
767752968
767753178
767754103
767755915
767756236
767757891
767759654
767761326
767762258
767762670
767762884
767763219
767772041
767772052
767772248
767772445
767774710
767779985
767782967
767783805
767784412
767784879
767791314
767791327
767795643
767795831
767796359
767798008
767798114
767799124
767799623
767801645
767804210
767806662
767807912
767810230
767810386
767814203
767814214
767816375
767817065
767817505
767819252
767819965
767822773
767823161
767825193
767825924
767826960
767830128
767830602
767834106
767837724
767847691
767848277
767849291
767850131
767851285
767852339
767852809
767856943
767856961
767857424
767860002
767860863
767862936
767866817
767868699
767869391
767869425
767874443
767876274
767877396
767877547
767881905
767886212
767886933
767886939
767891191
767891695
767891976
767893671
767895281
767895994
767899480
767905526
767906961
767907647
767912138
767912501
767914179
767915572
767915747
767916770
767918131
767919181
767919982
767922044
767922186
767922564
767922782
767923216
767923422
767923754
767923903
767926198
767926970
767927177
767929414
767929946
767933293
767935359
767936082
767936815
767938396
767940322
767941532
767942751
767944171
767947780
767947875
767948402
767949133
767949848
767949991
767950247
767950954
767952534
767953126
767953308
767953585
767954428
767955169
767955346
767956006
767957642
767962417
767963011
767965703
767969276
767971207
767972470
767973082
767973356
767975736
767980826
767982331
767986508
767986608
767987507
767987594
767993347
767994837
767996885
767996967
768001226
768003953
768007311
768008158
768009397
768009536
768009658
768010189
768010265
768012051
768012468
768013865
768015243
768016618
768017461
768018593
768019984
768020777
768021660
768023226
768026325
768032111
768034762
768034890
768039083
768041595
768041721
768041995
768042708
768043506
768045628
768046184
768047690
768049143
768049519
768051804
768057191
768060253
768061021
768065421
768065529
768066873
768068509
768068618
768069153
768069974
768073887
768076022
768082009
768082656
768084270
768090051
768090695
768091625
768102835
768109722
768110588
768111066
768111323
768116497
768116529
768118249
768121027
768122771
768124241
768127566
768127865
768128205
768128823
768130041
768133044
768137812
768143942
768144214
768149068
768149517
768152374
768158431
768158521
768159751
768166588
768166801
768172119
768173701
768176200
768176677
768177100
768180540
768185304
768185312
768186214
768188908
768195216
768195997
768200400
768201634
768202966
768204482
768207360
768224510
768232770
768237430
768251305
768252382
768253722
768260559
768262100
768263085
768263127
768264144
768264770
768267709
768269912
768272130
768274823
768277682
768279717
768286778
768287115
768287788
768288333
768288670
768289559
768307308
768310019
768310730
768311080
768311432
768311527
768314250
768315071
768317140
768317501
768319297
768321616
768321646
768321696
768321967
768325130
768338828
768346460
768347144
768348540
768349346
768352243
768356273
768357339
768358280
768365796
768368140
768371136
768379249
768379623
768386291
768391434
768394382
768398078
768399294
768401684
768402263
768402815
768406523
768407892
768411662
768412326
768414082
768417747
768421348
768424686
768424726
768425757
768430552
768434451
768434850
768434973
768442081
768444532
768448197
768452672
768456087
768461263
768461834
768463578
768464354
768465723
768466312
768467547
768471343
768471376
768472125
768475086
768482584
768482717
768484179
768486257
768489265
768495879
768499011
768504818
768505408
768511847
768512124
768513173
768516393
768518152
768518617
768519715
768519824
768521084
768524345
768524423
768524934
768526308
768528169
768530240
768530848
768534311
768535531
768535611
768539157
768541623
768544213
768557833
768561829
768562611
768566772
768569349
768569530
768576941
768577191
768577840
768579067
768579379
768581724
768584906
768586485
768589878
768591949
768592282
768593178
768596353
768597516
768599488
768599515
768601400
768601462
768606496
768606563
768610317
768613018
768622545
768627629
768629446
768630038
768630819
768631937
768632835
768636602
768638044
768641031
768643241
768645153
768645616
768646528
768646619
768648273
768649475
768649888
768649905
768654934
768660516
768669817
768670485
768671896
768672487
768685526
768685859
768686502
768694299
768694396
768700838
768703428
768707279
768715513
768722141
768726397
768727172
768728806
768729709
768730557
768734817
768737829
768738986
768739613
768751023
768751114
768751968
768752020
768763961
768767355
768767808
768767922
768767945
768771537
768771973
768773612
768774074
768780795
768782618
768784603
768785244
768787362
768790387
768792404
768793348
768794339
768797065
768804684
768805354
768805971
768806201
768810182
768811353
768815264
768815691
768816375
768816724
768817154
768817638
768817893
768819330
768823413
768823972
768824557
768825286
768826639
768828938
768829859
768831804
768832076
768832907
768833017
768834221
768837499
768839046
768843649
768844169
768844655
768845319
768847075
768848446
768850128
768851491
768852697
768854577
768859003
768863383
768869184
768874222
768874958
768876528
768876712
768877936
768877984
768879226
768881710
768885413
768888805
768893612
768895123
768900869
768904069
768904083
768904942
768905312
768907370
768907470
768912175
768913138
768913572
768915626
768917000
768920042
768926699
768926881
768927182
768929279
768930409
768939930
768945230
768951776
768954011
768954333
768959336
768960304
768964212
768965710
768968889
768969675
768975949
768986488
768988848
768988855
768992549
768999516
769002986
769004030
769005347
769010331
769010652
769013431
769014067
769020930
769024053
769029056
769029139
769033440
769038155
769040399
769042719
769043267
769044140
769047747
769050962
769057283
769064680
769069682
769070751
769070760
769072724
769074324
769075639
769076201
769077743
769077848
769080904
769083604
769085347
769088443
769091170
769092466
769095690
769095828
769098018
769102628
769103521
769106893
769108608
769109470
769110069
769113024
769121792
769123588
769125879
769125969
769131109
769134174
769134365
769135872
769136040
769139448
769140883
769143522
769145076
769145887
769146764
769146829
769155769
769156700
769157164
769165713
769170963
769174250
769183537
769185043
769185780
769201727
769204212
769207593
769211367
769213234
769214848
769218246
769224213
769231253
769233201
769236797
769237074
769237169
769237471
769238063
769245279
769249757
769264190
769270498
769274018
769274364
769275720
769276671
769279265
769283638
769289317
769290160
769294174
769296260
769296576
769300853
769322329
769335142
769335175
769340386
769340612
769343059
769346386
769357822
769366961
769371526
769376568
769378944
769380173
769380210
769382296
769386530
769407321
769408799
769408900
769409338
769416095
769422071
769422924
769425260
769426604
769430036
769436394
769436645
769439236
769441385
769441633
769443409
769445826
769446810
769447153
769448299
769450575
769451142
769451881
769461698
769462249
769464878
769470135
769472503
769472664
769475224
769478639
769479629
769481269
769492619
769493482
769496221
769497264
769498253
769498790
769500938
769505327
769505567
769506371
769516617
769518703
769518946
769520182
769521978
769522404
769544329
769546319
769552896
769554357
769557729
769576644
769586797
769587806
769588305
769588424
769589154
769592088
769593510
769596611
769597834
769602600
769613380
769614234
769615613
769616374
769620283
769627244
769630394
769630571
769634707
769637125
769645006
769651615
769652962
769653553
769660919
769661216
769661657
769663056
769664363
769669917
769672303
769680370
769688068
769694102
769695282
769698505
769709604
769710784
769712967
769716117
769722864
769746198
769758774
769762278
769766642
769769347
769781839
769783152
769783915
769784005
769786894
769793978
769801801
769810869
769820161
769821996
769828041
769832939
769836577
769843774
769844083
769848963
769859939
769860140
769869223
769870272
769873541
769873687
769876945
769880475
769882564
769884502
769895235
769903502
769903710
769904162
769905974
769907396
769909833
769911812
769912541
769914770
769916246
769916697
769919724
769923657
769923901
769925020
769934557
769937905
769937984
769939450
769941481
769942605
769944729
769951956
769952358
769959211
769960198
769963603
769964637
769967635
769967841
769968576
769973365
769980691
769985894
769986406
769986478
769994908
769997549
769997782
770000203
770001000
770005635
770017758
770025289
770026884
770028646
770035342
770049147
770050502
770052911
770055928
770070924
770073135
770074136
770079036
770082499
770083913
770093082
770096391
770100419
770104216
770105342
770105360
770107887
770108937
770110781
770112667
770113790
770114053
770120467
770124121
770126785
770132927
770135186
770139187
770156044
770156609
770167121
770170144
770185659
770188467
770190076
770204131
770219743
770221575
770223961
770230124
770235886
770256780
770257972
770266862
770273719
770277344
770290297
770333863
770339146
770341249
770355933
770358706
770362430
770364302
770374702
770378735
770378949
770384133
770394548
770404648
770408381
770409184
770411095
770417805
770418879
770421298
770424982
770425392
770425545
770427030
770429081
770431377
770438022
770438927
770502495
770504149
770505349
770543519
770545903
770546286
770548620
770550704
770551931
770554622
770556183
770558549
770561303
770561953
770573968
770586149
770586699
770587461
770591953
770594954
770597497
770599313
770603117
770608080
770610783
770612195
770614402
770616585
770617125
770617134
770622629
770628253
770629179
770629180
770629259
770629586
770629648
770630258
770630264
770630505
770630805
770631584
770632029
770632499
770632667
770633166
770633382
770633775
770634099
770636357
770637392
770637394
770637531
770637717
770639577
770639866
770640384
770640602
770641698
770644139
770645085
770645601
770645736
770647182
770647355
770647577
770647849
770648967
770649114
770649410
770650018
770650155
770651419
770651970
770652060
770652258
770653509
770653923
770654926
770654927
770655158
770655515
770655586
770656373
770656422
770656650
770656914
770657120
770658601
770660463
770660647
770660891
770661274
770661744
770664750
770665492
770665860
770666044
770666553
770667370
770667815
770668137
770668338
770669115
770669908
770670974
770671242
770672156
770672174
770672805
770672982
770673093
770673925
770674117
770674230
770674352
770674815
770674999
770675178
770675410
770675512
770675610
770676336
770677660
770678185
770679025
770680451
770680476
770680763
770681918
770682470
770683102
770683814
770684040
770684085
770684480
770684501
770684564
770684674
770686882
770687226
770687620
770688480
770688512
770688692
770688781
770689107
770689435
770691194
770691380
770691814
770692296
770694097
770694342
770695218
770696733
770697595
770697659
770699274
770699975
770699976
770700217
770700254
770700272
770700469
770703039
770705833
770706042
770706265
770706690
770706691
770711324
770715232
770715519
770715702
770718521
770718997
770720196
770720470
770723869
770724406
770724717
770726696
770726767
770727458
770728213
770729225
770729349
770730927
770731101
770732342
770733921
770734444
770734543
770735196
770735827
770736290
770737436
770737445
770738172
770739106
770740395
770742985
770743146
770744601
770747000
770748930
770749093
770749657
770749901
770750014
770752091
770752389
770753681
770754180
770754443
770757601
770758220
770759089
770759174
770761728
770762875
770766471
770766583
770766820
770767628
770767919
770768201
770772344
770772696
770772962
770781438
770783471
770786686
770789358
770789414
770790020
770790728
770792301
770795997
770796204
770797808
770801362
770802859
770805354
770806528
770807420
770808093
770808159
770808985
770810054
770810197
770810273
770810859
770811424
770812085
770812674
770812966
770813747
770813936
770813967
770814764
770814912
770814948
770815205
770815662
770821110
770822185
770822732
770823308
770824555
770826148
770826442
770827081
770827270
770829788
770838626
770838899
770839421
770840062
770840862
770841220
770841410
770843143
770844423
770844773
770847422
770852942
770853447
770853826
770855700
770856055
770857669
770857820
770858278
770858359
770858711
770858855
770859158
770862951
770863301
770863949
770864606
770864810
770865153
770865441
770865800
770868185
770868404
770869227
770870671
770870994
770872315
770873409
770873630
770874092
770874126
770874320
770875576
770876677
770876896
770879571
770879685
770879977
770880736
770883115
770884470
770886150
770887045
770887402
770888358
770889310
770889312
770890771
770891826
770895335
770896142
770898131
770899949
770900167
770902031
770902407
770903714
770904110
770906426
770909950
770909951
770911249
770912003
770912620
770912999
770913638
770914254
770914698
770916775
770917542
770921053
770921303
770922517
770922534
770923839
770925084
770925257
770926972
770928615
770930420
770933550
770934015
770934449
770935044
770935757
770936518
770936691
770936723
770937645
770939557
770939729
770941017
770941443
770945080
770947841
770947859
770948215
770949064
770949663
770949744
770950508
770952403
770953566
770955611
770955624
770956393
770956421
770960116
770960215
770960282
770960535
770962320
770962326
770965308
770965826
770966141
770971109
770971304
770972372
770976054
770976974
770979830
770981571
770981801
770982061
770983207
770984048
770984084
770984919
770985040
770985650
770988714
770989133
770989931
770993358
770996647
770999616
771002755
771005317
771006592
771012859
771016770
771018476
771020852
771021195
771021196
771024236
771025741
771026668
771028438
771030909
771033509
771034033
771034124
771035022
771036003
771039180
771039274
771039683
771040477
771040593
771040630
771041779
771041940
771043460
771048836
771050037
771053138
771055084
771056640
771061540
771065088
771066650
771068602
771071418
771072061
771073365
771073495
771073928
771074618
771074672
771075156
771075656
771076228
771076694
771076884
771079036
771080437
771080564
771081995
771084551
771084843
771086521
771087154
771087406
771087594
771089441
771089484
771089757
771089880
771092600
771094308
771099746
771099958
771102356
771103366
771103505
771106346
771108924
771109311
771109695
771111329
771112495
771114842
771115114
771119098
771119253
771120583
771122247
771122457
771122537
771122814
771123937
771126874
771127433
771128446
771129441
771130624
771133067
771134192
771136525
771137678
771138268
771138471
771138590
771139271
771139542
771145661
771157994
771159042
771160050
771160248
771161009
771164610
771166363
771166782
771169996
771170664
771170770
771172310
771173603
771177222
771177983
771178060
771178183
771179998
771181833
771183054
771184087
771186188
771188896
771190479
771191112
771191389
771191562
771193664
771193775
771194430
771194579
771199936
771202604
771208289
771209853
771210376
771216823
771218439
771218949
771222411
771225598
771226713
771227236
771229515
771229661
771229769
771229790
771229870
771229970
771232013
771232229
771232316
771233261
771234377
771234461
771234942
771237093
771238261
771238600
771241121
771242250
771243163
771243303
771244203
771244213
771244503
771244690
771244949
771245261
771245306
771245984
771247493
771248123
771250178
771254656
771255902
771258476
771258688
771259670
771260073
771260673
771261509
771261535
771263737
771265331
771265858
771266395
771266917
771268116
771269794
771270597
771271776
771272702
771272930
771275572
771276966
771278512
771278818
771280153
771281634
771282056
771282447
771283119
771283681
771283767
771284095
771284759
771286940
771287276
771287709
771288060
771289491
771290780
771291155
771294459
771297171
771297198
771298692
771298989
771299616
771300015
771300292
771301501
771301732
771303019
771303576
771303939
771305517
771306375
771306853
771307142
771307586
771310567
771310713
771311548
771311821
771313095
771313977
771315082
771315465
771316076
771317657
771317881
771318280
771319296
771320002
771320058
771320610
771322043
771322294
771323398
771323678
771324145
771327115
771328667
771329065
771329235
771329522
771330681
771330829
771331330
771331457
771333105
771334354
771334605
771335002
771335060
771335151
771335321
771336330
771336934
771337308
771337368
771337408
771338495
771339031
771339833
771340216
771341923
771341974
771342652
771344011
771344333
771344775
771347126
771348815
771349338
771350172
771351294
771351484
771351623
771352008
771352627
771353199
771356573
771358695
771361419
771363743
771364324
771365505
771366418
771366619
771366836
771367734
771369029
771369423
771370869
771371253
771371433
771371478
771371764
771371943
771372464
771375097
771376363
771376697
771377140
771377628
771377807
771378017
771379665
771380012
771380654
771380742
771382425
771385956
771387772
771387840
771388207
771389129
771389436
771389968
771391334
771391481
771393565
771394430
771397891
771398096
771399102
771400531
771401981
771402793
771404771
771406767
771408639
771408923
771409865
771411793
771413187
771413603
771413628
771415596
771417887
771420717
771420776
771421363
771424104
771424567
771425909
771426451
771426755
771426819
771432814
771433075
771435565
771436081
771436153
771436505
771437515
771438284
771439505
771441902
771442046
771442237
771442289
771443797
771444867
771445935
771445963
771447396
771447519
771449216
771454891
771455136
771455573
771456585
771458805
771459125
771460243
771461183
771464941
771468199
771469463
771470155
771470742
771470948
771474048
771475572
771476915
771479936
771486739
771486991
771488699
771491883
771494505
771498694
771498710
771503308
771503476
771504635
771505237
771510038
771510398
771512408
771512426
771514231
771514575
771519054
771519735
771520399
771520915
771525089
771525141
771526572
771527123
771527689
771530026
771531211
771531574
771534013
771538505
771538973
771539030
771539696
771540203
771543722
771543966
771545375
771547074
771547558
771549127
771549410
771549516
771549539
771550273
771551580
771553007
771553089
771554685
771555156
771557746
771558343
771559157
771560034
771560909
771560976
771562183
771565295
771565528
771566135
771566975
771567225
771567438
771567617
771568584
771568661
771568987
771569075
771569865
771571849
771571937
771572115
771573237
771574142
771574147
771574305
771574583
771574700
771575411
771576319
771577031
771577039
771577723
771578225
771580165
771580747
771581925
771583107
771583895
771584132
771584350
771587824
771589008
771589849
771592659
771593604
771593636
771593864
771594259
771594658
771595242
771595645
771598598
771601062
771605262
771606302
771608833
771609533
771611223
771614267
771615353
771615580
771615928
771618626
771619136
771619645
771625801
771629837
771630094
771630449
771630597
771632058
771632218
771633541
771634527
771636412
771637182
771637450
771638971
771639040
771639609
771640137
771641462
771641751
771643667
771644570
771644628
771648223
771649952
771652114
771652978
771657291
771661047
771661187
771662483
771662728
771663454
771664049
771665898
771665901
771666357
771668094
771668098
771668184
771668745
771669064
771669561
771670296
771671547
771672456
771674091
771675607
771677871
771678316
771678999
771680064
771680197
771680750
771681034
771681079
771681258
771684331
771684399
771685525
771686064
771686252
771686923
771687129
771687181
771687775
771688723
771689347
771689454
771689847
771690330
771690463
771691511
771691891
771692591
771692889
771693174
771693725
771695326
771696279
771696677
771697166
771698124
771698487
771698599
771699154
771699276
771699431
771699523
771700030
771702179
771702774
771703344
771704095
771704934
771707081
771707456
771707953
771710283
771712334
771713763
771713965
771713979
771713995
771714143
771716082
771716604
771717081
771717926
771718477
771718721
771723086
771723467
771723519
771725871
771726673
771728208
771728804
771728900
771729674
771729940
771730460
771730580
771731028
771731918
771732073
771732381
771732478
771733624
771733881
771733924
771734131
771734138
771736605
771738612
771739811
771740512
771740528
771743961
771746138
771748064
771750234
771752803
771752829
771753123
771755023
771755115
771755475
771755849
771756279
771757611
771758181
771758822
771759316
771759388
771759953
771760726
771766373
771767892
771769392
771770146
771770344
771773286
771773584
771774343
771774641
771774733
771777812
771779164
771779956
771780124
771781207
771781594
771783543
771783573
771784290
771804985
771805124
771805684
771807037
771808623
771809116
771811722
771812400
771812504
771812611
771812676
771813910
771813939
771815131
771815478
771815662
771815715
771816205
771817252
771817907
771819800
771821229
771823252
771824366
771825805
771827532
771828497
771828617
771831583
771831885
771834112
771834459
771836037
771836523
771838425
771839141
771843134
771843344
771845284
771846841
771847698
771850331
771851903
771857477
771857977
771858992
771860290
771860682
771867303
771867848
771868158
771869224
771870332
771870745
771873321
771873703
771873713
771875394
771875452
771879820
771880489
771881847
771882088
771882216
771882474
771882549
771885892
771885904
771886772
771889309
771889765
771889882
771890147
771891782
771892658
771895048
771895560
771898880
771901419
771903035
771906336
771906674
771906818
771907457
771909270
771915133
771915181
771916403
771918937
771920561
771921677
771922603
771922902
771924824
771925884
771926833
771927562
771928997
771929287
771930636
771931561
771932286
771932788
771933011
771935917
771937461
771937827
771937842
771938054
771938146
771942936
771945576
771945741
771946018
771946336
771947204
771947785
771948077
771952591
771953059
771953153
771961277
771961457
771961714
771965133
771977221
771977459
771979837
771980824
771982226
771983892
771984117
771984200
771984990
771985792
771987493
771993364
771993563
771994137
771994337
771994994
771996469
771996494
771996657
771997764
771998422
772001131
772001581
772001693
772004312
772004558
772005182
772006659
772007101
772009407
772010130
772018021
772019164
772023437
772025542
772026385
772026401
772029822
772231261
772232015
772235302
772236125
772238852
772248779
772249767
772250048
772253895
772260822
772264436
772267118
772267843
772269457
772273431
772276247
772287554
772289686
772290158
772290266
772290795
772291395
772293629
772300095
772300678
772304551
772306281
772308426
772308774
772311426
772313812
772317497
772320064
772321139
772322142
772322993
772328696
772333664
772333845
772335529
772336868
772340584
772344240
772344341
772347449
772347931
772350882
772353175
772357000
772357165
772361145
772364583
772365221
772367142
772368615
772368619
772371202
772373440
772373697
772373998
772379279
772379860
772381085
772382192
772382695
772383331
772388041
772389477
772394007
772396531
772398070
772398378
772399196
772399520
772399804
772405009
772405725
772410967
772411541
772415455
772417863
772424210
772425302
772428725
772431681
772432106
772436404
772438993
772440000
772445052
772446972
772447126
772454784
772455502
772458197
772462925
772463343
772466070
772467155
772475902
772476559
772477205
772477411
772479824
772482289
772484046
772491426
772494647
772497393
772498067
772502756
772509288
772509713
772512319
772514169
772515135
772515307
772520091
772525616
772525926
772526017
772526935
772531194
772532403
772533799
772534485
772541086
772541457
772542893
772547835
772548268
772551853
772551921
772552438
772555439
772560110
772563102
772566223
772566928
772568474
772571148
772579300
772581819
772581929
772582316
772583632
772585066
772586443
772594838
772596048
772597719
772599708
772604241
772604993
772605077
772607056
772611126
772611777
772614969
772620181
772626344
772630557
772630591
772631847
772634813
772639304
772643111
772643950
772644406
772645803
772649070
772649654
772655388
772659946
772660722
772666155
772668519
772669284
772674578
772675057
772687983
772693051
772695662
772695746
772696694
772699584
772702887
772705347
772707196
772709738
772710182
772712707
772716820
772723720
772726035
772731752
772733757
772745203
772745568
772754359
772757944
772762313
772766046
772766729
772768534
772770135
772771710
772771856
772782023
772785858
772788172
772792334
772793834
772795687
772797209
772802726
772806150
772806200
772810469
772812765
772816425
772817830
772821772
772827502
772831202
772835896
772836041
772838265
772840577
772841972
772842008
772842092
772843738
772844039
772847522
772848152
772848357
772862396
772862798
772865470
772867357
772870153
772877586
772889318
772898969
772916641
772922351
772922865
772923041
772926153
772926526
772929626
772938239
772943998
772950375
772950912
772951575
772959596
772960217
772960715
772966473
772978909
772982623
772983564
772988207
772990322
772993979
772996827
772999186
773000959
773001176
773001929
773002810
773014648
773023670
773024820
773033571
773035804
773037991
773039615
773047957
773048456
773051712
773053187
773060584
773062757
773065031
773069984
773070080
773071702
773075205
773076476
773077227
773078263
773078832
773081471
773082578
773096115
773096468
773097918
773098285
773104386
773115460
773127235
773129188
773131923
773136195
773136199
773138231
773138879
773139892
773147564
773152390
773156119
773159969
773162430
773162672
773164318
773168429
773170914
773174688
773175183
773183188
773184817
773184819
773185327
773186393
773188019
773190182
773195727
773202588
773204160
773204390
773205626
773208464
773212556
773219430
773225362
773226492
773227348
773227816
773230309
773235629
773239928
773247630
773248129
773265012
773270589
773272301
773273814
773284040
773284823
773284968
773287804
773289174
773292572
773305546
773305942
773306756
773309559
773311836
773313306
773314160
773314918
773314967
773320307
773321213
773321791
773326360
773330185
773330265
773331314
773335906
773339940
773340719
773344942
773349553
773358201
773361711
773361981
773362425
773365194
773370205
773372206
773375412
773375727
773376750
773379826
773383286
773384049
773390882
773397472
773401362
773403148
773406976
773409474
773409907
773414294
773416440
773420087
773421732
773424799
773426705
773428052
773429551
773429823
773430803
773436230
773436582
773436641
773437343
773438359
773441432
773444863
773445279
773445873
773446867
773447390
773447834
773448815
773449025
773456801
773457093
773463781
773464640
773468912
773471102
773474157
773476273
773480641
773480733
773482614
773482649
773482916
773488649
773490199
773490792
773491905
773492188
773495807
773496964
773499210
773501499
773504260
773504402
773510638
773513709
773513790
773516873
773521589
773523675
773524857
773525380
773528420
773531269
773536732
773536848
773542617
773543493
773543962
773544579
773546047
773550761
773550887
773552767
773554411
773557497
773557579
773558582
773558720
773558744
773562017
773562416
773566236
773566648
773568563
773568708
773569490
773571812
773573881
773574732
773581603
773586499
773589557
773593356
773598084
773598371
773599527
773600529
773601312
773606886
773607687
773607997
773610593
773612812
773613928
773615049
773616404
773616685
773618619
773625652
773628734
773633333
773638163
773639968
773641044
773642717
773642816
773651169
773656836
773659385
773661748
773665041
773666132
773667489
773669418
773670796
773677301
773678092
773686100
773688723
773694115
773694723
773695762
773695768
773695984
773698637
773707982
773709814
773711455
773712852
773715408
773715716
773718027
773718287
773725441
773725867
773727735
773728839
773730837
773734435
773735838
773744081
773744625
773748107
773748198
773748884
773752077
773757228
773758999
773759794
773763879
773767107
773769081
773773971
773774884
773780620
773782838
773785213
773791566
773796437
773798377
773798685
773805017
773805696
773814481
773815721
773818893
773821272
773822549
773822557
773826217
773826553
773830140
773835330
773850332
773852923
773853470
773859000
773862167
773863506
773864650
773873404
773877835
773878458
773887425
773889944
773890655
773890778
773891245
773893612
773894005
773895042
773895601
773897179
773897630
773902691
773904594
773909554
773918775
773919429
773919925
773921841
773928282
773932269
773934072
773940236
773943878
773945177
773945401
773947707
773963007
773967981
773968848
773972200
773972986
773981716
773982984
773985756
773985760
773986434
773991609
773992438
773994774
774002270
774012366
774013346
774013607
774014610
774014847
774016257
774029714
774031622
774036082
774036083
774038345
774041527
774041611
774041615
774042924
774044379
774044827
774045829
774046311
774046337
774048637
774053532
774064946
774066045
774072056
774072786
774077743
774079551
774083641
774086878
774090755
774099485
774100614
774104449
774107973
774116107
774120021
774124852
774135373
774138637
774145553
774148919
774149258
774149852
774150773
774150830
774156475
774168347
774171313
774171979
774173929
774177947
774179746
774181103
774183356
774184118
774184198
774184561
774192678
774198068
774202687
774208320
774212356
774215144
774217690
774218658
774218735
774220711
774221783
774227223
774234993
774248025
774253227
774254342
774255391
774256180
774258644
774260681
774261009
774262607
774263658
774263975
774267948
774268629
774268752
774270472
774275130
774276971
774281691
774286360
774288023
774290673
774291966
774295927
774299680
774301999
774305902
774307564
774308078
774310215
774311124
774316805
774318065
774320570
774323806
774328589
774329876
774334387
774336175
774338505
774340574
774340934
774343339
774344363
774345436
774351811
774353644
774354176
774355608
774356357
774360422
774363052
774368829
774369279
774373585
774377316
774379158
774380756
774383612
774386251
774390109
774390750
774391316
774391423
774395609
774395682
774401190
774404515
774408782
774410117
774416964
774419417
774419792
774422294
774424506
774425574
774426319
774434710
774435229
774441953
774443683
774452532
774459151
774461254
774462569
774466123
774467613
774473384
774474250
774475742
774476093
774478802
774479697
774481822
774483031
774483997
774487454
774487708
774487965
774490739
774494953
774496665
774499184
774499444
774500101
774500156
774505950
774511435
774513197
774526845
774527473
774528859
774535150
774538309
774538758
774538820
774551754
774553541
774573717
774574701
774575624
774578259
774582779
774583367
774593910
774594656
774596198
774624245
774625065
774627793
774632160
774632464
774633227
774633893
774634618
774639417
774639529
774640263
774640546
774642178
774651181
774651926
774656992
774662559
774665139
774668404
774669459
774672338
774675308
774676148
774677623
774683074
774691773
774728925
774756541
774756560
774760502
774760564
774767724
774772460
774772765
774791231
774810787
774832988
774833839
774836308
774838703
774841049
774842064
774843255
774843270
774843919
774844679
774844964
774845562
774847939
774849530
774850341
774853502
774861195
774864586
774867077
774874986
774877350
774879141
774880299
774891566
774893170
774895280
774897451
774902916
774906584
774907673
774908565
774909715
774909788
774912581
774912597
774916070
774919046
774919812
774921390
774933141
774937953
774939962
774941483
774942063
774949714
774950430
774952599
774953352
774954251
774959917
774960477
774967300
774971330
774971944
774973293
774974569
774974634
774980234
774991259
774995101
775004454
775008888
775012784
775014695
775030020
775031049
775035705
775037602
775037669
775041282
775041685
775043229
775046844
775049313
775053059
775057361
775069762
775071315
775073792
775099300
775099604
775101323
775103687
775104916
775107975
775113530
775113940
775149115
775157094
775157729
775158126
775158884
775172952
775186243
775195871
775208486
775213615
775222997
775229789
775236185
775237155
775239070
775244678
775245799
775248440
775249465
775250061
775251859
775254980
775262251
775264112
775272585
775276857
775280468
775280732
775281038
775289999
775293820
775295500
775302367
775302748
775314385
775318040
775326922
775328711
775344953
775346417
775350863
775353518
775353532
775362346
775372627
775372721
775382741
775383669
775384627
775385663
775385685
775386529
775386599
775388977
775394336
775395196
775397601
775399993
775401212
775405150
775409972
775415625
775418373
775419787
775421922
775430424
775433380
775439313
775442401
775444684
775454745
775456490
775457179
775459760
775460411
775460526
775461867
775461922
775465276
775470814
775471316
775479906
775486129
775490237
775500770
775515556
775524175
775529914
775535593
775539710
775549423
775549893
775551995
775559193
775562972
775564028
775564285
775572236
775572288
775579841
775587244
775589110
775592001
775606387
775614773
775621422
775646480
775653073
775662487
775665605
775669950
775672311
775674130
775691278
775692747
775697350
775707983
775712953
775718457
775719217
775721554
775723299
775724278
775730237
775736712
775738113
775741691
775747381
775753075
775755755
775761204
775762520
775762700
775763062
775763638
775764310
775773228
775787844
775790328
775794634
775796266
775802189
775805924
775808016
775808826
775811810
775814793
775815342
775816262
775829417
775836969
775840701
775844065
775845001
775846180
775847719
775851203
775851904
775857695
775859675
775864076
775865393
775870979
775879625
775883834
775883885
775883994
775884348
775887431
775891035
775898995
775899122
775900349
775903813
775907580
775911748
775915960
775918664
775929553
775930989
775932742
775937521
775940768
775943248
775946583
775959203
775961297
775964805
775969973
775970676
775972470
775980505
775981687
775986915
775991802
775991916
775995000
776000677
776006860
776007125
776010808
776014291
776016767
776017323
776017641
776017985
776020798
776025842
776027145
776028192
776039345
776041281
776041543
776044999
776048544
776055377
776057691
776060866
776061718
776064301
776074055
776079300
776084223
776089118
776092176
776092814
776092836
776093879
776097527
776104262
776110987
776119222
776123095
776123328
776127386
776135304
776135927
776141368
776142896
776143546
776144468
776147463
776156939
776157537
776159855
776160934
776161985
776167569
776171128
776175156
776176809
776177446
776177510
776179394
776198813
776201241
776209539
776212993
776213744
776215627
776217600
776220572
776225114
776226900
776230367
776231175
776237988
776239279
776243469
776245929
776248091
776253650
776265248
776266216
776270537
776271665
776272172
776285560
776287024
776290841
776291757
776300898
776304280
776307823
776308349
776313039
776321790
776323192
776324089
776324811
776325772
776326748
776328777
776330709
776336986
776342679
776347809
776353818
776356104
776356416
776362626
776363935
776365013
776365387
776367046
776367234
776368622
776374123
776374410
776384236
776388040
776389297
776395105
776400002
776403305
776408582
776412375
776413642
776414647
776416708
776420653
776426663
776429147
776432657
776432866
776433796
776440938
776444874
776444938
776446455
776452374
776452381
776453162
776454399
776457700
776461067
776461562
776462086
776462366
776466703
776498019
776498112
776505490
776514294
776514678
776518317
776526867
776531428
776537532
776541913
776546289
776546409
776546790
776547073
776555626
776558753
776560132
776561994
776564227
776567388
776569953
776574276
776581044
776581954
776585501
776586392
776587098
776591275
776595545
776597660
776604021
776608551
776609644
776610554
776612678
776613642
776623560
776626698
776628333
776628375
776644079
776649000
776650049
776650235
776653110
776653554
776654911
776656683
776657950
776660332
776661638
776661998
776662255
776662410
776663591
776670259
776672783
776678857
776683352
776683883
776684083
776692787
776693336
776695407
776700122
776708800
776715077
776717437
776717501
776718799
776719553
776721493
776725005
776730300
776731326
776732668
776743323
776748244
776752445
776753569
776758552
776762395
776770822
776770984
776771183
776773845
776782708
776783021
776788846
776794449
776794942
776806983
776808050
776810296
776820981
776822094
776823007
776828282
776831816
776843542
776847264
776852190
776858888
776859897
776861481
776865684
776866742
776867706
776870412
776873088
776873404
776880281
776885842
776887555
776889641
776890311
776893096
776903676
776911221
776911349
776913673
776914466
776914534
776918754
776921630
776923565
776924468
776924835
776929883
776932113
776932484
776933881
776934250
776937179
776945080
776945387
776950108
776954797
776958349
776960018
776960157
776963261
776967860
776969621
776970481
776976544
776978808
776979285
776979924
776980379
776980931
776984244
776985489
776991379
776991762
776992465
776993472
776993738
776994427
776996525
776996833
776997460
776997740
776998330
776998775
777000402
777000563
777002297
777002667
777003197
777007376
777007519
777010130
777012288
777014946
777016826
777022458
777023114
777025461
777025930
777027824
777028241
777028853
777035633
777036547
777042507
777042601
777042924
777048242
777049497
777049938
777051026
777051505
777052779
777053163
777054797
777059368
777061270
777062190
777062662
777064892
777067012
777069210
777069243
777069676
777070188
777070872
777071001
777072654
777072826
777072916
777074416
777075080
777075554
777076902
777082079
777082172
777083224
777083344
777085358
777085926
777088114
777090680
777094744
777095813
777098781
777104887
777113762
777115778
777117687
777120906
777120936
777124418
777126951
777127228
777129342
777130451
777132321
777133136
777133291
777133720
777136448
777140472
777140831
777141059
777145036
777146483
777147122
777147973
777150422
777152842
777152915
777155985
777158024
777158082
777162407
777163020
777163075
777166158
777167267
777167999
777172243
777173651
777174450
777175536
777181773
777182076
777183817
777184318
777188118
777188835
777190132
777192292
777192307
777196783
777198287
777202001
777203014
777204231
777204363
777205140
777205280
777206664
777211023
777214152
777220138
777220423
777221786
777224267
777224817
777226673
777228396
777228789
777229251
777230348
777232100
777232204
777233180
777233675
777234064
777236666
777237483
777238468
777247445
777249195
777250719
777251843
777252041
777252678
777255371
777259977
777260472
777260971
777262020
777262673
777264718
777264900
777270376
777272746
777274142
777278362
777279569
777280431
777280512
777280821
777286266
777287339
777287904
777291980
777296584
777298007
777298439
777298482
777299155
777299755
777303634
777304768
777309479
777310949
777315434
777319093
777322514
777323458
777323761
777324164
777324867
777325345
777325721
777326941
777328461
777331284
777337296
777338168
777338561
777339610
777343422
777344426
777345263
777345629
777346384
777352466
777352635
777353128
777353302
777355223
777358680
777358992
777360455
777361263
777365883
777366065
777366903
777367260
777368106
777368252
777370946
777373232
777373481
777373755
777375218
777377620
777378224
777382059
777384732
777388795
777391160
777392489
777392800
777398748
777406813
777408056
777408077
777409441
777413324
777414926
777419727
777419984
777422621
777427158
777430226
777433524
777434572
777435740
777440288
777440364
777441119
777446725
777449352
777463316
777466503
777467474
777468904
777476968
777478018
777479806
777480658
777482582
777482621
777492873
777501876
777504592
777508798
777509485
777513065
777513270
777514184
777521471
777523309
777526567
777526984
777529160
777529822
777530156
777531790
777534012
777534207
777534454
777537196
777539189
777542707
777542965
777545005
777555329
777555477
777558014
777558544
777563035
777563592
777567715
777568076
777575426
777576693
777578670
777580144
777582847
777582932
777585048
777587039
777587360
777590285
777592309
777598030
777603786
777606819
777607151
777607740
777619223
777620844
777621002
777628430
777628510
777631419
777644426
777647262
777649656
777650109
777651106
777651993
777652028
777661429
777662346
777662884
777663570
777663656
777665423
777666362
777669258
777670599
777681517
777681804
777682484
777682624
777682839
777698163
777699713
777702364
777705557
777706542
777707298
777713750
777715926
777716104
777717974
777719368
777720433
777722990
777724756
777728266
777732667
777732773
777739788
777741095
777748176
777756582
777758159
777759823
777762323
777762818
777763032
777765065
777767135
777771171
777771930
777772097
777773964
777776254
777776582
777780445
777789029
777794914
777794957
777798051
777799172
777800095
777800483
777802926
777808129
777811636
777812071
777814093
777816546
777821391
777822540
777822723
777823633
777830567
777831119
777831506
777832209
777835161
777835813
777837729
777841258
777844722
777845598
777847406
777849244
777851930
777856105
777856412
777856443
777857163
777857272
777858347
777858462
777863562
777867697
777867923
777872854
777873693
777875943
777879055
777879156
777879297
777880918
777881933
777881942
777882231
777882531
777883243
777888290
777889063
777889595
777892457
777895595
777897380
777899265
777903830
777906128
777911693
777913813
777918763
777919844
777921657
777921719
777921749
777923899
777924031
777924424
777932324
777932908
777937225
777945893
777946995
777950141
777953925
777955577
777957111
777958397
777959262
777959745
777964346
777969972
777971860
777973767
777983062
777986103
777990389
777998133
777998654
777999164
778000400
778001987
778004526
778004687
778011865
778022770
778022982
778023896
778024588
778025374
778027333
778033295
778033957
778038094
778039905
778040403
778047448
778048464
778049527
778049728
778055221
778055704
778056951
778058543
778059502
778063352
778064064
778065983
778066303
778070481
778072593
778073352
778074043
778083833
778083851
778086466
778087386
778093208
778094259
778095717
778097247
778098590
778103621
778104891
778108043
778109794
778112829
778116210
778116900
778118373
778118395
778141764
778143153
778143542
778197617
778197659
778200300
778200640
778201681
778202061
778218912
778219027
778222147
778223526
778224443
778225258
778225875
778230914
778232946
778233427
778238481
778241281
778242197
778243301
778453140
778453553
778455754
778456194
778458306
778460902
778460924
778461574
778461867
778465025
778465766
778466641
778468005
778469036
778470119
778470738
778472712
778477710
778484352
778485710
778485865
778488842
778491378
778492860
778493013
778493734
778494337
778496062
778496537
778496810
778497296
778497514
778498245
778498323
778499526
778500604
778500946
778501339
778501435
778502899
778503031
778504581
778505856
778506515
778509294
778509915
778511076
778511078
778512652
778515735
778516092
778516739
778517905
778518261
778518883
778521441
778529771
778549653
778552709
778552856
778554626
778555161
778555519
778558509
778559191
778575872
778576004
778576022
778581838
778585431
778586573
778587370
778593617
778593905
778601262
778605550
778608684
778610822
778614642
778620058
778620553
778622721
778622722
778627183
778628094
778628873
778630213
778634163
778634337
778634557
778635369
778643106
778644910
778651033
778651565
778654371
778655373
778664071
778666717
778669421
778672502
778672573
778672915
778675617
778678113
778678327
778681585
778682070
778685205
778685828
778686843
778689295
778691946
778692396
778693753
778694504
778695318
778697731
778699490
778700314
778703348
778704001
778714574
778720030
778724000
778728954
778729576
778729909
778734661
778737547
778738974
778739987
778740546
778741335
778747147
778864522
778871733
778873498
778900805
778901617
778903271
778912217
778926773
779012323
779013999
779019738
779019951
779021497
779023005
779023661
779025095
779032471
779035379
779036458
779044149
779044572
779046876
779060248
779060362
779060507
779062538
779063687
779065247
779075189
779075694
779080615
779084252
779086466
779088529
779089508
779108000
779137576
779138013
779140384
779143728
779152923
779153011
779153902
779153932
779156487
779157966
779165704
779165809
779171259
779173811
779181354
779181443
779181530
779195427
779197300
779197330
779197446
779201770
779208713
779208996
779209462
779213948
779222236
779222713
779226971
779230169
779231664
779232736
779233503
779233798
779235526
779236687
779237298
779240900
779243273
779249583
779265408
779266838
779268772
779269522
779275958
779276361
779278467
779280643
779282004
779286771
779288986
779295113
779297181
779298918
779300061
779301994
779310009
779311096
779311357
779313574
779313819
779313972
779318713
779320762
779331780
779338475
779351667
779352824
779353203
779354070
779356627
779356634
779360217
779360794
779363322
779366563
779367645
779368001
779370543
779370618
779371848
779373884
779382426
779397177
779398901
779404448
779405531
779405854
779410492
779411860
779413962
779415519
779418537
779423576
779424256
779431072
779431776
779436791
779438576
779446463
779447279
779447786
779448534
779451574
779454642
779457550
779458756
779459940
779462997
779467408
779473273
779475913
779477234
779484556
779487156
779487733
779487884
779489556
779490362
779491520
779499797
779502307
779504243
779508783
779514648
779516812
779520348
779523506
779526593
779531608
779534547
779536453
779537588
779543778
779546222
779551029
779553326
779553980
779554692
779555409
779555481
779570631
779570821
779571422
779571638
779572233
779572688
779572841
779575826
779576032
779577543
779577834
779578222
779580834
779585882
779586308
779587102
779588836
779589736
779591596
779593295
779593368
779595744
779596338
779598896
779604749
779610443
779617144
779621227
779622143
779622539
779625457
779633352
779637514
779641308
779645939
779651664
779659805
779659938
779660756
779661472
779661786
779665682
779667613
779678826
779679507
779682701
779685180
779685862
779686250
779686805
779688137
779688493
779689816
779693878
779695269
779697793
779697933
779699422
779700373
779700431
779706352
779706901
779710481
779714288
779717891
779720358
779720381
779724160
779726735
779736015
779736833
779737641
779741319
779741538
779743823
779748442
779749839
779762399
779763112
779767169
779769387
779774590
779777006
779778622
779778872
779780289
779780659
779781636
779784795
779789809
779789830
779790682
779791190
779792125
779792160
779794441
779797605
779800544
779801288
779806889
779808596
779814780
779815731
779819757
779820630
779821066
779821985
779823208
779827406
779828109
779829328
779829620
779831540
779831601
779836368
779843895
779848398
779849723
779853934
779855752
779858851
779861147
779868162
779870371
779872735
779873309
779876013
779886558
779887572
779890398
779891123
779898383
779899451
779899992
779904898
779908146
779920511
779926257
779930084
779937348
779939232
779940323
779941438
779958324
779958706
779962283
779967142
779975515
779976297
779982512
779991706
779994642
779995590
779995986
779999235
780010223
780014705
780014725
780016862
780018253
780023336
780027070
780028621
780033012
780033294
780039501
780041429
780052570
780052992
780053843
780056415
780057859
780060189
780062349
780062678
780064927
780065002
780067614
780069597
780070763
780074506
780076250
780084956
780088043
780089752
780095187
780099428
780101800
780104937
780108822
780109722
780113685
780115083
780116074
780120894
780134574
780135733
780141494
780142689
780144355
780148293
780152057
780153548
780157341
780157771
780166766
780171850
780172451
780176463
780177804
780182297
780182585
780191879
780194934
780199746
780204507
780207298
780209829
780211489
780221193
780227685
780229737
780235595
780235646
780236110
780236398
780240730
780242832
780243544
780247013
780251581
780251911
780254972
780262874
780263143
780263354
780279578
780283993
780284892
780285356
780288567
780292525
780298050
780301912
780302071
780302931
780303347
780306036
780306718
780315993
780319404
780320665
780323570
780324260
780325764
780327017
780332633
780347633
780349711
780351317
780355268
780360098
780365570
780371182
780372402
780373650
780373940
780380948
780383826
780384204
780385547
780388289
780393366
780395695
780397004
780403725
780404407
780406306
780407423
780407679
780409411
780411392
780414998
780415685
780419038
780425857
780440102
780452483
780453609
780457343
780460807
780461006
780463800
780467117
780469600
780469753
780470923
780473514
780473706
780476510
780485164
780491498
780494342
780498754
780499160
780501184
780506510
780510113
780510529
780511196
780511647
780514757
780515872
780519037
780522509
780529810
780536662
780537062
780542486
780567821
780573083
780574437
780576837
780578675
780580286
780580475
780585288
780585780
780600974
780605305
780605965
780607163
780607244
780611180
780614671
780614822
780659571
780665510
780668937
780670827
780674748
780675134
780676059
780681834
780684028
780686613
780686739
780692724
780694820
780698176
780699700
780701741
780705940
780706959
780709062
780710367
780710506
780712698
780713535
780713840
780716090
780716465
780717230
780718651
780727279
780736338
780737047
780739643
780745448
780749925
780750253
780753652
780760746
780761539
780764746
780769315
780770497
780771041
780772807
780778143
780779662
780779775
780782725
780786530
780790434
780794899
780795935
780796601
780801487
780802744
780808096
780817855
780818166
780826497
780827826
780829966
780833312
780841550
780844833
780844921
780846820
780851614
780851864
780853653
780856344
780873642
780873824
780874977
780877840
780879758
780883703
780886864
780886883
780889587
780892399
780892585
780893720
780895082
780895227
780896941
780898173
780900870
780901936
780905115
780908713
780911012
780911476
780917046
780918363
780920635
780922486
780923771
780924250
780929167
780935273
780935361
780936704
780939391
780939610
780942420
780942946
780943445
780947834
780948603
780953637
780958207
780958616
780960015
780965079
780973511
780976272
780976442
780978973
780980979
780981399
780983754
780986750
780987749
780991973
780997853
781000993
781001574
781003235
781004938
781006198
781008824
781010515
781011298
781016231
781018068
781018433
781018767
781018960
781019128
781027273
781028340
781030541
781034815
781038663
781040185
781041574
781046744
781048319
781054347
781055900
781057031
781057486
781063674
781066674
781066781
781068719
781069640
781071575
781072878
781075593
781076347
781078139
781080861
781081228
781082772
781083401
781084971
781087880
781088223
781089272
781090879
781090893
781092543
781093303
781097144
781097168
781098105
781105638
781105642
781106570
781107708
781123373
781152902
781159811
781164074
781165710
781166880
781170003
781171446
781173029
781173984
781174486
781190704
781201594
781201770
781203272
781204573
781204759
781205780
781207676
781207958
781208257
781208404
781208861
781208867
781210670
781214021
781214691
781216647
781217454
781220099
781221136
781221673
781223070
781223121
781224303
781226233
781228459
781230962
781231961
781235657
781236695
781240393
781242325
781244281
781247035
781249088
781249864
781249940
781252045
781254137
781258844
781259925
781260813
781267962
781271382
781271798
781272643
781273590
781274831
781276478
781285837
781286497
781287706
781288841
781289019
781289351
781289388
781290085
781293191
781297349
781301083
781302895
781304363
781308113
781310513
781324288
781332056
781337372
781337409
781338261
781343778
781344589
781352963
781353494
781356845
781357616
781358727
781361646
781364605
781371126
781379852
781380503
781380836
781380890
781381445
781382545
781382697
781384029
781385077
781385611
781388012
781388193
781389943
781392469
781395243
781396179
781398657
781399929
781409077
781409233
781409952
781412095
781414943
781423604
781425059
781427998
781433421
781435016
781436630
781437133
781441522
781442175
781446593
781449821
781453671
781456383
781457723
781459014
781459879
781460258
781462323
781464644
781465534
781466061
781468212
781470384
781470903
781483725
781486088
781490648
781490752
781493561
781500584
781501431
781507482
781509295
781510698
781511939
781514206
781514289
781516281
781517437
781523734
781526136
781529808
781532925
781538290
781540465
781543316
781547494
781551871
781556978
781557820
781566845
781590173
781590851
781592165
781596298
781598987
781611319
781611412
781611926
781624593
781627184
781667384
781673929
781678314
781679495
781679670
781683712
781688026
781688682
781695095
781697284
781700199
781703226
781707375
781707874
781710503
781712228
781712951
781717528
781724146
781724744
781724897
781725345
781728869
781744643
781746018
781751348
781754724
781754850
781756826
781759927
781760139
781763066
781768465
781772462
781775352
781793415
781795329
781801023
781801249
781809589
781809842
781816034
781816614
781819369
781823813
781835259
781836505
781839774
781843525
781887740
781904796
781905627
781920873
781929442
781931350
781934475
781937591
781941590
781943488
781948571
781953498
781956065
781957053
781957182
781958922
781971590
781982340
781983337
781986877
781987249
781992259
781996136
781999866
782000624
782002645
782005278
782021018
782031285
782035452
782037411
782040877
782043063
782044876
782044989
782045135
782049010
782050287
782050724
782050988
782052032
782052062
782052754
782053455
782054800
782060229
782061433
782067748
782069722
782070106
782070922
782074777
782078349
782078901
782079433
782082353
782086111
782089075
782089793
782089874
782094645
782096560
782098457
782098569
782099337
782104038
782105130
782105327
782106757
782111737
782112895
782119138
782124415
782130031
782131947
782137033
782138746
782141739
782141805
782144602
782144792
782145709
782145768
782148154
782152408
782158167
782168690
782168727
782170826
782173737
782175847
782178445
782179690
782180216
782185809
782189635
782191327
782191495
782195271
782199343
782201537
782204163
782206754
782208533
782224024
782225695
782245108
782248587
782248597
782249615
782251057
782251759
782253252
782257599
782258763
782260312
782260694
782262745
782264809
782265861
782271910
782274695
782275171
782284312
782285081
782286916
782291661
782319125
782327643
782331863
782332953
782336910
782338646
782339593
782342872
782343472
782346100
782346651
782347741
782348149
782349535
782349574
782350438
782352627
782356272
782356534
782389676
782393065
782399096
782399361
782407546
782408139
782411649
782416141
782416533
782416854
782417417
782418322
782423665
782424497
782425160
782425986
782426337
782431184
782433877
782435602
782437754
782437931
782438007
782441228
782442272
782442678
782443073
782445150
782446825
782447253
782448036
782449828
782450613
782455488
782458079
782458784
782462473
782462896
782463249
782464034
782465120
782466917
782466941
782468579
782471964
782473355
782475334
782476260
782478243
782479726
782481452
782481682
782481776
782482009
782486322
782486627
782487242
782487528
782487768
782488040
782488478
782494150
782495704
782502703
782505423
782506928
782508007
782508430
782510887
782511838
782512069
782512114
782512320
782516305
782520044
782520186
782525576
782525767
782528798
782529991
782532037
782536220
782536446
782539810
782543255
782543660
782545779
782548792
782554695
782558148
782558642
782575706
782577451
782579534
782579830
782580543
782582360
782592414
782593996
782596998
782598396
782607187
782608919
782610232
782614254
782615705
782621605
782621856
782622183
782631504
782633806
782634342
782639193
782647989
782648426
782649445
782654796
782655651
782655824
782664678
782666415
782667198
782671822
782675514
782678079
782682398
782703298
782704076
782704363
782712457
782712997
782715840
782723879
782736330
782738718
782745821
782748615
782751476
782752121
782755448
782755608
782756891
782758764
782763297
782766351
782769614
782770216
782770659
782779857
782785362
782785759
782788874
782790114
782793870
782794481
782798465
782799534
782801365
782801713
782808250
782810342
782813032
782814509
782815144
782826723
782828849
782831637
782832904
782833484
782837462
782842107
782843929
782844546
782848545
782850859
782853598
782855610
782856292
782858715
782860689
782867801
782868112
782869155
782869376
782873765
782875794
782877318
782880410
782882396
782882596
782885164
782886314
782889298
782890582
782892846
782893185
782893916
782900261
782905938
782909396
782911088
782912274
782913615
782913804
782918748
782919718
782921195
782922340
782924481
782924520
782924892
782926124
782926324
782927620
782929046
782930272
782933079
782934089
782936134
782937334
782939323
782943425
782943630
782944371
782944666
782945053
782948888
782950228
782951480
782955030
782955561
782960289
782960832
782965887
782966210
782968807
782970146
782970771
782973273
782973288
782975857
782981933
782984549
782985778
782986915
782987431
782988405
782992485
782993243
782993397
782993987
782997379
782998212
782999452
783004293
783004899
783007634
783010150
783010412
783012100
783012800
783015400
783015569
783019733
783025023
783032105
783037491
783038093
783041134
783046178
783049110
783053940
783055226
783074117
783083826
783084893
783087122
783097363
783098562
783100481
783103611
783112705
783115214
783123827
783124746
783124988
783127903
783129498
783130175
783136918
783136948
783139287
783145106
783158817
783160488
783163323
783163611
783168903
783169566
783171804
783174330
783178862
783179153
783180318
783180572
783184138
783187287
783188896
783199504
783199655
783201288
783205123
783209267
783212304
783216450
783217275
783221759
783226668
783228248
783232530
783234431
783235793
783238106
783242892
783243161
783246084
783248357
783249204
783250160
783251796
783254779
783258268
783258409
783262700
783265468
783266661
783267141
783268521
783273033
783288872
783290536
783294115
783295726
783300295
783303511
783310577
783310884
783314238
783317728
783323518
783323835
783329083
783334220
783335543
783339371
783340182
783345171
783345417
783347404
783347803
783350507
783350870
783352575
783354133
783354856
783357644
783357849
783360418
783361266
783362756
783370979
783373187
783378230
783378398
783399664
783400689
783400993
783403072
783405487
783409166
783414428
783414795
783416486
783416990
783417415
783419985
783421985
783423578
783429360
783429381
783431652
783437033
783437767
783437987
783444597
783445798
783451654
783452510
783455743
783457448
783457946
783458708
783460304
783461074
783461076
783462740
783471763
783472351
783474830
783475538
783478321
783478616
783479148
783479665
783479867
783480079
783481304
783489017
783490258
783493561
783494775
783495473
783495604
783501563
783501874
783513425
783523346
783523894
783527646
783530395
783549930
783552372
783552685
783561985
783566506
783569122
783570685
783573720
783575017
783575414
783579719
783592487
783592787
783593377
783593640
783595260
783595707
783596196
783599301
783603253
783607435
783608136
783613209
783614498
783616959
783620600
783621595
783622041
783626786
783627980
783631654
783634072
783636546
783638979
783640786
783641109
783646586
783648797
783649814
783656880
783657690
783657828
783661277
783664693
783664910
783672186
783677860
783678777
783679678
783685795
783688023
783688865
783689926
783690456
783690917
783691450
783693409
783694963
783695670
783698783
783703595
783704983
783706323
783707049
783708876
783711223
783713756
783714987
783719124
783719593
783727240
783730092
783731217
783732870
783738149
783740385
783740980
783747042
783749882
783750358
783753424
783753828
783758304
783758495
783758529
783759279
783759504
783764987
783765767
783766160
783766850
783770113
783770918
783771789
783771820
783773877
783774038
783774470
783776008
783777151
783777372
783778336
783779008
783779879
783780547
783780775
783781424
783781892
783782401
783782968
783783263
783784161
783784701
783785058
783786136
783786229
783788278
783788577
783788866
783788987
783789798
783790973
783791598
783792650
783792711
783794718
783797871
783799817
783800929
783802695
783804853
783805755
783806917
783807204
783810098
783811426
783813175
783814195
783814267
783814569
783816071
783816073
783817795
783819166
783819309
783819862
783820324
783821219
783822537
783824398
783824705
783827213
783827824
783829575
783829678
783830769
783830805
783831638
783832430
783833936
783834459
783835427
783837317
783840140
783841028
783841217
783841299
783843319
783849036
783849982
783850370
783853434
783854193
783861589
783862370
783863200
783864576
783868067
783870457
783871557
783873374
783876188
783877023
783880892
783881382
783884576
783885797
783887271
783888675
783891778
783894735
783895487
783897176
783897728
783897754
783900140
783900987
783902402
783904081
783906116
783908205
783911885
783915092
783915154
783915473
783917551
783919370
783920456
783921169
783923791
783924285
783926144
783927360
783927637
783933397
783936158
783936369
783938208
783938452
783939805
783939907
783940781
783947001
783948206
783948698
783951012
783955126
783958377
783960062
783965374
783965853
783969595
783969613
783969655
783970749
783972217
783979483
783984153
783987157
783989414
783989892
783990633
783990646
783996019
783997489
784006952
784008958
784012946
784013961
784021878
784022174
784024155
784033014
784033279
784033661
784033874
784035356
784035358
784036674
784038300
784039433
784039955
784045786
784046499
784047900
784048047
784048226
784050265
784051530
784051580
784052521
784053116
784053217
784054626
784055122
784055238
784060906
784061368
784061973
784063653
784064595
784065848
784067327
784069250
784073606
784075013
784079096
784079146
784080473
784082108
784083254
784085819
784085838
784086044
784086192
784087208
784088946
784091236
784092885
784094995
784098913
784102531
784103814
784105327
784106153
784107985
784108768
784109041
784109767
784114830
784115095
784115872
784117329
784122051
784127657
784128784
784129077
784131995
784134383
784134510
784134537
784134707
784136297
784136736
784137522
784137952
784139147
784140383
784140815
784141766
784142899
784146539
784147366
784147368
784151737
784154584
784160638
784162819
784163639
784165029
784167883
784168123
784170566
784172225
784172912
784173598
784175336
784177780
784178846
784179549
784180218
784180777
784184728
784187855
784188056
784189535
784189747
784190495
784195804
784197390
784197697
784198009
784199670
784199830
784200699
784201688
784202330
784203823
784204816
784206003
784207581
784208355
784208468
784214457
800000201
800000320
800000440
800001045
800001346
800001451
800001539
800001976
800002092
800003634
800003696
800003927
800004066
800004140
800004226
800004475
800004993
800005161
800005976
800006207
800006344
800007363
800007431
800007567
800007624
800007917
800008024
800008089
800008387
800008425
800008900
800009224
800009984
800010027
800010409
800010539
800010796
800011600
800011677
800011822
800011885
800012353
800012457
800012517
800012591
800012679
800012781
800013341
800013690
800013836
800013904
800013952
800014271
800014275
800014294
800014614
800014676
800014858
800015155
800015438
800015491
800015940
800016181
800016451
800016616
800016663
800017373
800017571
800017757
800017809
800018552
800018961
800019065
800019310
800019362
800019734
800019871
800019912
800020089
800020300
800020576
800020594
800020694
800020735
800020789
800021063
800021120
800021491
800021733
800022233
800022557
800022607
800023068
800023846
800024214
800024332
800024786
800025313
800025676
800026129
800026162
800026675
800027262
800027405
800027443
800028408
800028548
800028758
800029569
800029667
800030548
800031094
800031621
800031717
800031741
800031845
800032272
800032342
800032773
800032908
800033562
800034774
800035311
800035822
800035916
800036090
800036196
800036693
800037111
800037592
800038108
800039550
800039617
800040020
800040112
800040669
800040869
800040870
800040988
800041150
800041199
800041205
800041259
800041301
800041487
800041930
800042123
800042541
800042828
800042858
800042890
800042922
800042987
800043461
800043887
800044125
800044182
800044379
800044411
800045012
800045716
800045731
800046362
800046490
800047061
800047229
800047331
800047551
800047719
800047751
800047786
800047819
800047948
800048120
800048240
800048245
800048314
800048379
800048523
800048619
800048678
800048865
800048874
800048969
800049610
800049783
800049862
800049927
800050062
800050217
800050271
800050914
800050964
800051215
800051267
800051332
800051851
800052495
800053003
800053087
800053262
800053467
800053483
800054182
800054518
800054670
800055391
800055444
800055565
800055707
800056172
800056363
800056396
800056465
800056471
800056960
800057004
800057130
800057172
800057798
800058199
800058346
800058483
800058541
800058933
800059258
800060123
800060213
800060998
800061062
800061798
800061827
800061906
800062003
800062353
800062583
800062901
800063021
800063088
800063399
800063506
800063516
800063562
800063796
800063954
800064160
800064223
800064729
800064813
800064820
800064875
800064967
800065044
800065047
800065168
800065282
800065299
800065426
800065923
800066062
800066406
800066927
800066964
800067015
800067113
800067234
800067448
800067955
800068273
800068399
800068452
800068690
800068933
800069378
800069479
800069877
800070002
800070041
800070115
800070160
800070402
800070435
800070598
800070959
800071239
800071282
800071389
800071470
800071598
800071787
800072161
800072780
800072867
800073271
800073359
800073376
800073430
800073713
800073916
800074212
800074346
800074471
800074529
800074584
800074717
800074785
800075334
800075335
800075399
800075496
800075659
800075823
800076245
800076308
800076847
800076942
800077074
800077200
800077202
800077428
800077460
800077572
800078510
800078717
800079693
800079748
800080041
800080046
800080538
800080718
800080733
800080942
800082038
800082099
800082344
800082371
800082408
800082472
800082909
800083034
800083924
800084027
800084049
800084499
800084827
800084930
800085158
800085352
800085369
800085469
800085472
800085627
800086299
800086603
800086856
800086871
800086969
800087028
800087199
800087426
800087466
800087697
800087847
800087939
800088178
800088244
800088321
800088581
800088606
800089246
800090558
800090559
800090854
800091021
800091052
800091184
800091291
800091346
800091731
800091844
800091899
800092352
800093694
800093870
800093882
800093936
800094248
800094731
800095570
800096075
800096082
800097126
800097512
800097757
800098335
800098341
800098376
800099096
800099166
800099351
800099782
800099873
800100000
800100322
800100554
800100975
800101099
800101629
800101826
800102837
800103358
800103373
800103609
800103623
800104090
800104092
800104310
800104455
800104663
800104705
800104870
800105081
800105209
800105476
800105522
800105593
800106313
800106933
800107172
800107197
800107453
800108109
800108191
800108236
800108509
800108570
800109446
800109760
800110072
800112778
800113036
800113173
800113200
800115172
800115247
800115619
800117954
800118071
800118233
800118257
800118325
800119330
800119591
800119636
800120293
800121095
800121429
800121701
800121917
800121984
800122391
800122469
800122650
800123501
800123828
800123882
800124335
800124355
800125596
800125689
800125701
800126106
800126377
800126889
800127396
800127412
800127589
800127702
800127834
800128229
800128485
800128607
800128676
800128683
800129168
800129411
800129510
800130241
800130650
800130820
800131231
800131901
800131903
800132083
800132394
800132789
800133474
800133770
800133872
800134364
800134523
800134558
800134641
800135045
800135221
800135324
800135568
800135987
800136146
800136293
800136483
800136491
800136788
800136808
800137093
800137230
800137245
800137247
800137430
800137441
800137646
800137704
800137744
800137768
800137899
800138517
800138654
800138764
800139151
800139154
800139859
800139930
800140170
800140738
800140740
800140765
800140841
800140842
800140887
800141125
800141367
800141622
800141669
800141986
800143362
800143769
800144068
800144118
800144269
800144921
800145015
800145068
800145211
800145421
800145793
800146097
800146465
800146616
800146905
800147384
800147521
800147564
800147867
800147922
800148036
800148084
800148179
800148759
800149149
800149616
800149758
800149819
800150040
800150156
800150273
800150275
800150547
800150929
800151693
800151840
800152213
800152445
800153026
800153369
800153845
800153869
800154057
800154176
800155247
800155563
800155665
800155844
800155925
800156051
800156732
800156772
800158050
800158068
800158114
800158564
800158890
800159087
800159495
800159532
800159865
800159866
800159886
800160049
800160756
800160822
800160925
800161287
800161891
800161933
800162274
800162593
800162692
800162829
800163050
800163533
800163548
800163903
800164679
800164920
800165060
800165251
800165369
800166063
800166164
800166167
800166274
800166519
800166749
800166779
800166949
800167143
800167173
800167435
800167662
800167939
800167973
800168264
800168461
800168480
800169132
800169312
800169484
800169598
800169601
800169663
800169716
800169794
800170920
800171051
800171130
800171373
800171499
800171818
800172237
800172315
800172873
800173768
800173881
800173977
800174070
800174307
800174398
800174436
800174522
800174952
800174990
800175045
800175332
800175867
800176052
800176143
800176187
800176320
800176461
800176477
800176780
800177018
800177253
800177592
800177844
800177880
800178067
800178450
800178601
800178747
800178947
800179412
800179965
800180017
800180077
800180164
800180223
800180568
800180916
800181050
800183268
800183692
800183868
800183894
800184130
800184260
800184993
800185093
800185167
800185230
800185341
800185461
800185498
800185519
800185614
800185674
800186293
800187436
800187690
800187849
800188132
800188212
800188260
800188413
800188604
800188785
800189160
800189197
800189623
800198600
800198715
800198835
800202677
800202759
800224759
800224808
800224974
800226093
800226643
800227392
800229422
800230349
800230409
800230638
800230775
800231781
800232359
800233456
800233485
800233600
800233699
800234204
800234335
800234388
800235930
800236005
800236154
800236224
800236742
800237071
800237473
800237568
800237721
800237984
800238182
800238986
800239502
800240021
800240060
800240078
800240106
800242069
800242077
800242191
800242456
800242574
800242704
800242711
800242727
800242762
800243658
800243798
800244006
800244099
800244225
800244229
800244467
800244668
800244678
800244750
800245302
800247369
800247453
800249148
800249179
800249333
800249528
800249534
800251816
800252390
800252694
800253091
800253114
800253732
800253735
800254188
800254602
800254655
800255212
800255260
800256753
800257174
800257303
800257500
800258653
800258857
800258904
800258987
800259547
800259553
800260116
800260522
800261638
800261710
800262513
800262919
800263167
800264731
800265402
800265570
800265661
800265801
800265940
800266200
800266348
800266966
800267047
800267050
800267235
800267527
800267585
800267735
800267768
800268181
800268471
800268475
800268713
800268933
800269235
800269305
800271088
800271089
800271104
800271416
800271452
800271469
800272176
800272332
800272524
800272530
800272570
800272666
800272761
800272997
800273202
800274083
800274485
800274595
800274844
800274911
800274922
800275712
800275832
800276669
800277100
800277845
800277942
800278275
800278292
800278321
800278876
800279308
800279511
800279736
800279960
800280996
800281017
800281251
800281523
800281649
800281719
800282018
800282483
800282664
800282707
800283215
800283792
800283843
800283932
800284348
800285090
800285254
800285750
800286888
800287103
800287406
800287478
800287542
800287961
800288021
800288248
800288322
800289010
800289487
800289642
800290514
800290619
800290625
800290794
800290872
800290878
800291162
800291560
800291597
800291746
800291850
800291859
800291907
800292061
800292264
800292337
800292562
800292839
800292844
800292910
800292968
800293840
800294244
800295165
800295379
800295549
800296048
800296381
800296505
800296596
800296750
800296874
800297039
800297221
800297409
800297418
800297470
800301274
800301288
800303513
800304632
800305580
800306219
800306229
800306406
800306655
800306746
800308124
800308142
800308165
800308357
800308377
800309308
800310525
800310740
800310802
800311066
800311545
800311952
800312080
800312088
800312409
800313221
800322741
800322839
800323365
800323460
800323700
800325044
800325155
800325257
800325555
800325627
800325715
800325758
800325787
800326178
800326258
800326830
800326857
800326983
800327094
800327239
800327527
800327664
800328101
800329409
800329463
800329826
800330133
800330371
800330415
800330692
800331295
800331429
800331916
800332737
800333010
800333070
800333354
800333998
800334534
800334579
800334861
800335667
800335776
800335950
800336101
800336482
800336708
800337310
800337676
800337777
800337781
800338305
800339272
800339319
800339566
800339567
800339858
800340034
800340231
800341072
800342498
800342883
800342960
800343016
800343367
800344065
800344634
800344860
800345039
800345066
800346013
800346500
800346824
800347106
800347207
800347639
800347792
800347876
800348208
800348273
800348589
800348756
800348806
800348993
800349196
800350058
800350134
800350281
800350522
800350559
800350716
800350828
800351140
800352495
800353057
800353177
800353461
800353982
800353995
800354313
800354359
800354676
800354824
800355089
800355224
800356008
800356147
800356491
800356591
800357115
800358168
800358775
800358780
800359908
800359972
800360884
800361045
800361459
800361594
800361903
800361947
800361992
800362164
800362251
800362538
800362560
800362603
800362970
800363055
800363194
800363258
800363415
800363512
800365433
800366021
800366604
800366939
800367396
800369199
800369504
800369575
800369855
800369971
800370683
800371715
800372283
800372485
800372869
800373225
800373761
800374109
800375183
800376492
800376788
800376903
800378218
800378638
800378926
800378931
800379080
800379212
800379409
800380099
800380724
800381254
800382605
800383156
800383554
800383625
800383801
800384077
800384864
800385070
800385153
800386922
800388943
800389368
800389880
800390198
800390470
800405330
800405365
800405375
800405660
800603922
800604278
800604707
800605802
800606502
800606527
800607766
800608503
800608787
800609046
800609245
800609908
800609958
800610240
800610303
800610977
800611153
800611313
800611333
800611473
800611811
800611854
800612144
800612364
800613204
800613282
800613831
800613944
800614968
800615550
800615832
800616409
800616557
800617251
800617797
800617877
800617937
800618093
800618849
800618891
800619547
800620150
800620367
800620492
800620743
800621051
800621178
800621375
800621415
800621456
800621501
800621550
800621708
800622163
800622271
800622419
800623795
800627533
800627957
800635219
800635345
800635764
800635830
800635975
800636495
800636531
800636599
800636797
800636920
800637443
800638724
800638792
800638887
800638913
800639933
800640346
800640446
800640754
800641150
800641659
800642556
800642677
800644984
800645057
800645125
800645204
800645729
800646455
800646797
800647063
800647124
800647286
800647476
800647527
800650555
800718704
800718781
800718940
800719200
800719597
800719831
800720953
800721010
800721105
800721624
802822260
802822506
802824744
802825621
802826728
802827187
802827533
802828391
802829583
802829787
802832927
802834064
802834235
802835277
802836493
802839108
802840975
802842112
802843824
802844523
802846194
802846691
802849218
802852059
802852671
802853829
802854068
802857093
802857814
802858934
802859009
802860584
802860784
802860961
802861414
802861448
802861499
802862614
802864188
802864203
802868096
802868409
802869152
802869815
802870501
802870822
802871074
802873884
802874198
802875757
802876507
802877193
802880101
802880342
802884349
802884485
802884864
802885550
802885769
802886756
802887242
802887822
802887919
802890065
802890619
802890822
802893353
802897194
802897496
802898491
802898523
802900658
802900956
802901855
802904309
802906380
802908309
802909482
802911584
802911840
802913178
802916410
802916437
802917068
802917824
802921244
802922894
802923631
802925692
802927971
802930034
802930095
802931035
802931816
802932399
802933156
802933228
802933895
802934613
802935320
802936099
802944079
802946785
802947484
802948656
802949385
802950379
802950665
802952489
802952802
802952818
802953056
802954874
802955958
802957101
802957158
802957477
802957711
802958568
802959730
802962526
802963510
802963593
802964457
802968600
802968601
802969309
802971035
802971133
802974083
802975115
802975241
802975574
802976999
802977250
802977994
802979439
802979607
802981940
802982168
802982987
802983631
802984309
802987424
802987636
802988164
802988883
802990137
802990549
802990973
802993485
802993499
802993795
802995660
802996434
802996436
802997038
802997117
802997633
802999650
803000141
803001274
803003540
803003713
803004056
803005386
803005541
803005912
803007171
803007951
803012424
803014394
803014540
803015181
803015818
803015989
803017236
803017279
803019344
803019871
803020155
803020627
803021148
803021767
803022909
803024665
803025028
803028351
803029201
803029665
803030091
803030148
803031495
803031505
803032180
803032413
803032864
803036035
803036075
803037712
803038148
803038575
803038986
803039770
803040308
803040440
803040811
803041514
803041800
803043751
803044597
803050014
803051148
803054522
803055275
803055448
803057236
803057277
803057590
803057879
803058808
803059073
803059913
803060157
803060438
803061301
803063249
803064591
803064801
803066737
803067500
803067814
803067837
803069136
803069408
803070693
803071006
803071087
803071162
803072449
803072625
803074039
803074781
803074867
803075263
803075778
803076164
803077708
803077884
803078339
803078628
803078829
803080561
803080638
803081499
803082468
803082715
803085063
803085259
803085908
803086862
803087411
803088359
803088880
803089855
803090148
803091140
803093083
803094039
803094981
803100371
803100488
803104850
803106540
803106585
803106881
803107187
803108800
803109883
803113118
803117136
803118654
803119039
803121238
803121619
803121998
803123317
803123957
803124911
803125333
803125879
803126061
803126137
803126940
803127413
803127754
803130623
803130978
803131511
803131632
803132201
803132933
803135220
803138314
803140993
803141556
803142616
803145202
803148046
803148277
803148510
803149587
803149603
803149704
803150124
803151252
803152434
803152896
803154075
803154417
803154577
803155809
803156207
803156259
803158010
803158705
803159319
803160010
803160357
803160460
803160499
803160590
803161921
803162017
803163993
803164201
803164482
803165495
803165705
803166487
803166624
803166962
803168447
803168469
803169267
803169514
803172664
803174747
803175342
803175411
803175988
803176150
803176268
803176312
803176646
803178785
803179515
803186504
803186916
803187083
803187199
803188051
803189541
803190316
803190358
803192871
803193185
803193742
803194990
803196299
803196609
803196708
803197237
803198771
803199518
803200178
803200249
803200486
803200888
803201606
803202318
803202436
803202997
803203031
803203595
803203614
803206474
803207082
803207133
803207575
803208025
803208343
803209492
803210564
803211102
803211207
803215150
803215413
803216139
803216199
803217716
803219025
803219715
803219755
803220048
803220299
803224376
803225082
803226037
803228319
803228503
803229530
803229736
803229925
803231347
803231629
803231786
803231922
803232396
803232720
803232880
803234095
803234324
803234912
803236703
803237068
803237482
803237570
803239539
803239623
803242121
803242165
803244793
803247393
803247405
803248261
803248485
803249241
803250207
803250898
803250985
803251219
803251264
803252293
803254593
803255276
803255517
803256806
803257200
803257704
803258422
803259196
803259394
803259422
803260151
803260454
803262304
803263217
803263514
803265288
803265406
803265633
803267352
803267729
803267821
803268859
803268931
803269032
803269621
803269784
803269920
803270865
803273576
803273690
803274120
803274389
803274457
803275473
803275629
803275672
803275815
803277395
803277583
803277831
803278381
803279079
803279228
803280089
803280567
803280729
803280996
803282091
803282713
803283104
803284363
803285745
803286548
803286817
803286986
803288395
803289524
803290471
803291305
803292108
803292322
803294757
803294818
803295900
803296285
803296543
803297819
803298219
803298668
803301412
803301483
803302729
803303511
803303559
803307316
803308131
803308275
803308825
803309056
803309126
803309518
803309598
803309612
803310852
803311105
803312657
803313061
803313532
803314043
803317595
803318861
803319101
803319106
803319777
803319791
803319860
803319937
803320298
803320437
803320440
803320454
803321644
803322584
803323359
803323753
803324155
803324181
803324319
803324504
803325902
803326167
803327320
803327655
803328694
803328971
803329062
803329075
803330096
803331300
803332316
803333056
803333655
803333840
803335867
803337665
803340537
803340801
803343776
803346914
803347511
803347768
803348524
803349953
803350068
803351280
803351863
803353321
803353368
803354011
803354470
803355543
803355658
803355897
803356005
803356173
803356859
803356930
803357754
803358560
803359353
803359640
803360248
803360704
803362204
803362726
803364269
803364433
803364457
803364653
803365117
803366561
803367234
803369841
803369981
803370242
803370418
803370635
803372659
803374654
803375109
803379707
803380351
803380352
803381580
803381818
803381878
803382265
803382306
803382529
803382628
803384863
803385684
803385903
803385976
803386113
803387258
803388502
803388540
803389896
803389931
803390316
803390841
803392267
803393648
803393731
803394001
803394426
803394550
803396721
803396918
803398424
803398599
803400978
803401418
803401834
803403253
803403260
803404147
803405396
803405574
803406332
803406432
803406569
803408597
803410186
803411147
803411887
803412217
803413136
803413572
803413795
803414605
803416178
803417085
803417635
803417760
803417995
803418304
803418581
803419635
803420119
803420555
803420759
803422023
803422929
803423033
803424502
803425740
803426396
803427930
803427995
803428633
803428789
803429219
803431730
803432335
803432560
803434510
803435807
803436643
803436863
803436925
803437925
803438041
803438361
803439246
803439355
803439408
803439731
803440090
803440190
803440283
803440791
803442158
803443971
803444751
803445441
803445462
803445554
803447176
803447275
803447425
803447662
803449698
803449716
803449836
803450086
803450095
803450220
803450586
803451178
803451279
803451282
803451345
803451448
803451565
803454262
803454388
803455126
803455621
803455799
803456159
803456554
803456952
803457037
803457767
803458073
803459210
803459464
803459523
803461096
803462245
803463077
803466226
803466360
803467016
803467018
803468129
803468788
803469389
803469582
803470167
803470170
803471038
803471210
803471537
803471772
803474075
803474393
803474466
803474643
803475610
803475723
803475753
803476115
803476143
803477490
803477609
803478149
803478308
803478883
803479361
803480854
803481643
803483171
803484269
803484391
803484829
803485961
803486715
803488433
803488680
803489340
803489481
803489559
803489769
803490797
803491553
803492131
803492185
803492688
803492762
803493442
803493523
803493965
803495015
803495287
803495776
803495975
803496800
803498115
803498486
803498905
803499632
803501180
803502206
803502360
803502834
803503009
803504844
803505155
803505414
803506562
803508401
803508732
803508854
803509238
803509300
803510646
803513681
803513944
803514326
803515029
803515410
803515421
803515842
803515904
803517334
803517498
803518223
803518374
803519237
803519654
803519746
803520229
803521809
803524607
803524706
803528668
803529193
803529916
803529977
803530686
803531135
803531666
803531736
803532003
803532633
803532703
803532918
803532930
803533005
803533034
803533343
803534477
803536563
803537314
803538067
803538118
803538255
803538768
803539665
803540393
803542528
803544589
803544627
803544878
803545594
803546351
803546787
803547071
803547308
803547428
803549228
803549923
803549925
803551009
803552404
803552431
803552684
803553075
803554168
803554175
803555341
803557658
803557832
803558028
803558333
803558680
803558842
803561015
803561212
803562391
803563909
803566013
803566309
803566470
803566649
803566839
803566868
803566912
803568454
803572637
803574062
803574196
803574551
803574911
803575885
803576733
803577856
803578195
803578245
803578498
803578520
803579188
803580191
803580403
803580923
803581042
803581056
803581872
803581873
803582067
803582172
803582985
803583444
803584420
803586281
803586395
803587314
803587675
803588070
803589224
803589460
803589565
803593499
803594147
803596465
803597295
803597346
803597399
803597676
803598375
803600125
803600586
803603711
803604547
803604693
803604699
803604964
803605067
803606789
803607579
803608710
803608895
803609388
803609647
803610365
803610654
803611372
803611374
803612184
803612558
803612665
803612972
803613645
803613983
803614086
803614104
803614151
803614228
803614244
803614453
803614632
803614679
803614681
803614881
803615277
803615621
803616096
803616761
803616798
803617268
803617428
803618195
803618237
803618352
803618649
803619033
803619041
803619408
803619635
803619805
803620081
803620417
803621141
803621522
803621527
803621528
803621944
803622025
803622536
803623926
803624438
803625128
803625608
803625676
803625755
803625998
803626022
803626193
803626223
803626437
803627057
803627339
803628846
803629040
803629447
803629606
803629750
803630009
803630285
803630431
803630462
803630713
803631177
803631258
803631356
803631404
803631441
803631628
803632028
803632125
803632476
803633240
803633457
803633612
803634627
803634629
803634726
803634859
803635110
803635296
803635991
803636934
803637748
803638403
803638654
803638774
803639041
803640001
803640265
803640578
803640699
803640736
803641240
803641449
803641656
803642228
803642612
803642645
803643099
803643413
803643569
803643764
803644087
803644939
803645411
803645983
803646402
803646887
803646981
803647032
803647309
803647743
803649202
803649698
803650649
803651363
803652033
803652297
803652505
803652584
803653222
803653233
803653372
803653873
803654253
803654366
803654790
803654981
803655578
803655582
803655987
803656324
803656851
803657454
803657458
803657727
803658698
803658759
803659016
803659033
803659317
803659322
803659412
803660370
803660883
803661780
803661788
803661999
803662134
803662317
803663065
803663332
803663418
803663455
803663901
803664295
803664565
803664724
803664840
803664964
803665755
803666037
803666146
803666229
803666807
803667059
803667063
803667112
803667210
803667512
803667637
803667810
803667842
803668154
803668387
803668660
803669791
803669855
803669941
803670922
803670923
803671051
803671191
803671507
803671769
803672233
803672692
803673212
803674151
803680555
803681728
803681934
803688197
803690519
803692261
803692278
803695933
803697774
803697953
803701884
803702300
803703252
803703316
803703480
803704121
803704274
803704457
803704966
803705961
803706397
803706813
803707382
803707653
803708165
803708358
803708982
803709125
803709599
803709645
803709726
803710035
803710509
803710666
803710714
803711313
803716913
803717065
803717416
803718171
803718964
803719578
803720272
803720333
803720947
803721438
803722261
803724993
803725573
803726437
803726776
803727102
803727493
803729476
803729928
803730144
803730335
803730462
803731175
803731491
803731635
803731927
803732171
803732350
803732732
803733377
803733419
803733466
803734414
803734461
803734790
803735003
803735036
803735056
803735879
803736323
803738554
803739424
803739590
803740471
803740552
803741142
803743346
803744068
803744758
803745451
803745647
803745655
803746273
803747798
803748074
803749343
803749350
803749518
803750995
803751402
803751831
803751943
803752054
803752391
803752469
803752692
803753330
803753775
803754290
803754400
803754470
803754521
803754615
803754706
803754840
803755671
803755994
803756433
803757165
803757341
803758049
803758992
803759768
803760469
803760688
803760904
803761856
803761892
803762006
803762345
803762635
803763021
803763335
803763538
803763594
803763844
803766400
803766518
803766763
803766910
803767062
803767511
803769353
803769791
803769966
803770004
803770617
803772052
803772927
803773422
803773877
803774588
803774670
803774926
803775310
803775897
803776027
803776695
803776805
803777527
803777824
803778473
803778975
803779177
803779305
803779861
803780340
803780367
803780444
803780979
803781124
803781503
803781707
803781784
803782127
803782142
803782433
803783573
803783788
803783820
803783991
803784153
803784894
803785024
803785076
803785483
803786348
803787622
803787786
803787912
803787991
803789735
803790005
803790149
803790211
803791126
803791491
803791545
803791741
803792451
803792914
803793348
803794176
803795648
803795751
803796192
803796523
803796616
803796842
803797241
803797306
803798442
803798503
803798517
803798661
803799664
803800493
803800957
803801041
803801433
803802194
803802420
803802848
803803140
803803284
803803312
803803342
803803471
803804043
803804242
803804759
803805065
803805292
803805613
803805714
803806386
803809227
803809990
803811402
803811623
803811991
803812060
803812309
803812501
803812732
803812750
803814516
803815411
803815422
803815850
803816058
803816435
803816456
803816626
803816825
803818133
803818279
803819130
803819326
803821853
803821978
803822182
803822527
803824609
803824687
803824898
803825222
803827895
803828564
803828909
803829245
803829425
803830678
803830996
803833652
803834938
803835548
803836120
803836433
803837154
803837373
803840445
803840819
803841194
803841658
803841845
803842504
803843308
803843527
803843914
803844306
803844722
803844815
803845837
803846283
803846760
803847464
803847673
803848478
803848711
803849868
803851171
803851529
803852461
803852611
803852871
803853382
803854176
803857608
803857622
803857959
803859617
803860737
803862128
803862149
803862191
803862267
803863035
803863370
803863468
803865700
803866020
803866892
803867478
803867845
803867857
803867940
803868119
803868785
803869148
803869694
803869841
803870533
803870626
803870727
803870853
803871048
803871731
803872096
803872360
803873462
803873767
803874618
803875129
803875343
803881819
803882116
803882185
803882187
803883153
803883305
803885034
803887543
803892653
803892835
803893252
803893666
803895076
803895237
803895553
803895961
803895991
803896595
803896632
803897437
803898018
803898940
803900327
803900399
803900517
803900687
803901192
803901605
803902263
803902506
803902678
803903791
803904350
803913264
803913651
803914028
803914492
803915064
803915487
803915865
803916103
803916932
803917326
803918409
803918493
803919558
803920288
803920722
803921886
803921924
803923961
803924172
803924997
803928654
803928658
803929242
803929558
803931111
803931315
803931488
803932064
803932892
803933056
803933740
803934178
803934377
803934453
803934692
803935085
803935235
803935622
803935641
803935966
803935977
803936067
803936737
803938396
803939352
803939373
803940552
803941482
803941603
803941978
803942248
803942511
803942517
803943475
803943597
803944819
803945720
803946548
803947033
803947097
803947986
803949533
803950013
803950233
803950491
803952048
803952598
803952896
803952902
803953349
803953400
803953410
803954499
803954619
803955164
803957182
803957626
803958001
803958066
803958239
803958575
803960070
803960337
803960795
803960892
803960957
803961152
803961174
803961261
803961365
803962281
803962692
803963199
803963206
803963524
803963770
803964514
803964516
803965542
803966046
803966434
803967150
803967523
803967555
803968315
803968476
803969078
803969166
803969326
803969603
803970028
803970844
803970855
803971349
803972278
803972592
803972783
803973128
803973404
803974652
803974739
803975165
803975378
803975516
803975569
803977175
803977253
803978400
803978594
803979086
803979777
803979995
803980358
803981447
803981494
803981727
803981754
803982180
803982639
803983462
803983637
803983894
803983958
803985358
803985588
803986427
803987010
803987028
803987126
803988190
803989835
803989937
803990113
803990180
803990710
803991357
803991424
803991653
803991683
803991833
803993139
803993306
803994688
803994719
803995597
803995667
803995868
803995929
803996121
803998188
803998351
803998991
803999222
803999912
804000128
804000323
804000375
804000476
804001477
804001557
804003431
804003608
804003860
804005038
804005987
804006204
804006286
804007148
804007233
804007844
804008997
804009659
804013075
804013760
804014940
804014980
804015209
804018418
804018524
804019221
804019765
804020268
804020909
804021214
804021608
804021827
804021830
804022239
804022379
804022449
804022677
804023037
804024644
804025770
804025780
804026077
804026309
804026431
804026808
804026974
804027734
804027819
804028127
804028336
804028457
804028607
804029087
804029235
804030563
804030855
804031010
804032002
804032253
804032886
804033112
804033140
804033467
804033880
804034113
804034224
804034533
804034698
804035299
804035409
804035492
804036857
804037225
804037241
804037359
804039300
804039667
804040038
804040058
804040165
804040181
804040432
804040746
804041487
804041495
804041626
804042276
804042758
804042796
804043458
804044219
804044291
804045138
804045325
804045658
804046189
804046491
804046555
804046785
804047179
804047465
804047599
804047761
804048461
804048579
804048995
804050024
804050048
804050594
804050705
804051562
804051937
804051942
804052097
804052367
804052547
804052654
804052682
804053167
804053720
804054189
804054900
804054972
804055002
804055378
804056309
804056642
804056966
804057520
804058040
804058312
804058600
804059531
804060904
804061165
804061491
804061629
804061785
804061824
804061875
804061931
804061971
804062129
804062304
804062308
804062954
804063006
804063167
804063333
804063749
804063821
804064506
804064831
804064972
804065072
804065292
804065491
804065582
804066029
804066124
804066339
804066391
804067030
804067032
804067084
804067402
804068053
804068234
804068439
804068892
804069769
804069847
804070290
804070459
804070946
804070982
804071720
804072040
804072082
804072429
804073006
804073348
804075492
804075504
804075636
804075699
804075704
804076361
804076433
804077236
804077306
804077837
804077922
804079046
804079130
804079492
804080595
804080740
804081167
804082373
804083320
804083844
804084299
804084473
804084742
804085255
804085313
804086133
804086305
804086366
804087208
804087625
804087867
804088204
804088338
804089360
804089361
804089566
804089569
804089596
804090139
804090629
804090728
804091629
804092304
804092546
804092777
804093067
804094065
804094195
804094256
804095190
804095236
804095367
804095537
804095669
804097566
804098298
804098674
804099035
804099169
804099233
804099487
804099674
804100227
804100266
804100269
804100811
804100911
804100936
804101273
804101827
804102475
804102480
804102542
804103519
804104419
804104580
804105056
804105591
804105593
804107258
804107378
804108196
804108819
804109115
804109151
804109176
804109705
804110130
804110218
804110338
804110726
804111958
804113596
804114725
804115001
804115364
804116308
804116604
804117368
804118181
804118605
804118999
804119869
804120144
804121578
804121904
804122054
804123442
804123546
804124447
804124488
804124689
804124779
804125389
804125394
804125474
804125510
804125728
804126288
804127283
804127696
804128022
804128151
804128342
804128453
804129358
804129516
804130245
804130265
804131398
804132984
804133980
804134576
804134581
804134694
804135296
804135430
804135596
804136332
804137208
804137700
804137826
804137932
804138292
804138495
804138714
804138739
804139011
804139206
804139221
804139248
804139536
804140651
804141834
804142728
804142767
804142828
804143128
804143838
804144347
804144437
804145157
804146165
804146511
804146516
804146537
804146761
804147453
804148107
804148436
804148621
804149701
804150129
804150299
804150778
804150844
804152154
804152264
804153541
804153642
804153843
804154117
804155745
804156002
804156298
804156362
804158450
804158547
804159837
804160090
804161167
804161242
804162095
804162724
804162911
804164576
804165610
804165683
804165976
804167474
804168903
804168982
804169295
804169890
804171347
804171848
804172782
804173124
804173642
804174397
804174459
804175156
804175481
804176313
804176747
804176913
804177005
804177301
804178675
804178989
804179185
804180285
804180369
804181146
804181180
804181245
804181436
804182621
804182811
804182876
804183798
804183967
804184230
804184613
804185353
804185532
804185765
804186615
804186744
804187000
804187404
804187456
804187592
804189210
804189658
804189743
804190166
804190434
804191420
804192076
804192310
804192380
804192877
804193030
804193499
804194041
804194169
804194171
804195073
804195348
804195406
804196452
804196956
804197408
804197861
804198765
804198970
804199187
804199237
804199288
804199718
804200103
804200177
804200904
804201661
804201765
804202610
804203863
804203947
804204510
804204794
804205480
804206275
804206309
804206394
804206754
804206757
804207993
804208377
804210175
804210399
804210621
804211600
804211778
804212145
804212815
804213273
804213330
804213690
804214356
804214492
804214597
804215479
804215695
804216022
804216028
804216207
804216258
804216437
804216516
804217633
804218416
804218674
804218957
804219257
804219572
804219753
804220086
804221178
804222339
804223227
804223394
804223758
804224467
804224473
804224634
804224840
804225404
804225469
804225976
804226079
804226171
804226845
804227191
804227346
804227578
804227591
804228638
804228918
804229068
804231385
804231718
804232234
804232503
804232760
804233788
804235033
804235129
804236167
804236437
804236561
804236994
804237480
804237600
804237840
804237853
804238106
804238196
804238713
804239760
804239819
804240015
804240260
804240327
804240420
804240604
804241459
804241630
804242224
804242549
804242751
804243083
804243262
804243642
804243745
804244006
804244094
804244147
804244333
804244469
804244757
804246445
804247326
804247344
804247510
804248195
804248504
804248652
804248786
804248988
804249469
804249725
804250256
804250447
804250799
804251972
804253042
804253140
804253204
804253336
804253698
804254200
804254267
804254720
804254804
804255334
804255608
804256463
804257202
804257265
804257424
804258006
804258813
804259073
804259379
804259446
804259534
804259623
804259665
804259680
804259803
804259892
804259957
804260590
804261363
804261669
804261722
804261826
804261897
804263278
804263369
804263980
804264468
804265686
804266152
804266460
804266463
804266767
804268364
804269280
804269818
804270148
804270191
804270456
804271400
804271800
804271877
804271977
804271981
804272051
804273104
804273131
804273194
804273213
804273726
804273997
804274066
804274100
804274178
804274214
804274282
804275201
804275803
804275879
804276468
804276566
804276920
804277481
804277761
804277785
804278713
804279089
804279099
804279877
804280239
804281176
804281576
804281807
804281845
804282168
804283429
804283499
804284362
804284474
804285056
804285361
804285557
804286146
804286208
804286272
804286393
804286513
804287394
804287964
804288486
804289375
804289562
804289598
804289735
804290069
804290333
804291228
804291243
804291509
804291796
804292140
804292157
804292691
804293017
804293322
804293413
804294367
804295721
804295890
804297067
804297272
804297712
804297744
804298398
804298935
804299139
804299318
804300020
804300765
804301017
804301057
804301468
804301901
804302246
804302305
804302532
804303155
804303636
804304695
804304705
804306437
804306468
804307036
804307065
804307230
804307533
804307574
804308071
804308761
804309863
804309909
804310047
804310648
804310677
804311631
804311846
804311864
804312083
804312095
804312347
804312587
804312773
804312854
804313623
804313762
804313935
804315088
804315100
804315298
804315324
804315403
804315517
804315594
804315964
804316707
804316839
804316960
804317123
804317501
804317775
804318970
804319477
804319661
804319987
804320142
804320566
804320688
804321947
804322544
804322777
804323440
804323684
804323840
804324034
804324614
804324618
804324745
804324898
804325004
804326530
804327128
804327190
804327267
804328040
804328195
804328997
804329104
804330352
804330436
804330563
804330581
804330682
804330699
804330708
804331147
804332097
804332509
804332525
804332829
804332975
804333171
804333268
804333421
804333717
804333817
804333963
804333985
804333991
804334439
804335442
804335627
804335957
804336501
804336720
804336816
804336968
804337159
804337303
804338140
804338144
804338863
804338899
804338946
804339135
804339146
804339532
804339770
804339796
804339797
804339900
804339942
804341037
804341464
804342032
804342291
804342821
804342852
804343680
804343777
804344374
804344378
804345004
804345642
804346560
804346901
804346936
804347102
804347188
804347409
804348036
804348106
804348332
804349800
804350067
804350503
804351872
804352034
804352040
804352818
804352841
804353156
804353244
804353356
804354251
804354437
804354447
804354584
804355063
804355113
804355146
804355299
804355663
804355745
804355966
804355996
804356003
804356717
804357054
804357473
804357573
804357639
804357805
804357966
804358926
804359037
804359086
804359436
804360053
804360057
804360072
804360149
804360174
804360290
804360519
804360675
804360806
804360807
804360819
804360930
804361080
804361125
804361259
804361724
804361749
804362491
804362544
804362681
804362789
804362821
804363058
804363609
804364286
804364966
804365120
804365690
804366032
804366437
804366465
804366670
804366793
804367831
804368061
804368535
804368556
804368558
804368877
804369016
804369437
804369571
804369686
804369865
804370022
804370126
804370330
804370544
804371051
804371582
804371592
804371848
804372081
804372276
804372451
804372466
804372541
804372632
804373409
804373676
804373677
804373738
804374834
804375044
804375141
804375194
804376001
804376078
804376079
804376136
804376421
804376638
804376831
804377229
804377337
804377707
804377856
804377927
804378219
804378446
804378461
804378522
804378829
804379385
804379829
804379855
804379959
804380053
804380394
804380422
804380515
804380562
804380984
804381041
804381352
804381660
804381786
804382106
804382266
804382843
804383449
804383596
804384326
804384862
804385274
804385656
804385658
804385701
804385711
804385847
804386025
804386070
804386874
804386902
804387126
804387382
804387425
804388288
804388327
804389085
804389526
804389577
804389612
804389640
804389655
804390071
804390306
804390360
804390432
804391321
804391767
804392187
804392398
804392507
804392958
804393170
804393250
804393324
804394193
804394241
804394430
804394545
804394921
804395024
804395427
804396111
804396326
804396656
804396794
804396836
804397170
804397293
804397357
804397427
804397694
804397761
804398215
804398389
804398737
804399188
804399194
804399274
804399342
804399805
804399876
804399949
804400489
804400801
804401023
804401322
804401478
804401733
804403021
804403123
804403348
804403471
804403567
804403699
804403728
804403759
804403761
804403898
804404643
804404687
804405061
804405065
804405615
804405779
804406132
804406782
804406942
804406946
804406975
804407074
804407288
804407348
804407394
804407575
804407714
804408316
804408586
804408740
804409150
804409199
804409270
804409467
804409742
804409877
804410132
804410214
804410268
804410445
804410614
804410631
804411041
804411166
804411689
804411931
804411951
804411952
804412009
804412657
804412746
804413281
804724476
804770299
804770588
804771153
804771423
804772937
804784461
804785051
804785570
804785677
804786577
804787634
804792808
804795087
804796499
804796755
804796799
804797789
804802786
804803088
804804602
805176306
805179591
805179676
805179951
805180149
805180284
805180343
805180537
805197797
805199199
805199275
805199689
805199813
805200189
805201520
805202308
805202637
805202958
805203477
805203888
805203910
805204314
805205040
805207743
805208205
805208922
805212245
805212437
805212611
805214137
805216718
805216851
805216882
805776575
805777977
805780027
805780820
805781657
805781877
805782389
805782436
805782903
805783956
805785456
805786596
805787117
805787991
805788610
805788986
805789993
805790398
805792804
805793225
805794863
805795192
805797241
805797340
805797413
805798112
805798572
805799011
805800319
805803186
805804107
805805533
805813440
805813727
805813843
805833256
805834488
805835114
805835180
805836171
805836594
805839382
805840619
805841802
805842124
805843523
805844585
805853667
805853834
805854397
805859441
805860081
805860473
805860913
805861599
805862085
805862747
805863599
805863898
805864105
805866687
805867012
805867510
805867673
805868083
805868562
805869419
805870169
805870949
805871516
805871795
805873843
805874293
805874507
805875928
805876224
805876444
805876927
805876933
805877144
805880324
805880493
805880958
805883852
805884346
805885291
805889559
805889562
805890234
805890623
805890765
805891375
805894386
805895698
805896837
805896978
805897029
805898649
805899983
805901540
805902475
805903138
805903778
805904603
805904936
805905520
805907078
805907294
805908294
805908689
805909535
805909765
805910429
805912761
805912846
805913207
805913355
805913660
805913714
805914214
805914878
805915411
805916894
805917344
805918443
805918738
805919245
805919315
806076760
806078090
806078206
806078707
806103509
806106585
806108215
806109213
806109508
806109794
806110524
806111642
806112624
806113691
806113990
806211681
806211726
806212519
806212920
806214953
806215103
806218270
806218935
806220271
806221212
806221223
806223686
806225309
806226205
806226365
806229462
806230970
806233395
806233637
806234252
806234429
806238267
806239464
806240085
806242416
806242661
806243039
806243335
806243622
806243968
806245137
806246122
806246481
806246766
806246872
806247162
806247539
806247564
806247946
806248160
806249046
806249219
806250898
806255015
806255546
806256950
806258946
806259518
806260021
806261943
806264910
806266432
806267846
806268013
806272152
806274745
806277645
806278364
806283841
806284675
806286100
806286490
806286604
806287268
806287535
806288728
806289104
806289737
806290301
806290307
806292131
806292711
806293333
806295392
806295454
806296255
806296350
806298738
806299573
806299831
806300513
806300979
806301171
806301246
806301772
806303241
806303651
806303811
806304889
806306861
806308991
806310893
806310916
806311147
806312051
806312148
806314545
806315779
806316106
806316450
806316656
806320225
806361274
806362129
806366269
806368159
806369924
806371175
806371212
806371447
806371620
806396129
806398555
806398673
806400866
806402061
806403266
806403435
806403524
806403906
806404023
806404970
806405682
806405964
806407789
806410942
806411535
806414168
806414278
806414405
806414802
806415360
806419032
806419944
806420197
806420356
806420485
806421857
806423458
806423729
806424985
806426937
806428435
806431239
806431440
806433390
806437248
806442793
806444751
806445028
806447928
806448332
806449234
806449357
806449518
806450054
806451395
806453023
806455490
806456685
806458145
806459645
806461333
806463269
806463880
806464267
806485142
806486415
806486697
806487094
806488411
806489375
806491450
806493647
806494635
806497965
806500854
806503196
806503428
806505420
806505464
806506661
806508501
806512638
806512640
806513423
806514207
806515698
806519155
806519999
806522894
806522959
806523734
806528234
806528504
806528872
806530279
806531103
806531727
806532384
806535019
806536102
806536813
806539040
806543183
806543581
806547214
806547249
806547590
806549073
806549180
806551830
806552273
806552996
806553260
806553268
806554806
806554808
806554995
806555729
806560341
806565298
806566144
806566635
806567206
806567946
806569669
806570917
806571379
806572234
806572324
806572432
806575086
806575267
806575599
806575912
806576577
806577700
806579227
806579874
806581051
806582621
806582742
806583208
806583475
806583503
806584055
806584930
806585703
806586688
806587736
806588958
806589127
806590491
806590905
806591008
806591921
806593704
806596172
806596216
806598126
806599914
806603500
806605187
806606432
806609843
806611112
806611144
806611998
806612553
806612570
806613296
806614007
806616065
806616074
806617117
806617681
806618290
806618520
806618936
806620413
806620608
806622357
806622800
806622950
806624189
806627347
806633075
806633898
806634777
806635620
806638443
806641792
806642808
806643486
806647396
806648004
806648248
806650681
806654728
806656242
806656897
806657086
806657104
806657785
806658327
806659233
806661936
806663716
806665300
806667520
806667716
806669711
806669881
806670667
806670995
806673984
806674284
806676198
806679154
806679803
806680069
806680662
806682201
806684799
806684931
806685782
806685908
806687967
806688099
806691423
806692251
806699186
806699760
806701596
806704439
806704512
806709127
806710456
806710896
806711121
806712647
806713335
806713846
806716255
806716559
806719188
806721844
806722304
806723067
806723322
806723638
806727600
806729936
806734420
806735204
806740985
806741407
806743641
806744290
806744990
806745450
806745527
806746139
806746140
806748582
806749654
806749752
806751766
806752253
806752776
806753714
806754741
806755856
806757534
806757793
806759229
806761458
806763506
806763895
806766467
806768509
806771090
806772799
806776334
806778329
806779149
806780986
806785049
806785659
806785934
806786198
806787645
806788607
806789719
806790009
806790390
806794915
806796649
806804699
806805047
806807289
806808432
808295927
808296436
808296456
808297400
808305226
808305960
808307216
808309825
808311404
808334605
808335134
811185672
811186697
811191033
811191107
811191333
811191697
811194487
811195448
811196107
811196429
811197464
811197762
811198716
811199059
811199176
811201689
811202511
811202764
811204863
811214250
811222036
811222096
811224867
811227753
811230061
811232240
811232804
811233794
811234833
811235147
811236022
811238162
811238657
811241329
811243188
811243507
811244759
811246541
811247198
811247265
811247284
811247551
811250811
811252451
811254436
811256104
811257326
811260209
811260574
811260714
811261059
811263764
811263837
811270795
811271809
811274590
811277901
811278375
811280213
811284233
811285641
811286942
811289682
811310111
811313416
811314165
811316178
811321548
811322368
811373961
811375667
811377164
811381993
811384565
811389691
811390701
811391329
811396909
811397146
811397305
811398375
811400028
811401965
811410091
811428233
811429262
811430981
811438277
811444920
811450231
811453783
811455952
811458834
811461155
811463418
811463997
811465079
811466673
811467141
811470491
811473490
811474697
811474704
811475207
811476304
811476846
811477945
811479428
811482173
811484763
811486158
811488320
811488325
811492298
811493772
811496381
811496949
811498509
811498533
811500151
811507144
811509511
811509822
811513045
811514768
811516876
811517839
811519465
811520699
811523429
811523926
811523982
811525663
811529147
811529373
811534468
811536735
811540905
811544328
811547074
811549503
811549761
811552697
811553304
811558283
811562927
811563200
811563399
811564755
811565872
811571510
811575436
811577846
811578203
811587575
811589180
811589660
811590526
811594827
811596837
811602546
811605734
811610379
811610385
811610963
811619683
811622218
811624095
811625885
811633251
811634959
811637141
811638037
811640068
811641946
811652061
811663584
811665555
811666296
811666742
811669232
811673141
811677929
812250619
812268521
812268629
812271564
812271767
812277889
812279241
812279748
812282361
812358628
812360195
812360435
812362510
812367611
812367975
812368813
812372165
812373492
812377943
812381468
812381720
812382849
812384330
812384919
812388685
812397553
812398560
812399619
812400491
812409649
812414152
812424616
812434550
812435620
812438077
812613872
812615905
812702888
812706679
812708600
812709418
812711246
812712223
812715174
812717425
812718159
812718574
812723713
812726709
812728560
812731975
812732195
812732966
812734006
812735793
812737163
812740758
812743675
812743682
812745302
812751457
812752757
812754980
812758654
812761294
812761394
812765608
812769254
812771695
812773830
812776052
812783536
812785089
812785132
812787337
812787554
812788884
812792212
812798032
812805660
812808834
812812345
812814597
812814701
812815784
812818886
812820703
812820853
812822302
812822970
812830111
812831915
812832491
812832596
812832727
812840678
812841335
812842731
812842978
812844105
812848210
812850381
812850969
812854913
812855126
812855964
812858715
812859875
812862698
812867036
812873632
812874916
812876987
812877177
812877310
812879781
812881475
812881554
812883478
812888311
812889595
812890671
812894962
812896959
812899196
812900913
812902188
812904690
812912817
812914964
812915287
812916424
812924490
812924542
812925046
812927557
812929298
812933848
812934499
812935513
812940714
812945678
812947446
812947811
812948291
812949630
812956638
812959440
812959670
812960627
812970344
812970958
812970971
812970975
812971192
812974471
812975044
812978392
812978830
812986654
812988329
812988343
812989370
812992389
812994305
812996211
812998087
812998284
812999449
813000840
813001536
813001793
813002008
813009122
813014030
813018894
813020618
813022936
813027267
813031574
813032905
813035417
813036229
813037077
813039994
813041976
813043212
813045077
813048682
813050633
813058233
813063065
813081209
813083555
813086342
813087027
813087729
813090300
813091308
813102383
813105420
813105507
813111169
813113135
813113453
813118819
813122268
813127876
813127920
813127953
813132356
813141397
813143018
813143065
813148928
813152960
813159085
813159645
813160381
813164993
813167221
813169319
813171190
813176541
813177608
813178216
813178743
813180016
813185853
813185927
813188130
813191846
813195498
813201905
813203415
813205069
813216682
813224483
813235681
813236013
813236199
813236207
813240047
813242908
813247687
813248966
813254471
813254944
813264173
813267566
813283011
813287147
813296442
813299270
813304140
813306783
813308568
813329086
813331971
813332571
813335965
813340766
813344514
813350497
813350649
813354161
813387379
813417803
813420298
813424220
813425423
813429441
813436887
813442194
813454272
813458179
813461245
813466719
813469185
813537775
813541637
813549413
813556665
813570155
813571967
813574097
813574659
813578464
813582159
813599593
813605682
813609683
813614148
813618587
813619964
813620732
813624466
813625042
813639996
813640186
813641774
813642094
813662005
813663364
813666658
813714039
813714811
813720548
813721259
813721770
813723173
813726961
813730842
813731636
813736194
813737551
813737612
813742102
813743702
813750020
813753657
813754575
813756131
813757596
813757740
813761077
813778674
813779581
813781887
813792672
813793989
813798045
813800061
813800259
813804217
813805029
813808549
813814281
813815299
813819567
813819604
813820954
813825637
813826382
813834544
813838528
813848389
813849989
813855458
814917402
814918291
814924211
814927909
814931141
814938880
815195501
815198288
815199968
815204065
815205725
815212280
815212524
815212897
815215729
815223555
815237245
815239711
815239717
815241839
815246419
815249831
815249971
815269356
815295104
815298897
815300107
815304707
815311050
815318985
815328876
815329379
815338241
815340960
815341916
815348034
815351847
815369198
815369629
815371092
815371763
815374353
815374656
815395957
815413296
815423287
815423333
815423486
815425273
815429340
815432024
815441998
815448434
815455787
815463517
815469719
815480595
815675996
815706905
815712255
815713097
815716813
815717090
815725005
815726292
815780479
817029178
817032447
817036611
817039366
817039597
817039776
817042152
817044572
817046199
817046201
817047857
817049319
817050755
817054385
817054706
817055024
817055701
817056885
817057328
817059340
817062079
817065230
817068918
817069050
817071244
817071804
817076332
817077216
817077371
817078375
817081020
817082754
817085867
817088162
817097848
817106849
817118958
817123734
817134867
817150330
817151635
817152093
817153166
817153289
817155759
817160193
817161663
817161989
817164760
817164968
817168019
817169779
817173410
817174823
817176294
817178067
817178436
817182763
817189692
817194683
817195537
817196700
817197533
817202141
817204919
817213561
817213784
817214964
817215939
817218494
817219674
817223528
817225051
817225823
817234657
817235063
817237145
817244860
817246502
817250909
817254685
817256916
817257036
817293548
817295190
817300669
817304817
817309553
817313791
817313932
817334506
817334775
817336494
817338086
817338912
817339091
817341364
817341816
817345331
817349724
817350334
817353183
817353844
817355609
817355637
817356800
817357792
817358281
817360717
817361836
817361865
817363155
817364804
817365865
817370336
817370900
817375913
817378684
817378943
817381194
817383100
817394269
817406999
817409508
817409510
817409771
817410476
817417114
817418348
817419901
817421471
817426152
817426487
817442563
817457485
817458145
817460012
817479920
817484452
817484786
817491375
817494203
817500590
817503585
817513153
817516964
817521099
817521666
817523174
817524406
817526881
817543459
817549401
817549939
817550585
817551987
817553458
817557959
817583211
817587847
817589166
817590957
817591985
817594029
817596771
817609496
817618472
817627232
817629102
817629342
817630788
817634473
817639508
817650264
817652834
817656122
817664404
817665426
817672017
817682196
817700094
817712834
817713216
817714104
817715769
817716010
817729138
817732833
817734655
817737312
817741163
817744615
817754398
817755244
817758048
817764203
817774996
817777874
817781982
817784344
817788251
817792059
817798836
817798919
817803816
817810960
817812213
817813092
817815075
817817970
817825340
817827693
817829798
817831435
817831828
817836583
817838788
817838793
817844425
817848953
817853377
817858851
817861899
817864288
817867616
817872529
817880508
817881770
817885323
817888167
817889708
817891310
817894922
817895344
817895878
817905667
817907251
817907430
817907878
817908067
817910743
817911025
817915502
817918591
817920041
817923618
817925001
817926893
817932767
817937876
817942167
817942886
817943496
817943586
817947310
817948473
817954598
817955153
817963795
817969046
817969458
817971372
817976528
817988937
817993663
817998600
818001624
818003083
818004415
818012037
818032991
818034375
818037490
818038052
818039083
818045045
818046323
818050359
818060744
818069078
818069851
818070410
818077732
818087469
818089151
818096973
818098903
818099042
818107967
818111527
818114658
818126777
818127379
818127648
818146248
818151524
818151728
818152100
818160663
818162846
818163037
818164928
818165512
818171699
818175858
818179748
818185814
818198884
818202242
818208837
818209447
818209528
818211253
818213239
818213310
818218748
818220180
818232494
818238056
818240345
818240949
818244001
818244027
818248717
818250369
818251038
818251761
818254905
818254978
818258908
818259480
818261036
818261623
818263591
818264709
818265383
818265466
818268980
818269908
818271931
818276965
818277403
818285618
818286256
818288043
818289581
818296411
818299315
818301266
818307667
818308062
818308201
818308360
818308945
818311028
818311401
818312110
818318361
818320414
818322329
818323224
818324198
818335388
818336065
818336788
818337514
818338039
818339861
818343421
818344714
818347009
818357783
818357844
818364893
818366899
818370217
818371143
818372499
818376016
818378638
818378741
818379496
818382186
818387044
818387283
818388878
818391461
818393495
818394894
818395271
818395782
818396167
818396659
818398974
818402097
818402132
818405152
818419038
818422708
818426390
818437353
818442158
818444846
818446188
818446407
818448891
818453713
818456503
818456967
818460470
818463232
818463987
818466709
818472824
818483907
818486707
818490807
818490819
818491307
818491819
818492207
818495735
818497169
818501314
818501362
818513306
818516374
818523287
818526189
818526502
818528260
818529394
818529730
818531549
818539889
818547339
818559079
818561746
818568222
818571014
818574821
818586377
818588900
818589212
818589292
818595272
818595341
818599097
818603737
818606151
818606619
818606785
818610969
818613742
818624460
818625954
818626339
818633156
818634003
818643239
818657190
818663597
818664159
818672795
818673923
818676885
818685007
818685903
818689080
818693732
818694648
818695040
818696686
818700637
818704493
818705552
818710620
818717555
818726330
818753338
818755112
818755332
818757944
818760291
818770771
818773841
818782585
818785282
818787979
818798416
818798562
818799530
818803940
818812856
818815560
818817688
818821103
818821246
818826205
818833872
818833960
818834764
818835204
818835955
818838466
818839453
818845383
818849916
818854326
818854797
818856126
818862129
818866640
818872226
818874766
818881974
818884657
818887594
818887976
818890015
818890536
818894807
818896413
818897549
818900754
818902210
818910843
818914446
818914895
818915893
818920102
818926143
818928232
818930004
818931716
818936414
818938018
818940877
818941443
818944101
818948383
818949328
818954708
818955439
818955506
818958599
818961227
818962199
818963423
818964548
818964560
818973625
818973735
818978985
818981331
818987722
818992262
818997412
818998614
819000608
819000778
819002727
819003115
819003147
819005209
819009328
819025032
819025522
819027806
819044235
819047147
819047929
819055789
819055882
819062516
819083994
819089215
819091008
819097878
819102884
819106714
819107979
819113586
819116786
819117210
819121222
819122647
819122894
819126971
819133103
819134081
819139261
819139820
819141229
819151489
819156142
819159605
819161080
819161887
819166573
819170725
819178974
819181664
819191417
819191567
819193838
819195016
819211691
819213834
819223214
819237180
819256582
819268510
819273437
819282501
819289353
819290522
819291539
819297338
819305181
819322177
819325819
819341896
819342818
819349647
819352006
819356901
819362803
819364973
819367559
819367754
819375061
819375334
819380689
819383153
819388972
819393825
819397548
819402749
819404049
819408024
819415983
819416207
819416466
819422693
819422983
819425254
819432803
819442769
819459091
819470196
819473047
819486800
819488998
819490559
819493773
819493894
819494478
819501541
819515434
819522749
819537670
819544872
819558322
819570380
819579811
819583300
819591176
819595603
819600952
819603351
819607184
819611051
819611858
819619195
819621489
819626157
819630979
819632647
819636486
819644333
819648249
819654376
819655519
819656324
819658981
819660257
819667661
819672493
819673194
819673295
819673895
819675514
819675592
819679340
819685221
819691142
819692423
819695362
819698306
819698855
819707047
819707811
819713470
819719816
819721597
819725743
819730861
819735906
819746533
819747648
819750607
819754779
819761034
819765511
819778673
819778820
819780657
819786169
819786984
819789662
819789934
819795336
819795403
819796579
819797594
819799596
819804447
819807927
819811908
819812220
819813633
819815354
819817383
819819248
819821621
819824698
819833210
819833428
819836732
819838171
819840503
819841226
819844862
819845803
819846823
819848544
819853985
819858206
819860213
819863189
819863579
819864248
819865709
819867584
819868479
819872171
819872642
819873413
819873755
819875924
819881445
819886499
819891705
819898905
819915184
819935184
819935826
819944403
819947095
819948828
819951699
819953233
819955482
819956798
819957374
819960544
819961461
819962547
819962867
819962934
819963073
819963883
819965097
819965154
819967805
819968536
819968575
819972261
819973256
819974459
819974951
819978858
819979238
819981156
819990240
819993811
820007505
820007555
820027341
820028885
820030342
820030383
820031312
820031872
820032670
820032922
820033300
820033697
820034402
820034438
820034871
820044873
820045232
820045320
820046050
820144798
820146401
820147672
820148795
820148885
820148908
820149046
820149456
820149579
820150253
820150381
820150750
820151771
820151793
820151873
820152127
820152929
820153522
820154122
820154239
820155285
820155507
820155949
820156064
820157171
820157552
820158180
820159304
820159864
820159935
820160025
820160056
820160379
820160426
820163546
820163648
820163773
820164108
820164244
820164326
820164332
820164376
820164975
820165576
820165988
820166060
820166199
820166414
820166941
820167035
820167072
820167213
820167848
820168582
820168953
820169148
820177952
820215369
820215601
820216408
820222926
820224890
820225433
820227109
820256930
820266160
820274772
820279400
820281135
820283446
820293907
820297625
820306298
820319014
820322112
820324133
820326362
820326512
820329173
820329372
820329806
820333686
820335688
820335891
820338420
820340510
820348533
820353440
820358158
820359022
820361321
820365802
820371090
820376659
820377527
820377678
820379673
820379914
820381034
820381140
820387000
820387970
820388311
820390482
820391414
820392808
820394669
820395725
820400688
820405685
820405758
820406413
820409646
820409778
820411861
820412046
820422276
820422674
820425087
820428913
820429212
820432476
820435605
820437870
820441203
820442694
820446166
820464865
820466568
820469726
820470198
820470203
820473193
820473685
820478270
820478414
820479926
820481691
820483250
820485074
820489547
820491086
820492020
820492676
820493152
820493332
820494173
820496253
820497509
820502161
820503421
820504059
820504128
820504753
820505720
820506648
820507157
820508705
820509139
820513932
820514588
820515475
820516747
820517530
820519765
820522023
820526010
820527001
820533188
820541343
820545899
820559092
820559308
820560762
820563115
820563243
820566288
820566328
820567541
820569315
820569331
820570146
820575434
820578791
820580461
820580610
820581376
820582519
820582574
820585099
820585997
820587465
820595039
820595593
820596111
820599573
820600725
820601687
820601724
820612759
820614149
820615202
820615593
820616693
820617338
820619830
820620997
820621930
820625269
820627063
820629281
820632535
820636291
820638226
820638328
820642854
820645125
820648621
820649183
820650015
820654450
820655959
820658352
820658614
820659149
820660667
820664654
820664776
820666590
820667193
820674492
820675211
820676247
820676582
820677137
820680761
820682730
820683129
820687363
820687581
820688875
820694797
820701100
820703678
820703715
820705716
820707931
820708590
820711617
820725042
820727287
820728065
820728534
820729102
820731024
820731169
820731304
820731588
820731672
820735937
820736618
820737988
820738032
820741401
820743444
820746025
820746743
820746746
820747596
820747890
820748407
820748658
820748938
820750794
820751670
820754736
820755862
820761031
820762019
820766537
820766704
820768411
820769515
820769748
820771026
820772452
820773127
820773847
820774097
820775553
820776292
820777157
820777275
820778395
820779688
820783081
820783731
820784042
820786214
820788432
820788490
820791733
820792900
820795116
820798328
820798650
820800332
820809176
820810114
820810821
820814084
820828974
820829358
820833102
820834778
820841233
820844711
820846593
820849927
820851385
820853058
820854811
820857301
820860326
820866593
820871053
820872003
820879501
820880875
820884166
820886975
820893703
820896051
820899269
820916028
820926458
820932039
820935416
820935880
820937804
820940054
820942879
820960936
820962230
820967627
820967771
820971229
820971798
820973910
820976436
820978208
820988010
820988370
820989316
820991499
820992231
820994042
820995265
820995847
820996118
820998057
820998900
820999115
821005027
821007810
821008929
821015704
821022083
821022317
821023729
821024890
821029560
821032281
821032513
821034635
821040734
821047978
821050100
821053564
821057068
821057504
821057722
821057990
821059320
821061350
821061407
821085304
821091316
821098807
821111728
821114075
821114359
821115603
821120165
821124980
821138721
821140537
821141849
821146559
821153333
821153739
821154147
821155121
821156052
821160785
821162852
821178966
821185034
821190579
821190661
821196027
821198814
821209206
821216323
821226257
821243597
821245531
821255449
821259040
821261050
821267648
821280158
821288023
821297719
821298920
821300459
821300596
821301468
821307379
821307671
821308353
821309470
821313275
821314840
821316508
821318149
821323926
821324086
821326890
821330750
821334187
821337328
821337555
821347039
821353406
821358301
821361537
821364003
821369543
821373392
821375622
821382480
821386171
821387549
821388692
821391606
821393401
821396263
821410364
821412747
821414494
821415238
821415309
821419471
821419746
821421542
821424016
821425272
821438528
821438583
821439278
821448111
821453267
821456560
821457622
821458835
821458841
821463449
821472790
821474655
821480791
821481781
821497426
821503966
821504467
821511383
821512616
821514734
821516861
821526189
821528186
821529301
821536117
821539225
821541472
821562613
821565434
821568827
821571566
821575632
821575787
821579441
821582325
821582890
821584253
821589964
821590219
821597034
821600071
821602405
821603031
821603749
821614501
821618607
821619904
821638751
821652581
821671975
821672000
821675069
821675382
821685488
821691086
821691306
821691924
821698602
821700562
821704029
821706719
821709432
821715776
821716064
821717927
821717994
821726967
821733161
821734903
821747203
821749342
821751814
821753987
821754620
821756773
821758636
821761194
821772616
821774028
821774825
821776545
821777957
821781986
821788222
821788444
821790985
821806342
821806370
821807959
821810886
821811111
821816984
821821063
821828608
821829542
821831688
821835819
821837494
821839962
821842643
821845223
821850341
821850875
821852545
821854415
821856487
821859434
821861362
821867353
821867415
821867904
821881279
821882563
821884470
821885852
821887899
821889272
821894998
821897646
821900609
821901685
821903563
821903698
821914075
821917938
821921525
821923445
821928731
821933525
821939324
821942425
821942919
821944336
821944708
821951881
821956968
821957136
821957662
821959997
821964897
821965659
821965963
821969633
821970845
821972450
821974775
821977341
821977522
821978452
821981030
821981369
821981667
821985395
821986035
821987800
821988249
821993957
821995480
821996269
821999084
821999623
822000394
822004318
822004686
822004966
822005223
822005691
822008836
822010174
822011653
822014062
822017094
822017262
822018404
822020938
822024649
822025640
822028318
822028904
822031328
822031354
822031442
822031738
822033930
822040530
822045600
822052051
822053179
822053643
822053819
822057301
822060219
822061629
822062675
822063213
822063264
822063317
822065448
822067960
822068685
822070044
822074460
822078383
822078705
822083140
822086114
822089578
822090622
822093015
822101201
822104147
822106167
822110233
822112504
822115679
822120060
822122610
822123928
822126245
822126620
822128411
822130264
822132940
822133882
822136127
822137226
822139029
822145894
822148532
822154249
822168073
822179010
822180117
822181537
822197041
822197852
822204833
822219874
822222621
822229663
822229958
822235653
822235905
822235926
822238594
822242076
822247673
822248519
822248871
822252767
822252787
822253113
822254691
822259239
822260556
822260574
822267226
822268902
822276821
822286919
822287489
822295806
822299395
822303125
822309126
822314986
822320735
822323963
822326111
822326835
822331559
822332752
822337503
822349905
822357804
822358539
822360622
822360714
822362614
822365533
822365617
822372367
822377097
822382373
822384177
822387700
822390932
822396050
822398929
822426315
822429599
822430845
822432913
822433924
822439444
822446694
822451038
822452523
822454523
822454655
822458608
822461793
822467387
822468033
822484276
822485848
822492630
822494373
822496805
822506410
822510305
822513862
822516630
822522288
822522531
822523077
822524770
822528086
822528436
822539388
822542096
822542310
822544315
822548942
822552374
822554014
822557576
822558906
822565430
822567875
822567920
822569558
822572020
822575401
822580260
822583367
822584550
822586084
822588931
822596698
822618658
822620003
822620810
822621290
822629693
822629699
822631474
822632820
822635454
822636812
822643413
822644723
822648503
822650300
822653353
822656630
822658377
822661287
822665284
822666222
822676394
822676838
822678500
822679257
822685274
822687272
822692165
822698070
822711486
822716068
822739096
822740092
822746484
822754978
822760339
822762066
822763031
822763730
822766304
822768096
822778547
822778775
822782016
822782578
822786564
822793117
822800035
822800609
822801890
822812907
822819294
822819759
822823768
822827458
822831672
822843137
822850540
822851990
822863809
822863854
822865283
822871854
822872570
822887460
822893232
822905262
822910873
822911421
822914445
822917135
822920936
822926723
822934137
822934892
822934960
822935214
822936211
822946002
822948476
822953490
822956004
822963128
822965436
822970107
822970952
822972868
822976952
822980623
822985110
822987115
822989505
822990418
822994937
822995242
822997746
823004018
823012085
823017297
823020478
823021449
823023849
823026785
823039558
823047670
823050072
823054924
823058805
823061835
823068854
823073293
823087102
823100616
823102945
823108510
823114817
823116978
823117319
823124241
823130402
823131413
823131492
823131742
823132043
823134602
823135675
823138491
823143082
823143105
823145637
823150773
823165648
823171525
823177093
823187935
823192250
823193729
823194372
823197603
823199325
823203050
823204200
823215144
823218706
823222839
823228149
823230135
823230560
823242132
823244085
823245153
823249138
823250637
823253085
823257782
823260264
823263016
823264692
823266634
823267226
823267866
823273415
823274304
823277726
823279168
823279438
823282889
823283427
823283727
823284820
823286201
823295004
823295784
823295901
823296585
823305308
823306613
823310388
823311232
823311339
823315574
823317827
823318046
823327365
823328072
823343225
823344375
823358549
823367668
823371589
823374591
823374998
823377212
823378683
823379182
823381198
823383438
823386731
823390857
823392416
823392789
823394730
823396273
823396434
823396801
823406418
823407314
823411787
823414166
823418799
823419157
823425797
823426759
823427296
823432975
823434504
823442195
823446591
823448545
823450561
823455088
823455792
823459717
823471422
823503916
823506357
823509472
823517578
823525631
823529821
823535270
823538243
823539739
823539801
823543376
823564082
823567550
823570418
823571317
823577400
823579232
823585583
823588063
823597059
823603045
823606397
823614063
823615816
823620715
823623186
823623207
823628077
823632465
823632993
823636018
823643989
823648630
823658217
823658521
823660418
823661231
823664151
823664699
823666832
823668458
823669276
823671925
823678548
823680375
823684081
823687684
823691290
823697149
823701618
823702613
823705401
823710726
823713594
823714885
823715988
823716752
823717420
823718677
823721758
823723728
823727153
823731279
823734577
823734794
823737397
823745144
823745452
823756644
823762040
823767672
823772070
823780098
823781952
823783273
823792892
823799874
823800998
823806394
823807436
823809800
823811232
823813690
823816259
823817057
823818405
823822401
823835993
823839102
823846870
823847153
823847220
823847995
823854709
823858038
823859258
823859494
823862089
823862196
823878650
823916515
823929656
823933799
823935943
823945584
823953035
823966205
823968259
823969754
823976951
823981273
823981497
823982823
823983330
823986501
823990396
823998691
824002431
824004123
824006668
824011119
824020136
824024045
824024566
824027363
824028795
824030234
824034129
824035578
824039163
824040680
824046990
824063244
824064749
824069740
824079164
824098287
824109723
824110371
824110483
824111790
824121088
824133784
824134176
824139649
824140277
824147091
824147454
824156422
824159503
824163355
824166505
824178571
824180645
824186188
824186290
824192445
824194176
824199116
824205670
824216423
824219329
824225501
824229503
824236616
824258233
824260321
824264755
824266090
824267588
824271571
824274872
824279803
824280443
824280905
824285698
824288829
824290959
824292783
824295025
824297044
824299461
824299891
824303277
824311666
824312462
824315708
824319092
824321335
824331143
824335575
824336292
824340727
824346697
824354380
824371537
824374604
824380642
824383796
824384567
824389403
824391824
824393267
824397904
824398363
824401733
824409801
824417315
824419081
824428503
824436530
824442916
824447328
824454342
824457330
824458202
824459380
824460124
824465494
824474784
824475310
824475902
824476584
824480771
824481421
824484237
824493164
824493932
824497387
824500779
824502213
824503067
824505790
824507372
824508058
824508335
824510855
824511351
824513358
824517380
824518496
824522083
824525048
824537596
824538046
824540077
824551442
824553400
824553432
824556488
824556888
824558203
824573941
824577930
824593701
824601477
824606145
824607747
824611848
824623647
824627415
824632701
824652266
824652784
824654112
824656384
824662754
824671935
824672570
824680504
824680900
824685187
824687801
824689999
824691038
824694333
824697873
824702779
824703907
824709969
824715506
824718306
824719854
824725375
824727565
824732013
824733248
824738887
824757462
824760580
824760913
824766266
824766873
824770287
824772598
824773472
824775616
824776172
824779098
824781797
824783697
824784958
824793698
824799656
824799916
824805092
824805872
824810518
824815957
824818699
824834743
824835300
824843381
824849396
824856958
824858073
824859811
824867399
824867927
824875072
824875903
824882827
824883280
824888791
824889938
824890054
824891714
824894077
824899026
824901340
824902332
824904583
824905680
824915629
824931516
824940830
824965804
824966114
824967841
824968643
824971278
824978543
824982382
824986141
824990003
825004298
825008666
825010723
825011250
825014405
825029801
825031317
825042641
825044834
825052762
825055889
825056194
825056266
825060632
825061033
825065177
825066458
825067896
825081530
825091203
825096715
825099893
825103070
825103988
825107312
825112727
825129054
825135299
825135393
825146983
825151196
825152058
825154351
825156549
825159603
825161868
825166224
825169527
825170751
825171252
825171302
825172302
825172682
825176336
825184959
825190540
825193163
825194109
825197887
825211555
825224215
825224475
825247337
825248035
825258172
825261171
825274964
825275523
825277514
825278801
825288566
825290785
825292548
825302560
825315320
825318454
825318713
825323609
825325000
825325951
825326627
825329861
825332861
825338798
825341000
825345092
825347989
825352176
825352285
825362217
825369954
825372850
825373976
825374596
825376240
825382587
825386953
825390642
825390829
825391694
825392477
825401735
825407575
825408770
825411665
825412950
825413829
825430179
825430952
825434391
825437154
825439284
825441966
825445930
825448803
825457755
825458720
825459685
825461455
825461464
825462466
825463374
825464774
825468518
825472771
825473680
825483238
825487368
825488517
825489378
825499755
825501922
825502360
825504165
825505502
825506031
825506935
825518377
825518856
825519853
825520533
825520794
825521461
825523827
825525268
825528024
825533021
825535053
825539502
825543604
825546157
825551281
825552050
825552280
825553958
825574497
825602658
825603087
825603554
825605038
825613447
825615983
825617255
825620099
825621663
825625135
825628955
825646013
825650644
825664578
825664932
825671322
825671678
825673298
825673408
825675734
825675954
825676501
825677979
825678051
825679503
825679824
825680702
825683642
825688119
825689978
825690224
825692525
825692551
825697419
825701955
825702450
825706989
825708800
825709580
825712240
825720727
825722876
825739317
825739746
825753878
825770667
825772649
825774648
825792980
825798328
825817374
825821496
825824442
825828063
825829735
825831727
825834200
825834606
825841056
825842666
825844018
825846148
825846210
825847087
825855895
825856002
825858071
825863017
826895273
826905151
826907528
826909197
826911819
826915342
826915470
826922610
826928129
826955018
826956984
826957546
826957563
826959297
826960667
826961114
826965801
826970050
826976181
826977939
826980622
826986973
826987466
826989015
826989564
826994906
827005622
827008673
827011795
827028526
827029940
827044083
827044399
827047177
827048483
827049085
827052434
827054371
827057107
827129166
827133517
827134748
827147899
827149993
827156857
827158984
827159168
827162011
827162331
827182812
827188017
827188412
827192210
827194970
827198292
827199339
827206257
827211564
827217853
827220421
827222367
827227016
827231793
827232594
827233243
827233499
827233501
827234030
827234035
827235590
827240107
827240800
827243762
827247286
827252862
827253172
827262052
827266603
827267451
827269348
827270031
827275966
827277831
827280227
827283608
827284479
827289314
827293400
827301953
827302441
827303295
827304942
827305616
827307019
827309381
827310492
827315112
827315316
827317458
827323308
827325859
827331544
827333421
827351666
827353714
827353887
827356059
827360543
827360712
827363613
827367333
827369725
827371570
827372357
827377817
827383461
827386035
827388644
827393048
827394855
827400551
827402166
827403557
827404161
827405947
827407100
827414105
827415285
827415287
827415722
827416518
827416597
827420596
827424835
827425148
827425568
827425876
827430217
827431334
827433033
827437716
827441181
827442380
827442747
827442748
827446485
827446748
827447289
827448636
827449583
827450252
827453980
827454872
827455952
827462470
827462958
827464993
827465452
827467630
827467809
827472592
827478858
827479452
827482882
827485891
827486270
827486365
827487511
827490318
827492594
827497265
827499140
827500217
827501696
827509795
827510007
827515799
827516623
827516800
827519075
827727435
827741409
827743205
827744666
827745984
827752480
827752935
827754052
827755791
827756084
827773539
827786612
827786830
827787836
827790698
827794593
827796883
827805075
827805216
827805865
827806922
827807678
827812912
827814000
827814407
827817506
827818065
827823412
827824431
827824669
827825772
827827961
827829421
827829787
827831334
827833510
827886604
827895997
827900651
827904597
827904789
827906268
828306776
828306782
828306842
828308255
828316049
828318691
828324008
828324083
828325192
828332756
828338009
828340313
828342670
828343480
828352523
828356166
828364220
828364737
828365421
828366547
828366746
828370105
828373488
828373990
828374312
828376343
828377062
828382242
828384275
828391691
828393216
828395943
828396875
828412581
828414136
828421063
828427168
828427663
828431572
828434091
828436948
828441131
828447872
828451074
828456452
828456908
828459226
828460954
828462553
828463724
828465826
828471857
828473103
828477115
828481520
828481924
828483658
828486092
828487896
828488419
828488839
828490638
828492398
828493107
828493141
828493734
828494661
828494968
828495549
828500049
828504746
828507825
828510029
828513032
828513509
828513544
828515752
828516694
828519780
828521349
828534755
828535535
828536973
828537305
828538740
828545154
828550746
828551335
828556077
828558665
828560018
828560705
828562470
828568482
828573592
828574187
828574230
828575698
828583771
828586751
828595676
828596697
828599109
828599380
828599492
828599590
828599650
828601195
828602634
828604399
828608688
828609402
828613215
828613482
828618401
828622985
828624215
828626492
828627382
828628477
828630334
828634136
828634560
828638713
828644059
828644171
828646070
828646571
828647080
828649159
828649339
828650288
828654073
828655121
828659565
828664393
828667800
828670724
828673186
828674312
828675531
828676780
828677828
828678972
828679570
828680315
828685218
828689550
828691159
828697064
828698195
828700045
828700716
828704936
828705102
828712513
828713985
828714480
828715697
828719693
828721857
828722187
828723699
828728810
828730979
828733015
828736214
828736498
828742906
828742954
828746419
828749912
828750100
828759626
828763909
828766961
828780261
828783087
828784403
828785475
828786091
828786360
828788090
828789292
828792709
828796735
828800947
828802027
828802675
828804213
828809572
828810968
828814777
828815782
828816565
828816710
828820257
828827765
828828752
828829970
828832580
828833751
828834206
828835927
828842762
828845225
828849433
828851913
828851954
828852914
828853649
828853795
828854444
828856152
828857810
828860678
828861016
828864492
828865460
828867187
828867974
828873467
828878282
828878945
828880830
828880846
828881345
828882050
828884106
828885493
828887385
828887963
828890719
828893218
828893549
828894842
828895127
828897295
828900811
828901369
828901790
828902097
828905815
828907362
828908349
828908819
828910889
828911596
828914176
828914738
828921574
828923029
828925328
828925933
828928868
828934772
828935307
828943007
828944411
828945521
828945677
828947843
828948048
828954426
828955398
828955489
828955905
828956424
828959011
828961355
828962483
828963111
828963190
828965885
828967231
828968083
828968141
828969172
828969793
828970221
828970970
828973790
828975645
828979074
828981885
828982047
828986992
828987207
828989142
828989177
828989901
828989911
828990717
828995876
828996739
828997551
828998504
829002079
829002153
829003209
829003924
829005703
829008767
829012536
829015673
829017436
829018526
829021609
829025679
829028875
829032492
829032900
829036496
829038093
829039362
829039434
829039889
829041269
829041918
829044851
829045410
829046769
829049319
829049739
829050759
829052493
829054084
829055616
829055908
829056554
829058990
829061053
829061687
829062129
829063692
829064793
829066390
829069260
829070932
829072137
829073091
829073107
829074265
829077803
829077953
829078184
829078827
829081066
829081334
829081505
829082017
829082874
829085828
829087352
829090097
829090924
829091523
829092073
829094948
829097801
829100230
829100917
829102805
829103382
829104141
829105215
829108069
829109085
829110681
829111132
829111564
829112692
829113649
829114523
829114667
829116595
829117548
829117928
829118755
829119546
829119643
829120111
829120368
829121764
829122292
829124119
829124356
829125242
829126813
829127744
829130296
829130655
829131136
829132268
829132519
829133114
829134399
829134414
829135443
829135915
829135971
829137910
829140042
829140220
829141325
829141340
829142347
829142624
829143952
829144793
829145254
829146727
829148550
829148856
829149260
829149363
829149839
829150645
829151187
829152870
829156963
829157150
829158224
829160446
829161269
829162041
829162611
829163807
829164781
829165274
829165848
829168573
829171543
829172874
829174125
829174513
829175253
829179990
829180264
829180277
829180344
829180658
829181361
829181474
829182562
829183571
829186839
829187391
829188037
829190246
829191276
829191433
829192094
829192537
829192699
829193484
829194793
829197029
829202533
829205443
829206382
829208730
829208895
829208945
829209060
829209889
829211197
829211711
829213086
829216108
829219177
829221306
829221686
829222916
829227411
829227811
829229216
829230598
829231273
829231740
829232639
829233331
829234397
829240443
829240475
829241444
829243014
829243102
829243160
829243405
829246613
829246856
829248854
829249605
829250447
829251868
829251869
829252351
829255897
829256342
829259281
829261791
829263845
829264964
829266857
829268194
829269258
829271813
829271888
829273038
829274650
829274929
829274951
829275526
829276616
829276879
829277890
829278897
829281621
829283137
829284581
829287801
829293599
829294347
829294527
829295222
829298296
829300628
829300779
829301005
829301092
829301166
829302619
829304432
829305074
829306577
829306632
829308183
829310223
829310421
829313126
829314023
829314896
829315157
829316434
829316585
829317593
829317774
829318529
829319539
829321744
829323466
829326753
829326813
829326986
829328544
829328617
829328791
829329925
829330503
829332527
829336493
829336854
829338714
829339764
829341085
829342243
829346666
829350069
829351978
829353854
829355425
829356748
829358005
829358485
829359616
829359777
829361356
829361467
829361476
829362870
829364071
829366140
829369226
829370635
829370991
829373211
829376540
829377544
829377928
829379203
829381187
829382780
829386990
829387617
829388016
829389934
829395755
829398425
829400221
829403616
829405494
829405597
829405672
829405761
829409714
829411372
829412719
829412826
829418012
829420846
829423007
829423168
829423578
829423656
829423886
829424710
829425357
829426627
829427311
829429658
829431071
829431629
829435896
829436281
829437329
829437624
829439846
829441446
829444171
829444749
829448259
829449142
829457731
829457770
829459900
829462255
829462308
829464038
829465223
829469181
829472577
829473827
829491248
829491298
829493678
829494081
829500454
829503032
829505867
829506804
829511064
829516242
829516320
829517104
829517493
829518193
829518706
829519320
829520928
829521883
829523027
829533356
829538858
829539161
829543667
829545481
829553655
829556664
829558482
829558930
829562048
829563206
829569560
829574827
829576487
829576771
829578219
829583009
829583805
829589831
829601234
829606184
829606241
829606871
829607186
829607410
829607576
829608680
829611891
829612500
829613145
829614011
829617951
829617956
829618044
829618600
829620527
829622773
829627765
829633881
829637095
829641683
829641870
829643426
829644686
829644752
829645243
829645618
829648392
829648595
829649105
829649147
829650663
829653799
829655105
829656262
829657081
829660541
829661868
829664183
829667897
829669116
829671198
829672346
829675551
829677212
829678252
829680293
829681586
829681643
829685184
829686263
829686367
829688729
829689063
829690258
829692551
829695880
829696405
829697767
829698246
829698415
829698539
829699688
829703007
829705556
829706142
829706618
829709609
829711549
829713387
829716178
829716550
829719254
829719297
829719779
829720243
829722890
829727490
829729958
829730192
829731423
829732471
829732917
829733017
829737984
829739240
829739528
829742915
829743220
829743596
829743699
829744668
829746776
829749213
829754043
829759661
829761091
829761512
829763233
829763682
829764617
829765974
829766955
829770792
829771299
829771457
829771951
829773255
829773415
829774151
829775391
829775502
829778112
829779427
829780774
829783324
829783508
829784220
829784865
829789138
829789661
829789978
829790118
829791293
829792615
829793927
829796440
829798181
829803274
829804588
829804782
829807492
829807683
829809734
829809744
829812777
829813037
829815466
829817429
829820522
829824621
829824624
829826814
829827903
829827989
829828632
829833060
829833309
829836328
829837410
829841558
829842483
829843765
829843767
829852460
829853456
829862003
829862240
829863364
829863923
829865145
829867591
829867732
829870706
829870997
829871008
829875858
829876733
829877252
829878284
829878844
829878854
829880735
829880883
829881336
829881590
829882030
829883720
829886253
829886376
829888547
829889098
829897596
829902089
829904020
829908635
829909168
829913368
829914236
829915443
829915597
829916845
829923346
829923680
829924057
829925541
829926103
829933987
829934584
829940320
829944516
829946713
829949343
829949704
829954326
829959815
829968210
829968705
829972958
829973173
829974080
829974458
829977791
829980029
829980192
829984916
829988886
829990276
829990995
829993101
829993127
829993262
829994610
829994688
829995154
829995789
829997374
829998821
830001394
830004529
830005285
830005688
830007773
830008252
830010063
830010817
830013855
830014525
830017122
830019310
830020979
830020989
830024267
830024308
830025014
830025532
830033834
830036737
830036909
830038330
830043763
830045890
830047031
830047754
830049324
830050990
830052074
830052544
830052726
830053959
830054399
830058906
830058975
830060206
830060673
830060907
830061650
830063082
830063991
830064296
830065095
830069333
830073954
830075082
830081654
830082877
830083020
830083228
830084344
830084562
830089300
830089344
830095085
830095937
830097569
830097635
830102746
830102964
830103695
830105221
830108229
830111088
830111285
830112012
830117081
830117514
830117607
830123867
830125086
830125552
830126172
830126416
830127399
830128335
830129487
830130842
830131225
830132736
830134327
830136242
830137891
830138270
830143502
830146861
830150627
830153680
830154140
830157736
830159814
830160350
830161444
830161502
830161801
830163678
830164553
830164686
830165281
830172752
830175128
830175840
830176155
830178157
830179394
830180947
830183121
830184736
830185292
830190508
830191868
830194243
830194657
830195534
830196604
830197540
830198594
830199442
830199571
830200083
830201787
830203440
830208290
830209520
830210806
830210901
830211183
830212002
830215983
830217444
830218671
830220679
830221200
830221292
830221397
830222049
830224803
830225761
830226102
830230538
830230824
830231868
830232356
830237158
830238765
830240516
830240583
830242332
830243730
830246361
830246642
830246816
830246868
830247684
830249591
830250292
830250295
830251100
830253064
830256440
830258486
830258508
830259184
830261214
830262067
830263092
830264761
830265284
830266541
830268191
830269937
830270346
830270515
830270910
830271876
830272366
830273206
830278755
830279459
830279597
830280556
830283387
830283393
830284735
830284936
830285335
830285506
830286296
830286616
830289240
830293141
830294526
830296967
830301052
830301745
830301988
830304664
830305826
830307608
830308079
830311199
830313747
830313979
830314788
830315952
830319394
830319500
830319652
830320499
830321925
830323942
830327418
830327984
830328152
830328272
830328729
830329377
830331510
830331795
830332356
830332506
830332931
830334210
830335339
830336091
830336697
830336981
830337393
830338660
830340354
830343181
830343637
830344989
830346388
830351814
830354963
830359042
830359399
830360831
830361292
830361430
830361770
830362254
830362420
830364800
830364985
830365996
830370329
830371872
830373575
830373948
830374156
830374904
830375593
830377804
830380583
830380806
830381054
830381765
830382739
830382865
830385161
830385876
830395834
830406264
830406765
830407631
830408033
830408194
830408394
830409126
830410436
830411337
830413602
830413644
830416169
830421433
830422378
830422525
830422852
830423428
830425494
830426345
830426813
830430185
830432079
830435818
830439444
830440911
830445049
830445265
830453182
830456235
830456272
830461020
830461205
830463635
830463667
830465964
830466771
830467555
830467946
830468664
830470711
830470946
830471617
830475772
830476037
830476882
830478381
830480006
830480120
830480340
830480834
830484429
830484463
830485183
830485380
830485734
830487414
830490882
830493237
830493985
830494006
830494250
830496379
830496892
830498544
830505122
830506199
830507082
830509381
830511561
830511793
830512031
830512361
830514203
830514390
830516027
830518503
830519131
830519371
830519806
830519820
830522470
830527375
830527688
830529891
830531215
830531951
830534833
830548200
830548300
830548331
830555317
830555979
830555990
830556047
830556537
830557183
830557677
830558203
830558397
830575114
830576913
830577109
830582003
830582010
830582035
830582717
830582750
830585531
830586224
830597920
830600258
830610475
830610731
830610739
830611922
830611941
830612371
830615462
830615849
830615948
830618052
830619471
830621284
830621429
830621721
830621746
830621859
830626429
830628044
830629191
830630591
830631043
830631084
830632276
830634082
830648789
830649674
830671184
830671353
830671486
830672679
830676424
830677701
830678682
830681662
830682035
830685481
830685545
830685609
830686206
830689001
830689179
830693564
830693638
830700026
830700827
830703545
830703578
830704794
830705255
830763134
830766348
830767912
830768753
830769120
830771008
830775017
830776017
830777427
830777703
830780267
830781668
830781856
830782714
830782966
830784915
830801956
830802123
830803763
830804763
830808227
830808691
830811624
830814381
830827617
830830643
830833861
830834184
830835154
830839631
830840406
830843981
830844325
830848157
830849011
830849742
830851523
830852677
830859251
830860401
830860933
830861750
830863843
830865210
830865800
830866141
830867081
830867091
830868204
830868256
830868405
830868561
830869360
830869653
830870387
830872232
830873342
830875378
830875969
830876633
830876758
830877155
830879157
830882301
830882941
830883182
830884338
830884920
830887224
830887401
830888537
830888538
830979993
830983189
830983358
830983445
830984041
830985604
830986110
830986854
830987237
831035607
831043123
831044285
831045346
831047607
831049057
831049236
831049807
831050365
831051117
831054032
831056596
831059425
831064285
831070598
831070767
831071663
831072011
831073341
831073939
831074691
831076797
831077568
831078328
831078731
831080806
831081657
831081813
831082537
831085803
831090228
831093845
831094871
831096279
831096543
831097048
831097205
831099040
831100852
831100951
831102535
831103423
831105456
831105884
831106092
831107961
831108143
831108175
831108872
831109116
831109291
831111212
831111266
831111556
831113746
831115553
831115574
831116619
831119767
831119857
831121631
831121830
831123502
831124197
831127875
831128269
831128274
831129448
831132302
831132424
831132837
831133395
831133992
831133996
831135933
831136678
831136890
831137359
831137453
831139546
831139806
831140745
831140766
831140810
831143605
831143780
831144087
831145776
831145791
831147804
831149538
831150420
831151901
831155675
831156335
831156373
831156800
831157059
831157649
831158190
831158604
831159376
831161084
831162695
831164297
831165778
831166356
831166402
831167912
831168882
831170052
831171077
831171740
831172987
831173114
831174061
831177421
831177840
831180294
831181835
831182414
831183044
831183426
831185094
831187604
831187756
831188239
831189019
831191070
831191184
831191717
831194051
831197376
831199543
831200106
831200254
831201450
831206143
831206817
831207860
831210904
831213488
831213507
831213923
831214055
831215263
831215998
831216121
831217103
831218090
831218276
831219036
831219561
831219579
831219867
831221094
831221363
831223438
831224903
831226333
831226456
831231224
831231375
831234632
831235345
831236179
831236602
831238510
831238552
831239119
831239739
831242105
831243124
831243614
831243688
831244453
831245684
831245928
831246658
831247306
831253085
831253435
831254241
831256668
831257691
831258340
831258494
831260574
831260771
831261472
831262750
831263527
831265709
831266362
831266562
831266772
831266915
831267348
831267687
831267695
831268506
831271572
831273719
831274808
831279630
831279671
831280076
831280904
831281278
831281416
831283443
831284857
831285121
831285788
831285831
831286193
831288842
831289302
831289550
831291693
831293054
831293920
831295207
831295319
831295400
831295424
831296241
831296856
831297560
831301020
831303581
831304671
831304896
831306798
831325109
831326872
831326943
831327229
831327378
831327492
831327769
831329232
831330279
831334264
831334405
831335584
831337097
831337357
831342335
831342369
831342395
831342453
831343513
831343574
831346549
831347251
831347541
831347696
831351126
831352869
831354697
831355569
831355743
831356263
831357379
831359072
831361419
831361525
831364904
831366816
831369355
831369521
831369650
831371136
831372197
831372369
831372661
831372766
831373636
831374532
831376369
831376985
831378526
831378592
831379479
831379685
831380129
831380170
831381476
831381853
831382121
831382863
831383104
831383359
831383699
831384426
831385621
831385714
831386006
831387025
831387084
831387268
831388087
831388498
831389218
831389840
831390381
831390475
831390917
831391402
831393716
831394407
831396346
831396628
831396691
831397519
831397743
831398013
831398128
831398725
831399002
831399499
831400762
831400797
831400811
831401306
831401880
831402490
831402708
831403646
831404124
831405088
831405795
831405937
831405979
831406302
831494259
831495270
831495725
831495878
831503108
831503655
831504560
831504632
831504691
831508180
831508182
831508999
831509124
831509472
831512563
831513074
831514356
831514551
831565962
831569688
831574137
831574906
831577790
831578129
831580479
831582647
831595303
831601211
831601536
831602356
831602800
831604670
831611001
831614454
831616637
831618961
831619337
831626610
831626661
831629565
831641030
831643641
831646192
831647126
831650998
831652843
831655182
831655420
831655610
831657755
831658702
831662555
831662579
831669776
831685108
831685251
831685497
831687523
831688871
831690253
831695655
831700253
831701731
831702136
831703853
831707610
831712747
831714768
831719875
831721256
831722349
831723850
831724529
831728663
831729872
831731824
831741218
831741763
831742668
831744096
831745312
831745480
831746228
831751252
831753335
831753400
831757628
831758869
831760747
831761137
831766192
831766367
831769135
831777075
831778038
831780504
831783039
831790225
831790908
831791645
831797445
831797543
831798860
831799231
831801203
831801211
831801305
831801398
831803438
831805314
831806642
831807306
831808591
831809464
831810418
831810671
831816105
831817769
831818078
831818783
831819651
831819686
831819841
831820934
831824264
831825129
831825421
831825563
831826495
831828533
831830664
831830725
831831089
831832304
831833125
831833930
831835582
831838786
831839232
831840012
831843907
831846402
831848332
831850248
831851351
831851476
831853518
831857528
831858179
831858773
831864487
831868911
831870272
831870682
831871466
831871935
831877441
831877627
831878001
831880240
831880592
831880953
831882693
831882919
831884656
831885234
831886678
831888569
831891766
831892260
831893046
831894069
831897205
831898667
831898676
831898901
831899260
831900804
831901527
831903728
831904154
831905186
831906201
831907629
831908111
831908862
831913145
831913748
831914302
831915677
831916052
831916151
831918519
831920652
831922374
831929137
831936850
831942768
831945797
831946820
831947295
831947733
831948655
831951923
831952245
831955044
831957606
831961631
831963811
831965243
831966958
831967848
831968344
831968501
831969714
831979649
831979750
831981791
831982535
831982558
831983033
831986369
831986488
831990937
831996264
832001139
832001597
832002694
832008468
832009657
832010673
832010694
832012494
832013196
832017264
832022459
832025997
832037669
832038277
832038847
832038911
832059895
832062340
832063734
832064902
832064970
832074622
832076189
832077004
832077209
832078675
832082453
832084744
832084966
832086263
832088483
832089271
832090272
832095814
832098729
832099180
832099862
832103779
832105658
832108454
832109309
832111200
832111648
832114053
832119310
832119649
832120105
832121993
832122714
832127367
832127387
832127896
832128357
832128546
832128990
832130421
832131582
832135337
832136037
832138246
832138364
832140719
832141842
832141860
832143000
832143432
832143756
832144085
832146389
832146777
832146827
832149049
832151230
832155643
832156210
832156235
832158755
832159365
832161956
832163011
832163766
832164691
832165041
832168280
832170646
832171080
832171598
832175718
832176658
832177326
832177465
832177721
832178103
832178140
832178640
832183472
832186815
832186932
832190570
832191390
832192213
832193204
832197746
832200926
832202996
832207149
832208646
832208915
832213496
832213548
832214142
832214425
832217379
832218405
832218779
832218859
832223376
832227294
832229542
832229832
832231111
832231934
832232115
832232369
832232424
832232656
832241295
832244556
832245619
832247200
832247596
832249800
832250563
832254667
832256036
832256984
832257377
832257734
832258906
832260710
832271413
832271550
832271631
832271803
832272291
832275719
832290303
832292398
832293378
832295490
832296176
832296481
832298168
832300746
832301073
832301089
832302501
832304634
832305702
832306295
832306444
832308066
832308285
832310394
832314381
832315429
832320105
832324682
832326676
832329434
832355581
832355786
832355875
832355988
832362383
832363597
832364534
832365263
832366256
832367155
832367450
832369890
832370428
832371525
832378301
832380168
832380320
832381190
832381998
832382538
832401161
832401947
832402005
832402516
832404338
832410660
832413359
832414203
832414558
832415108
832417839
832417899
832418479
832418575
832418698
832419441
832420659
832424499
832424533
832424664
832430776
832434089
832438652
832440278
832441000
832442434
832443109
832445382
832445431
832445739
832446906
832448013
832449490
832450252
832454169
832455781
832456748
832456788
832457576
832460149
832462990
832463361
832463793
832464556
832465847
832469854
832471255
832473001
832475626
832476197
832477336
832477630
832478498
832480949
832481220
832481936
832482145
832482313
832482326
832482673
832482783
832487358
832488509
832488740
832489110
832489541
832492237
832492799
832493123
832494554
832494607
832495607
832495893
832498398
832502665
832505072
832505418
832506430
832507270
832507914
832510114
832510190
832510215
832512328
832512464
832514458
832515940
832516183
832518949
832519224
832519717
832520422
832521142
832549129
832551523
832551783
832554004
832555609
832556580
832556829
832557789
832557819
832558474
832561110
832561153
832562246
832562884
832566198
832566641
832567854
832569332
832571321
832571488
832574501
832576544
832579641
832582286
832582634
832584077
832584656
832585091
832585748
832592836
832596226
832598091
832598136
832598772
832599263
832600386
832600547
832600572
832601535
832605033
832605114
832607296
832608641
832609925
832611046
832611643
832613267
832613923
832615049
832616568
832617273
832619421
832621825
832623391
832626530
832627028
832628373
832628563
832629751
832632092
832632465
832632611
832632630
832633326
832639426
832639543
832642408
832645108
832645511
832645657
832646536
832646690
832647540
832649557
832649919
832650798
832651794
832651812
832652413
832653197
832653966
832655335
832655491
832656360
832656894
832658726
832660475
832661441
832661784
832662245
832662286
832663659
832665058
832666070
832667388
832667496
832669513
832669574
832669710
832670173
832670887
832671840
832672848
832675220
832677028
832679603
832681500
832682198
832682515
832683173
832683475
832683706
832685196
832685230
832686326
832689914
832691083
832696807
832697834
832698897
832699374
832700778
832702378
832705479
832706221
832708771
832709561
832709688
832712219
832712307
832712991
832713091
832713882
832713915
832717118
832718004
832718074
832718373
832721154
832721341
832721793
832722634
832724082
832725038
832725289
832726397
832727641
832728887
832729319
832729762
832729912
832731958
832732865
832733875
832733897
832734555
832734804
832734996
832735845
832736509
832737846
832738636
832739405
832740026
832740294
832740772
832741022
832742993
832743283
832743320
832743523
832744549
832745543
832746939
832747156
832747565
832756536
832757018
832758687
832761998
832762455
832777001
832777141
832781636
832783777
832785241
832786357
832787421
832787599
832789760
832792798
832796686
832796956
832800440
832800743
832801154
832801324
832802236
832802558
832803159
832817097
832819581
832820983
832821839
832855786
832857351
832857674
832861438
832861960
832867723
832868647
832871530
832873626
832885965
832887411
832890042
832891491
832895140
832896813
832899535
832899829
832900450
832901636
832903131
832905765
832909459
832913269
832914800
832922461
832925642
832928712
832932331
832935161
832935304
832942533
832943944
832946533
832949639
832955634
832957135
832957534
832957949
832958409
832961174
832961239
832962354
832962997
832963579
832966755
832969434
832972162
832976932
832977061
832977436
832977445
832987204
833007985
833012295
833013427
833013947
833024347
833025077
833025483
833025831
833026033
833026641
833031267
833032040
833032229
833039793
833054757
833056622
833076508
833087286
833090020
833092864
833100430
833101180
833102213
833116789
833120233
833120588
833123897
833125405
833125474
833131031
833131403
833131494
833131938
833133291
833134484
833134718
833138893
833138899
833146307
833151019
833174720
833175100
833175511
833178228
833178944
833194557
833196021
833197657
833202136
833204062
833204516
833204740
833207901
833209683
833210348
833212618
833212759
833214610
833218587
833219886
833222971
833223715
833223862
833235444
833236330
833236382
833237108
833239816
833239969
833240692
833240891
833241042
833244675
833244708
833245267
833245336
833245432
833249284
833249746
833250911
833258480
833260172
833262938
833266596
833269261
833270853
833273495
833274085
833279838
833280251
833280474
833280885
833283693
833285621
833287323
833287343
833287487
833290507
833295701
833298409
833299904
833304850
833307065
833308139
833308856
833309095
833310760
833312217
833312479
833313000
833313102
833314072
833314970
833315371
833317157
833318579
833318618
833319546
833320818
833321275
833324485
833325268
833325534
833327271
833328280
833328380
833328541
833328590
833329118
833329381
833329718
833330142
833333751
833336217
833336609
833336746
833337329
833338078
833341216
833342434
833342524
833343731
833345003
833346831
833346880
833347994
833348014
833348608
833348869
833349437
833353217
833353463
833353766
833354078
833354294
833355599
833355892
833356154
833362292
833362595
833365721
833366984
833369095
833370680
833371073
833371437
833373173
833374514
833375362
833376020
833376744
833376793
833377377
833377644
833377899
833379655
833379969
833381280
833382691
833386663
833387368
833388300
833388805
833389330
833389373
833391041
833391863
833392315
833393184
833393283
833393361
833393459
833393943
833394730
833404028
833404569
833406858
833410746
833411673
833412169
833413447
833414241
833414405
833414776
833418863
833419797
833420291
833423790
833425973
833426687
833427079
833428981
833429250
833429973
833430584
833430816
833430863
833432272
833432348
833432503
833433256
833434010
833435270
833436265
833436455
833436870
833437113
833437198
833438032
833444261
833447984
833449476
833450768
833452128
833452155
833452538
833453580
833454659
833455148
833456145
833456456
833456713
833457493
833457806
833458672
833458710
833459639
833460562
833461182
833461276
833461410
833463109
833463460
833464333
833467417
833469140
833469942
833469996
833470780
833471092
833471130
833472659
833473727
833475003
833476690
833476774
833477874
833478755
833479069
833482758
833483597
833483784
833486832
833492184
833492488
833492566
833495028
833495108
833496010
833497776
833499426
833500894
833501821
833505266
833505772
833505814
833506967
833507403
833507781
833510207
833510812
833511356
833511470
833512040
833514360
833514811
833514929
833514980
833517474
833517808
833517997
833519030
833520558
833521224
833521840
833521902
833522188
833522355
833523323
833523535
833523925
833526216
833526668
833527900
833529713
833530479
833530565
833531567
833531604
833532066
833533050
833534933
833535815
833536307
833538674
833538861
833540090
833542672
833543127
833563049
833565993
833566448
833567787
833568793
833576013
833578591
833579040
833579687
833581905
833586943
833587083
833588390
833588978
833593387
833611248
833612011
833614354
833614728
833615379
833616149
833618105
833618153
833618944
833619742
833620916
833621514
833623206
833624197
833625282
833626024
833626091
833626312
833627159
833628075
833630944
833632818
833633007
833634212
833634298
833638038
833638762
833639729
833642287
833642667
833643769
833647223
833648920
833649887
833651508
833653494
833659565
833659745
833661246
833661759
833662008
833662646
833663941
833665645
833667613
833669735
833671208
833671380
833672908
833676235
833678083
833678276
833680030
833682392
833682468
833683149
833685618
833686398
833686574
833686828
833686961
833690402
833690573
833690943
833691151
833691986
833694154
833694513
833698631
833699102
833699519
833699970
833700351
833700455
833700541
833700737
833701558
833702702
833703621
833704085
833705331
833708074
833708674
833708734
833709125
833711274
833713177
833714196
833715465
833716042
833718714
833719755
833720572
833720785
833722854
833725563
833727408
833728368
833728471
833728478
833728660
833728728
833738437
833743012
833743351
833744312
833747736
833748363
833756225
833757955
833763631
833763873
833764114
833765454
833765769
833766094
833766148
833767222
833769279
833776328
833782471
833782720
833782847
833785867
833786253
833786385
833787317
833788771
833789421
833795559
833795595
833797015
833799640
833801568
833801698
833802091
833802807
833804697
833805368
833805913
833807159
833807758
833807777
833807963
833808391
833808598
833809176
833811389
833812326
833812840
833813861
833814649
833815077
833815686
833815695
833816214
833816291
833816553
833817702
833819053
833819306
833819517
833820362
833821252
833824891
833825846
833826846
833827791
833830438
833831578
833831993
833832220
833832660
833835056
833836746
833836858
833837062
833837135
833837610
833837883
833840032
833840350
833840351
833841659
833842175
833842637
833842711
833842917
833847894
833849450
833850032
833850179
833850639
833850793
833852672
833853715
833854127
833854153
833856781
833857743
833858870
833859115
833859173
833860524
833861189
833862041
833862590
833863059
833863166
833866114
833866255
833866426
833867167
833867720
833867854
833868565
833869429
833870467
833870655
833874451
833875420
833877110
833878633
833878945
833879403
833880790
833881527
833882565
833882913
833883617
833884436
833884531
833886442
833886821
833888015
833889603
833890107
833890599
833890686
833893784
833894580
833894783
833894888
833895095
833895181
833895286
833895957
833896548
833900361
833900489
833900551
833901306
833901717
833902266
833902857
833903005
833903428
833903525
833905095
833908338
833911044
833911235
833911814
833912054
833913689
833914508
833915948
833916869
833917651
833917658
833917842
833919438
833922035
833922183
833923226
833924698
833925552
833926100
833926212
833926485
833926682
833927371
833928920
833930862
833931448
833932817
833932863
833933380
833933621
833934015
833934918
833938106
833938923
833940291
833941044
833941171
833942981
833946491
833947279
833948625
833948942
833950726
833951544
833952797
833952980
833954370
833954954
833955402
833956287
833956657
833956822
833956975
833957843
833960379
833961817
833961954
833961985
833962324
833962427
833962773
833963341
833964608
833966686
833967414
833969967
833972411
833974247
833974773
833975696
833976175
833976283
833976343
833976539
833977884
833980150
833983009
833983245
833983571
833984928
833987290
833987393
833988829
833989520
833990123
833990633
833992657
833995349
833995801
833996195
833997533
833998382
833998624
834000470
834000712
834001406
834002886
834004042
834004169
834004953
834005083
834005422
834005666
834006562
834007467
834007668
834008975
834009277
834010405
834010700
834011437
834012580
834013135
834013554
834015230
834016245
834016347
834018135
834019322
834020281
834021202
834021213
834022108
834022948
834023901
834024123
834024681
834026092
834026562
834026782
834027524
834027554
834027579
834027621
834027777
834027826
834031031
834031511
834035646
834035838
834037073
834037221
834037474
834037484
834038773
834039134
834039696
834040687
834041125
834041467
834041838
834042325
834042566
834042598
834043027
834044537
834045130
834045604
834046144
834047087
834047827
834048403
834050288
834050667
834051385
834051586
834052276
834052288
834052617
834052769
834053265
834053450
834053741
834055687
834057249
834057439
834059399
834060370
834063178
834064097
834064148
834064462
834064573
834064584
834065378
834067813
834068240
834068482
834071588
834072320
834072663
834074339
834076041
834077507
834078163
834078573
834078663
834079734
834081689
834084514
834085545
834085801
834086027
834086849
834087867
834088017
834088449
834088602
834088828
834090312
834090318
834092076
834095899
834096818
834097259
834097405
834098947
834099709
834099936
834101995
834102135
834102247
834105579
834106184
834107832
834107982
834108704
834108947
834110715
834111794
834112781
834113294
834113839
834114085
834115388
834115627
834118385
834118402
834118941
834119189
834119523
834119609
834121304
834121350
834122071
834122574
834123215
834124470
834128612
834128709
834129448
834130585
834131114
834132548
834134557
834134683
834135056
834135376
834135904
834136028
834136269
834136629
834138827
834140343
834141763
834144902
834146098
834146554
834146704
834148249
834148441
834150501
834150519
834151009
834151844
834152739
834153303
834154347
834154411
834154837
834155895
834156520
834157632
834158677
834161861
834162638
834163019
834163835
834164007
834164645
834164822
834165030
834165524
834166542
834169335
834170373
834170872
834171470
834171799
834172100
834172251
834173336
834173965
834174965
834176354
834176916
834177189
834177339
834178903
834183675
834183986
834185376
834186027
834187445
834187585
834187801
834188334
834189224
834189444
834192048
834192181
834192928
834197304
834198165
834199879
834201109
834201401
834201506
834201634
834204126
834204893
834207324
834207989
834210702
834212769
834215494
834217021
834218546
834218876
834219072
834219269
834219966
834220257
834220408
834222077
834222454
834223059
834224188
834224508
834226294
834226476
834226588
834226620
834228209
834228494
834229519
834229528
834229573
834229960
834230053
834230324
834231026
834231553
834232423
834233370
834235179
834236706
834236791
834236792
834237046
834237348
834239488
834240718
834240983
834242139
834243364
834243658
834245626
834246082
834248027
834249245
834250368
834252991
834254199
834255031
834255085
834255852
834257535
834260323
834261213
834263014
834263142
834263522
834264822
834269176
834269572
834269863
834270426
834271312
834272287
834272586
834272848
834272980
834273308
834273518
834274860
834276986
834278164
834278555
834278557
834279845
834282040
834282123
834283493
834286729
834287261
834287724
834287761
834287810
834287978
834289161
834289613
834290638
834291993
834292274
834293373
834294433
834294558
834294849
834295007
834296651
834298075
834298842
834299811
834303203
834304043
834304662
834305485
834305587
834306264
834307586
834309451
834312207
834313910
834314443
834314698
834316827
834317392
834318560
834318854
834319487
834319721
834320086
834321507
834322782
834322837
834323844
834324694
834325433
834325510
834325940
834326872
834329491
834329939
834330265
834331528
834331703
834333046
834333290
834333894
834334002
834334368
834334762
834336035
834336037
834337471
834339001
834339499
834339701
834340471
834342297
834345086
834345854
834347983
834348745
834349392
834350489
834354007
834354703
834355088
834356104
834356469
834356955
834358682
834360112
834360687
834361453
834362403
834362883
834363135
834363654
834365284
834365450
834366937
834367288
834371048
834372279
834372931
834374220
834375319
834376675
834378457
834380939
834381416
834383302
834385420
834386630
834386674
834387711
834394558
834394993
834395070
834395586
834400396
834401459
834405687
834408936
834410307
834412980
834414459
834415499
834417036
834418776
834423441
834425114
834426192
834427022
834427870
834428097
834428577
834429013
834429580
834430111
834430462
834431340
834433371
834433712
834434844
834434993
834436607
834437823
834439937
834442433
834442471
834444546
834446879
834446888
834447905
834448311
834448387
834449332
834449846
834452192
834453521
834453770
834453957
834454231
834456407
834457271
834457708
834457809
834459862
834462229
834465340
834468129
834468473
834472235
834472681
834473397
834473496
834473748
834473957
834475038
834475150
834475163
834476562
834476817
834477400
834478323
834479887
834479888
834479998
834482657
834483510
834484036
834485189
834488507
834489174
834489453
834489699
834489717
834490504
834491525
834491634
834492421
834492717
834493348
834494400
834495985
834497759
834498079
834498210
834499021
834499217
834501953
834502206
834503242
834503422
834504472
834505419
834505485
834505571
834505644
834505803
834506373
834506791
834507950
834507961
834508845
834508925
834509014
834509617
834510143
834510251
834513662
834513904
834514386
834515075
834516077
834517042
834517510
834519527
834521438
834522284
834522410
834524022
834524259
834524265
834524613
834525036
834525358
834525733
834525806
834526445
834526795
834528818
834529115
834529952
834530433
834530638
834531250
834531441
834531471
834531519
834531940
834532143
834532455
834532461
834533697
834534957
834535504
834535902
834536344
834536551
834537601
834538240
834539414
834539747
834540016
834540617
834540709
834542408
834543669
834543904
834545905
834546587
834546955
834547517
834548131
834548610
834549189
834549372
834549803
834550209
834550376
834550608
834551938
834552354
834552888
834553556
834555382
834555906
834556911
834556969
834558454
834558762
834558795
834561588
834563344
834563703
834565488
834565646
834566358
834566386
834567020
834569317
834570075
834572069
834572071
834573650
834574361
834574428
834574602
834574731
834575307
834575539
834576400
834577514
834577629
834577695
834579273
834581200
834581677
834581680
834582598
834582609
834583183
834583236
834583480
834584780
834584925
834586035
834586542
834587005
834590915
834591205
834591914
834592462
834597043
834599002
834599303
834599403
834601130
834602242
834602494
834602607
834604695
834604816
834604910
834605292
834606346
834607052
834609577
834610320
834612250
834614529
834615229
834615814
834616089
834617043
834617417
834618323
834618793
834619747
834621197
834621761
834622008
834622291
834623621
834624162
834624182
834624225
834624502
834626186
834626889
834628431
834628995
834629203
834631133
834632399
834632711
834632731
834633438
834634232
834634736
834635089
834635465
834636799
834637455
834638146
834638405
834638876
834639722
834640817
834640922
834642172
834642776
834643532
834645813
834646231
834647306
834649265
834650046
834650799
834651188
834651272
834651472
834653565
834654262
834659950
834660694
834662788
834663307
834663608
834664689
834665327
834665790
834666416
834669548
834671031
834672642
834675007
834675137
834675974
834677005
834678626
834678633
834681714
834682618
834683119
834683684
834689575
834689631
834691478
834693046
834693644
834696077
834697235
834697525
834697964
834698120
834701930
834702868
834706363
834708863
834708903
834717917
834720481
834721176
834726589
834729028
834729135
834731093
834731246
834735729
834737491
834737493
834739788
834741367
834741893
834743235
834745355
834746358
834747660
834748497
834750064
834750849
834753587
834754561
834758099
834758956
834760177
834766288
834767740
834768145
834768269
834768997
834769267
834773947
834774071
834776062
834781351
834782413
834789856
834794354
834795129
834796908
834801096
834804825
834805284
834812742
834813365
834816178
834816805
834817756
834818329
834825077
834826538
834829752
834832793
834834429
834834876
834835529
834837031
834837658
834839786
834839899
834841044
834842754
834843314
834843319
834843518
834844820
834845236
834845352
834846875
834850302
834852496
834852551
834860855
834860893
834860916
834861513
834862043
834863474
834863712
834864198
834864201
834866075
834868664
834870070
834872423
834873207
834873991
834875301
834875456
834876592
834880526
834881159
834885536
834886717
834888999
834889542
834891502
834895684
834896913
834899512
834901376
834901755
834905145
834906808
834907319
834907597
834908097
834908366
834909760
834911589
834912317
834912440
834913053
834915404
834917742
834921291
834921596
834922639
834923150
834926234
834927778
834927911
834929680
834935915
834936291
834936545
834938831
834940841
834943701
834944767
834950425
834950981
834952134
834953008
834953974
834955016
834957024
834957641
834962449
834965891
834968220
834968420
834970130
834970353
834972587
834973090
834974124
834975812
834980164
834982505
834984798
834986704
834987938
834989177
834990177
834991884
834992499
834993387
834996061
834996168
834996451
834997534
834997676
835002804
835004561
835005498
835005587
835005970
835006014
835008384
835009658
835010426
835010617
835010714
835011407
835012867
835013366
835016499
835016965
835017018
835017246
835017530
835018256
835019694
835020090
835022822
835023013
835026516
835026932
835028083
835030155
835030245
835030794
835031020
835031095
835031339
835035923
835035980
835035999
835037196
835043367
835044532
835045841
835047781
835048834
835049081
835049095
835050141
835054254
835056311
835057858
835059622
835059726
835060459
835060491
835062055
835064525
835065507
835065596
835065642
835066099
835067082
835067147
835068807
835069058
835069133
835071923
835072582
835073408
835073754
835074998
835075400
835076758
835077434
835079376
835080090
835081367
835082637
835083622
835084656
835084899
835086218
835086484
835086889
835101683
835101701
835101815
835110411
835110710
835110979
835112228
835112869
835117112
835118602
835127128
835128848
835130053
835131105
835131572
835133014
835134253
835136809
835138736
835138798
835140941
835141062
835141401
835142279
835143250
835144007
835144136
835146811
835148407
835151889
835165603
835165996
835167727
835172808
835174981
835175376
835175595
835177152
835177910
835178158
835179852
835180676
835180703
835180962
835182464
835184540
835185661
835185944
835187739
835189469
835191164
835191616
835192371
835193965
835195174
835195360
835196327
835200155
835200296
835202560
835203879
835204279
835206506
835209198
835212203
835222786
835224322
835225207
835227824
835228413
835228682
835233389
835234053
835234649
835236266
835240986
835242850
835243734
835243799
835244505
835244603
835245575
835247331
835250898
835252423
835252610
835252884
835253759
835254521
835254666
835255925
835257019
835257794
835259260
835259520
835260252
835262698
835262714
835263380
835264225
835266146
835266554
835267844
835268732
835269037
835269309
835269549
835269667
835272737
835273530
835273843
835274743
835275518
835277389
835279643
835279803
835279904
835280485
835280814
835281794
835283324
835283457
835283918
835283970
835287791
835289705
835291666
835293642
835294882
835295631
835295689
835297022
835299450
835299905
835301432
835301468
835301996
835302515
835302867
835304226
835306119
835306563
835306696
835309057
835309598
835310264
835314086
835314539
835316072
835316402
835317073
835317399
835319575
835320111
835320175
835320462
835321169
835321227
835321664
835321922
835322560
835324465
835325619
835330075
835330333
835330878
835331017
835338194
835339615
835340812
835341251
835341820
835345240
835346324
835355801
835358684
835361145
835362714
835365174
835365407
835367098
835369593
835370115
835370316
835371471
835372525
835373171
835373422
835375757
835376032
835376230
835376558
835377015
835377639
835378540
835379252
835379287
835380001
835381512
835382505
835384613
835386930
835388116
835388878
835389220
835389241
835392234
835393402
835393799
835396934
835398452
835401506
835401610
835402791
835402988
835404913
835405339
835407119
835407441
835408042
835411465
835412386
835413925
835414244
835417637
835418828
835421456
835424573
835425778
835428900
835429617
835429872
835430188
835431591
835433071
835433982
835434333
835434445
835434456
835434607
835434676
835437758
835440221
835442123
835442228
835442279
835442990
835443557
835446374
835446384
835446591
835450112
835451078
835451665
835455036
835455183
835456139
835457222
835457593
835458258
835459449
835460740
835461125
835461846
835462213
835462449
835462816
835463083
835464690
835465539
835466752
835467057
835468400
835468734
835470970
835472275
835472657
835472758
835473059
835474017
835474235
835474361
835476954
835477213
835477245
835477281
835478290
835478346
835482275
835483729
835484092
835486813
835487822
835488286
835490141
835490355
835491164
835492793
835492932
835493729
835494490
835497269
835497510
835499131
835501178
835502377
835502489
835507503
835511000
835511436
835513733
835515309
835515923
835516018
835516333
835516725
835517705
835518328
835519017
835519115
835519505
835520036
835520112
835520791
835521488
835521662
835524924
835525561
835525909
835526171
835526181
835528763
835531033
835531198
835532835
835533064
835534110
835536936
835537241
835541710
835545754
835546153
835550527
835553753
835554351
835555924
835556511
835556846
835559520
835560116
835561352
835561925
835562376
835563373
835563476
835564369
835565106
835565870
835566304
835566412
835566789
835567210
835569368
835569580
835570255
835570334
835571427
835572072
835572318
835573437
835573596
835573864
835575652
835576546
835576645
835576913
835577955
835577987
835581829
835582231
835582431
835584243
835586818
835587603
835588145
835589306
835596165
835598505
835600248
835600723
835600781
835601598
835605805
835606317
835606382
835607438
835607912
835613125
835615737
835616177
835617036
835617570
835620454
835621341
835621550
835623588
835624269
835625085
835625281
835628444
835629623
835629841
835631909
835633038
835633304
835633929
835634552
835635197
835635397
835635589
835638048
835642300
835644740
835645496
835648069
835648272
835649870
835649918
835650153
835650201
835650285
835651442
835651649
835651841
835653633
835653682
835654322
835654829
835655880
835655967
835656142
835657345
835657968
835658695
835659505
835661996
835662483
835662837
835665636
835671226
835671271
835672447
835674969
835675185
835675376
835675696
835676039
835679172
835679842
835683462
835689301
835690064
835691052
835692370
835692853
835693046
835694191
835694684
835697927
835698778
835700489
835702110
835703363
835703767
835705738
835706592
835707854
835708047
835709042
835710336
835713826
835714462
835715178
835715524
835716635
835716829
835717271
835723301
835725103
835725489
835728212
835729131
835729166
835729862
835730549
835731695
835734293
835734923
835736221
835736657
835736698
835737883
835738072
835738097
835738298
835740900
835746467
835747334
835749193
835749484
835749878
835750873
835751445
835752392
835752940
835753603
835757711
835760176
835760707
835761587
835764482
835764564
835766018
835768574
835771344
835773502
835775666
835778370
835778544
835780702
835780771
835781491
835782527
835783930
835786499
835788153
835788579
835793295
835794221
835794689
835795042
835798639
835800177
835800757
835802917
835804509
835805007
835807175
835807587
835807927
835811899
835813080
835815516
835816259
835817336
835818366
835819233
835819286
835819498
835820121
835822029
835822742
835823863
835824171
835825235
835825973
835826865
835828184
835828953
835829597
835831099
835831604
835832126
835832746
835833982
835835479
835837348
835838939
835840037
835840402
835840928
835841680
835841978
835844961
835845232
835845798
835852316
835852862
835854839
835855313
835856233
835859572
835859768
835860296
835861960
835862362
835863661
835864665
835866152
835867515
835867553
835868704
835869836
835870198
835873006
835873081
835874675
835877130
835877943
835879535
835880286
835883254
835883720
835884385
835885681
835886332
835889781
835890255
835891493
835895187
835900563
835902599
835904528
835907200
835908213
835908403
835908538
835908558
835908785
835910038
835911108
835911346
835911565
835911603
835912303
835912926
835913417
835913702
835913928
835914393
835914590
835916352
835924445
835924870
835929291
835929345
835929398
835930252
835930419
835934598
835940506
835942471
835944296
835945604
835945678
835946688
835950014
835950818
835952221
835952486
835952501
835954172
835955998
835959488
835959548
835959674
835960932
835962984
835963765
835965346
835965450
835967168
835967592
835967827
835968700
835968722
835969430
835970231
835971132
835971430
835971692
835972688
835972708
835972984
835974287
835975554
835976136
835978522
835978688
835978868
835981136
835981852
835982012
835986025
835987424
835987686
835988216
835991104
835994895
835996096
835996366
835997103
835997894
835998293
835999004
835999248
836000068
836000761
836001026
836002050
836005533
836007230
836007351
836008012
836008253
836009695
836009932
836010090
836010274
836010373
836012140
836012528
836012723
836015109
836015634
836016381
836017879
836018627
836018670
836018871
836020502
836020830
836024019
836027479
836028160
836028339
836033167
836033257
836034301
836034439
836035312
836035329
836035991
836036122
836036818
836037766
836039417
836041571
836044762
836045113
836045735
836046031
836046041
836046131
836047314
836047613
836048060
836048104
836049424
836049737
836050275
836050454
836051406
836053004
836053855
836054639
836056373
836057871
836058477
836061073
836062137
836062777
836062883
836063363
836064457
836065877
836066606
836067082
836068067
836068295
836069408
836069814
836071196
836072064
836072668
836073743
836074532
836074775
836074911
836075216
836076647
836077915
836079296
836080972
836081828
836081980
836082034
836083149
836083263
836083517
836084354
836084583
836084951
836085006
836085701
836087915
836088938
836089879
836090590
836091043
836091481
836091704
836091932
836093259
836094180
836095620
836096936
836097569
836097913
836098519
836098892
836099257
836100496
836101120
836101450
836101548
836101598
836102172
836102332
836102814
836103221
836104438
836106733
836107317
836109565
836109819
836109852
836110008
836110489
836111477
836111819
836111857
836111883
836113202
836114668
836115373
836117300
836117693
836118253
836118920
836120277
836120305
836120575
836120652
836121075
836122391
836126473
836126853
836128298
836128385
836128849
836129334
836130468
836130726
836131362
836131471
836131588
836132638
836133411
836136085
836137306
836138023
836138080
836138427
836138495
836138695
836139312
836139540
836140224
836140647
836141009
836141296
836141677
836142157
836142279
836142555
836142855
836143869
836144391
836144641
836144715
836145145
836146107
836146345
836146558
836146829
836147862
836149651
836151235
836151638
836153103
836153158
836153508
836153545
836154725
836155364
836155526
836155528
836156224
836157171
836157417
836157434
836157721
836157926
836157943
836158229
836158874
836159258
836160206
836160390
836161318
836161338
836161445
836161575
836163060
836163195
836163232
836163447
836163530
836163607
836164190
836164991
836165065
836165179
836165321
836165665
836165809
836165943
836166278
836166585
836166721
836169327
836170200
836171205
836172015
836172666
836173450
836174428
836174489
836174918
836175096
836175562
836187491
836187710
836189791
836216288
836216525
836216544
836217475
836218687
836218959
836218976
836219143
836219461
836219529
836219825
836220261
836220712
836220787
836223165
836223234
836223926
836223931
836224082
836224108
836224118
836224311
836224823
836225258
836226419
836226755
836226971
836227794
836227973
836228528
836228719
836228850
836229374
836229406
836230939
836231196
836231296
836231587
836231859
836232209
836232509
836232707
836233095
836233205
836233858
836235023
836235108
836236184
836236555
836240260
836241682
836241693
836247333
836247466
836247513
836247577
836247962
836248465
836248539
836248980
836249540
836249549
836249572
836250595
836250910
836251307
836252615
836254610
836254911
836254943
836255344
836255588
836256020
836256035
836256161
836257936
836260558
836260774
836260803
836261259
836261300
836261727
836263115
836263542
836263654
836264602
836265006
836265237
836265526
836265666
836265789
836266477
836266808
836268455
836269081
836269146
836269623
836269628
836269673
836269688
836269836
836269936
836270248
836270419
836271134
836271673
836272972
836273288
836273537
836274567
836274714
836274983
836275081
836275091
836276183
836276725
836277376
836277508
836277976
836278031
836279326
836279576
836279640
836281467
836281735
836282049
836283094
836283308
836283548
836283746
836284347
836284792
836285741
836285886
836286173
836286763
836286958
836287226
836288662
836288809
836289053
836289396
836290226
836292084
836294441
836294972
836295485
836296313
836296720
836297204
836297266
836297593
836297934
836298645
836299214
836299997
836300151
836300414
836300667
836300946
836301009
836301153
836301524
836301674
836302755
836304362
836305158
836305323
836305975
836306040
836307048
836308699
836308928
836309062
836309814
836309927
836311183
836311553
836311744
836311950
836312499
836313421
836313634
836313953
836314466
836314539
836314627
836315519
836315524
836316690
836317347
836317412
836318064
836318516
836319139
836321428
836322511
836322597
836322765
836323061
836323871
836324248
836325744
836325973
836327774
836327868
836327913
836328110
836328480
836328644
836328744
836328864
836328930
836328935
836329861
836330817
836330873
836331686
836331956
836332339
836333100
836333914
836334087
836334531
836335275
836335458
836335750
836336913
836337963
836338721
836339063
836339955
836340101
836340272
836340463
836340643
836340964
836340985
836341364
836342408
836342681
836344239
836344240
836344492
836345880
836346045
836346131
836346458
836347352
836347406
836348348
836348800
836348808
836349568
836350239
836351090
836351150
836351205
836351299
836351342
836351711
836351859
836352453
836352781
836353035
836353572
836354628
836354802
836355166
836355785
836355870
836356270
836357330
836357565
836358110
836358126
836358157
836358189
836358325
836358793
836359453
836359795
836359900
836359979
836360350
836361552
836361755
836362504
836362794
836362910
836363025
836363043
836363350
836365263
836367626
836367779
836368304
836368858
836369032
836369349
836369381
836370099
836370728
836371471
836371649
836372036
836372043
836372045
836372132
836372502
836372821
836372920
836373052
836373202
836373253
836373324
836373407
836373537
836373554
836374161
836374322
836374390
836374445
836374852
836374911
836375358
836375686
836376483
836376565
836376642
836376729
836377041
836377235
836377442
836378268
836378335
836378564
836379309
836379722
836381409
836381479
836381702
836381941
836382250
836382256
836382397
836382409
836382574
836382859
836383854
836383914
836384339
836384703
836385008
836385224
836385815
836386718
836387609
836387849
836387904
836387941
836388029
836388249
836388756
836388923
836388942
836389593
836389701
836390188
836390562
836391068
836391189
836392828
836393012
836393108
836393315
836393388
836393426
836393449
836393483
836393499
836393931
836394017
836394388
836394548
836394685
836394760
836394804
836395075
836396937
836397121
836397278
836400195
836400961
836401684
836401822
836402633
836402797
836403832
836404309
836404355
836404884
836405279
836405319
836405957
836406046
836406644
836406755
836406935
836407017
836407138
836407199
836407706
836409325
836409789
836410024
836410751
836410812
836410873
836411931
836412004
836412358
836412957
836412960
836413143
836413240
836413312
836413527
836413926
836414082
836414358
836414583
836414649
836414708
836414911
836415442
836415558
836415569
836415836
836416074
836417006
836417687
836418251
836418307
836419392
836419578
836419583
836419635
836419733
836419924
836420057
836420151
836420980
836421940
836422260
836423618
836423933
836424308
836424516
836424585
836424684
836425216
836425233
836425566
836426167
836426699
836426954
836427515
836427584
836427806
836427882
836428617
836428804
836429439
836430805
836430859
836431033
836431483
836431646
836431714
836432111
836433128
836433497
836434441
836435100
836435316
836435410
836436025
836436110
836437813
836438184
836438853
836439699
836439950
836440316
836440594
836441097
836441488
836441686
836442254
836442763
836443211
836443232
836443643
836443645
836443791
836444131
836444194
836445418
836445561
836445594
836445781
836446135
836447848
836448104
836448191
836448195
836448253
836448382
836448621
836448688
836448816
836448823
836449428
836449841
836450497
836450553
836450730
836450954
836451251
836452994
836453076
836454037
836454907
836455050
836455209
836455377
836455392
836455448
836455887
836455938
836456080
836456173
836456341
836456352
836456685
836456854
836457081
836457586
836457767
836457865
836458357
836458891
836469863
836476856
836477083
836477158
836477393
836477559
836479811
836479973
836480168
836480293
836480310
836480325
836480697
836480734
836482800
836483561
836484806
836484826
836484931
836484966
836485329
836485347
836485492
836485677
836485885
836485966
836486125
836487317
836487410
836487552
836487886
836488018
836488250
836488273
836488449
836488525
836488685
836488714
836488786
836489072
836489122
836489187
836489191
836489326
836489779
836490333
836490409
836491135
836491260
836491332
836491697
836491806
836491885
836492140
836492343
836492394
836497816
836498351
836498884
836498990
836499749
836499884
836500147
836500226
836500564
836500771
836502891
836504010
836504147
836504193
836504468
836504498
836504776
836504805
836504908
836505477
836505560
836505720
836505839
836506193
836506294
836507616
836507927
836507950
836508661
836508746
836508796
836508852
836508878
836508972
836509132
836509196
836509656
836509816
836510037
836510237
836510256
836510513
836510755
836510850
836511050
836511555
836512091
836512348
836512987
836513241
836513691
836513861
836513866
836513936
836514600
836515890
836516033
836516192
836516243
836516384
836516705
836517106
836517129
836517596
836517892
836518420
836518584
836519461
836520652
836520833
836520913
836520966
836521483
836521748
836522457
836522627
836523573
836523807
836523888
836524429
836524433
836525427
836525873
836526165
836527376
836527646
836528206
836528228
836528249
836528603
836528648
836528789
836529055
836529311
836529413
836529791
836530459
836531126
836532102
836532347
836532487
836532679
836532942
836533727
836534131
836534478
836538532
836538537
836539134
836539195
836539228
836541518
836541817
836541863
836542062
836542247
836542944
836543581
836543602
836543751
836543937
836544204
836544389
836544743
836544744
836545146
836545576
836546028
836546120
836546719
836547445
836548843
836549631
836551269
836551771
836554556
836554904
836555398
836556437
836557143
836557260
836559195
836561073
836562200
836563150
836567149
836567987
836568387
836570055
836570652
836570983
836571584
836573049
836574691
836575194
836576221
836576676
836576774
836576920
836577459
836578165
836579203
836583063
836583769
836584356
836584932
836585741
836585794
836586631
836587364
836588249
836588496
836589809
836589960
836593204
836593342
836593401
836593605
836593907
836594420
836594828
836595371
836595884
836595995
836596475
836596890
836596996
836598484
836599463
836599594
836600151
836600592
836601754
836602312
836603840
836604301
836604423
836604536
836605330
836605333
836605354
836605897
836606424
836608425
836608620
836608708
836609292
836610197
836610927
836611008
836612154
836612316
836612589
836615584
836615660
836616593
836617139
836618004
836618816
836619044
836619148
836619322
836619355
836619503
836619966
836620400
836620598
836621364
836621417
836621551
836621794
836621969
836622032
836623352
836623823
836626923
836627231
836628503
836628620
836629139
836631585
836632764
836635099
836635133
836635727
836636003
836636066
836639672
836639698
836639730
836640370
836640380
836641146
836641836
836642226
836642608
836643414
836643598
836644388
836647721
836648128
836649549
836649601
836650484
836651248
836651286
836651809
836652154
836652438
836652453
836652712
836652764
836653321
836653344
836653349
836653959
836654058
836654325
836655257
836655280
836656596
836657154
836657490
836657717
836658574
836659013
836661691
836661776
836661924
836662080
836662120
836662954
836662987
836663969
836664905
836665276
836666698
836666711
836666760
836667973
836668343
836668498
836669585
836670146
836670862
836671133
836672552
836673269
836673418
836673982
836674071
836674223
836674703
836675139
836676533
836680612
836681127
836681401
836681840
836682442
836682780
836683183
836683196
836683606
836684810
836684822
836684925
836685066
836685199
836685754
836686417
836687089
836687153
836687412
836688543
836690545
836690868
836690896
836691861
836692400
836692551
836693047
836694252
836694825
836696152
836696193
836696996
836697382
836697502
836697726
836697784
836698079
836698351
836698457
836699122
836700140
836700879
836701155
836701826
836702736
836702977
836702998
836703498
836703729
836704432
836704861
836706614
836706790
836707536
836707695
836708527
836708952
836709187
836709214
836710092
836710577
836710881
836711544
836711661
836712253
836712290
836713303
836714109
836714239
836714969
836715262
836715835
836716086
836719466
836719827
836719932
836721201
836721607
836721985
836722116
836723027
836725232
836725823
836726020
836726918
836726959
836727135
836729576
836729626
836729710
836729755
836730125
836731002
836731382
836732557
836732572
836732970
836733235
836734001
836734976
836735132
836735147
836735490
836735491
836735689
836736342
836736385
836736939
836736944
836737106
836737206
836737796
836738063
836738125
836738260
836738293
836738510
836740128
836741335
836741466
836742677
836743062
836743110
836743165
836744532
836744839
836745178
836745970
836746032
836746151
836746283
836746907
836748703
836748978
836749125
836749498
836749728
836751524
836751957
836752008
836753243
836753620
836754111
836756043
836756221
836756257
836756955
836757124
836757942
836757972
836758581
836758690
836759238
836759305
836759512
836759590
836759694
836759768
836759966
836760009
836761634
836764502
836765291
836765792
836765838
836766616
836770139
836770516
836770832
836770901
836772437
836773997
836774577
836774701
836774793
836776337
836777565
836777694
836784214
836785148
836785239
836789202
836789206
836789529
836790939
836791075
836795341
836795433
836795457
836795629
836798009
836798156
836798734
836799635
836801463
836801959
836802068
836802291
836802444
836802820
836802941
836803107
836803381
836803532
836804984
836808269
836808560
836809123
836809704
836809938
836810211
836810280
836811505
836811813
836813521
836813844
836814573
836814657
836814891
836815006
836815946
836816344
836817726
836818695
836818891
836819708
836820851
836821389
836821698
836822385
836822436
836824169
836824264
836824871
836824951
836826401
836827000
836828296
836830455
836832497
836832961
836834299
836835895
836836884
836841188
836842337
836842415
836842737
836844524
836844932
836844981
836845269
836845371
836846459
836846880
836848498
836852664
836853976
836856987
836857768
836858709
836858949
836859216
836859354
836860058
836860393
836861291
836864707
836864942
836865311
836867045
836867453
836867692
836868774
836873288
836873776
836874227
836874767
836875145
836875190
836875637
836875927
836876236
836878747
836878895
836880217
836880284
836880403
836880577
836881776
836882095
836884093
836884855
836886653
836887139
836887423
836887624
836888384
836889064
836893680
836894388
836894527
836898497
836898767
836899070
836899156
836899583
836900097
836900184
836902052
836902816
836904496
836905161
836907508
836907837
836908494
836910233
836910283
836910608
836910639
836911068
836911345
836911538
836912660
836912678
836913372
836913456
836914755
836915492
836916335
836916838
836917336
836917538
836917724
836918049
836918711
836919639
836919680
836920099
836920408
836920552
836920715
836921180
836922091
836922435
836922678
836922702
836922780
836922805
836923660
836923856
836924193
836924517
836926098
836926162
836926192
836926569
836926575
836927080
836927184
836927375
836927442
836928637
836928871
836928904
836929251
836929800
836930750
836931493
836931649
836931831
836931874
836932117
836932781
836934267
836934387
836934590
836935778
836936327
836937033
836937118
836938299
836938537
836938945
836939343
836939401
836939869
836940178
836941608
836941628
836941989
836942589
836943026
836943197
836943839
836944367
836944448
836946193
836946313
836947113
836947176
836948258
836948990
836949472
836949979
836951115
836951338
836951728
836951795
836952313
836952433
836952761
836952815
836952935
836953329
836953348
836953810
836953881
836954564
836955321
836957425
836960488
836962299
836962594
836962641
836963258
836963966
836965304
836965748
836965904
836966086
836966344
836966792
836967712
836967917
836968290
836968614
836968632
836968642
836968660
836970098
836970224
836970448
836971489
836971649
836972693
836973201
836973424
836974451
836975286
836975893
836975981
836976051
836976076
836977244
836977316
836977613
836978085
836978543
836978751
836979104
836981129
836982187
836982330
836982872
836982940
836983278
836984041
836984177
836985175
836985540
836985852
836986619
836986749
836987343
836987774
836988149
836989444
836989458
836990372
836990805
836991117
836991682
836991898
836992738
836993800
836993884
836993916
836993961
836994310
836994336
836994630
836994711
836994748
836994963
836995035
836995901
836996580
836996764
836996986
836997020
836997317
836997398
836997901
836998242
836999028
836999967
836999996
837000092
837001269
837001295
837002157
837002562
837002926
837003322
837003452
837003525
837003889
837004088
837004626
837004654
837005732
837005804
837005868
837006708
837007377
837007489
837007836
837007944
837008065
837008151
837010050
837010185
837010374
837011052
837011194
837011325
837011796
837012101
837012134
837012707
837012708
837013260
837013336
837014925
837014926
837014956
837015129
837015156
837016557
837018302
837018676
837018745
837019156
837019253
837019363
837019392
837019654
837019943
837020432
837020586
837020612
837020778
837021725
837021967
837022110
837022153
837022230
837022398
837022528
837022684
837022821
837022877
837022953
837023219
837023747
837023769
837024417
837024614
837027135
837027401
837027682
837028272
837028772
837029132
837029587
837029748
837029754
837029798
837029901
837029918
837029952
837030835
837031372
837032298
837032348
837032361
837032597
837032808
837033873
837033907
837034378
837034478
837035290
837036050
837036906
837036962
837037046
837037984
837038814
837039179
837039361
837039423
837039465
837039507
837039540
837040645
837041853
837041897
837041940
837042420
837042779
837043088
837043774
837043984
837044294
837044297
837044698
837044919
837044945
837045097
837045251
837045655
837046253
837047121
837047273
837047679
837047836
837047927
837048008
837048571
837048730
837049304
837049459
837050016
837051307
837051396
837051741
837052740
837052894
837053219
837053606
837054655
837055013
837055480
837055689
837055942
837055996
837056619
837057638
837057702
837057823
837058535
837058577
837058827
837058962
837059017
837059108
837059157
837059437
837059525
837059565
837059855
837059886
837059996
837060425
837060485
837060509
837060555
837061059
837061238
837061628
837062349
837062684
837063125
837063283
837063323
837063404
837063499
837063576
837064038
837064279
837064638
837064980
837065348
837065360
837065529
837065583
837065595
837065765
837066509
837066599
837066839
837067055
837067174
837067633
837067660
837067981
837068081
837068158
837068350
837068389
837068986
837069303
837069493
837069520
837069652
837069993
837070026
837070839
837070852
837070988
837071151
837071266
837071482
837071878
837072220
837072245
837072288
837072964
837073258
837073517
837073831
837074477
837074593
837074879
837075710
837076008
837076044
837076117
837076216
837076332
837076359
837076745
837076915
837077046
837077719
837077820
837078215
837078298
837078396
837078486
837078635
837078748
837081448
837081557
837081731
837081811
837082021
837082175
837082647
837082937
837083048
837083086
837083125
837083851
837083983
837084362
837084453
837084532
837084663
837084960
837084994
837085687
837086321
837086385
837086856
837086859
837086979
837087076
837087165
837087383
837087434
837087604
837087882
837088014
837088388
837088476
837088876
837088885
837089104
837089225
837089910
837089954
837090307
837090565
837090688
837091661
837091892
837091925
837091974
837092832
837093131
837093271
837093573
837093847
837094387
837094445
837094996
837095084
837095176
837095346
837095438
837095727
837095958
837096439
837096645
837098885
837099002
837099022
837099109
837099182
837100310
837100439
837100462
837100611
837100818
837101264
837103426
837103477
837104161
837104920
837105917
837106202
837106334
837106393
837106716
837106942
837107419
837107558
837108681
837108742
837109118
837109443
837109622
837110052
837110238
837111943
837112055
837112091
837112139
837112177
837112440
837112563
837112746
837112871
837115057
837115212
837115241
837115343
837115420
837115533
837115897
837116201
837116994
837117284
837118777
837120455
837120864
837120966
837121159
837121453
837122469
837122890
837123861
837123924
837124992
837125134
837125434
837125501
837126385
837127016
837127068
837127280
837127329
837127795
837127957
837128793
837128917
837129397
837129907
837130158
837130290
837130492
837130639
837130724
837130965
837131140
837132189
837132217
837132423
837132431
837132526
837133006
837133042
837133191
837133321
837133447
837133963
837134231
837134392
837136529
837136702
837136712
837136725
837136808
837137076
837137465
837137556
837137974
837138696
837138818
837139413
837139838
837140270
837141362
837141575
837141814
837142195
837142531
837142556
837143176
837143464
837144011
837144402
837144951
837145393
837146615
837147006
837147075
837147911
837148069
837148083
837149095
837149712
837149956
837150010
837151634
837153642
837153677
837153748
837153882
837154169
837154274
837154537
837154547
837154625
837155417
837155549
837155731
837157312
837158146
837158158
837158264
837158265
837158882
837159031
837159453
837159485
837159782
837160618
837160903
837161257
837161729
837161868
837161891
837161955
837162366
837162834
837163120
837163380
837164030
837165028
837165362
837165385
837165572
837165642
837165736
837166484
837167227
837167238
837167274
837167698
837168168
837168818
837169244
837169420
837169432
837170001
837170003
837170198
837171028
837171066
837172781
837173106
837173278
837173841
837174714
837174905
837175228
837175325
837176460
837177585
837178843
837179009
837179603
837179646
837179879
837180421
837180679
837181352
837181411
837181456
837181490
837181678
837181855
837182941
837183239
837183387
837183603
837183656
837184603
837184804
837185223
837185279
837185307
837186826
837187031
837188549
837188766
837189095
837189355
837189377
837189466
837189716
837189820
837195027
837195372
837195952
837196177
837197046
837197122
837197237
837197314
837197551
837197958
837198010
837198047
837198556
837198876
837199386
837199471
837199563
837199684
837199789
837200428
837200483
837200505
837200762
837200893
837201074
837201582
837202198
837202388
837203249
837203343
837203606
837203649
837203840
837203897
837204372
837204432
837204487
837204541
837204561
837204566
837204782
837205066
837205838
837205871
837206443
837206495
837206512
837206904
837207051
837207944
837208110
837210739
837210946
837211083
837211141
837211608
837212002
837212878
837216662
837216810
837216871
837217153
837217518
837217542
837217813
837218963
837219161
837219241
837220034
837220066
837220598
837220676
837221780
837222095
837222758
837222875
837223263
837223384
837223519
837223647
837224926
837225119
837225182
837226692
837226819
837226846
837227301
837227316
837227475
837227668
837227885
837228696
837228711
837228759
837228943
837228957
837229000
837229100
837229433
837229615
837229776
837229780
837229810
837230313
837230361
837230463
837230644
837231493
837231529
837231620
837231663
837231780
837231837
837232038
837232079
837233357
837233528
837233543
837233767
837234768
837234820
837234884
840000151
840000492
840000597
840000602
840000639
840000657
840000789
840000942
840000985
840001066
840001081
840001092
840001113
840001171
840001250
840001277
840001461
840001811
840001917
840002169
840002231
840002304
840002446
840002619
840002684
840003112
840003392
840003480
840003516
840003542
840003778
840004116
840004493
840004721
840004875
840004928
840005455
840005544
840005685
840005992
840006069
840006195
840006499
840006658
840006848
840007143
840007197
840007512
840007550
840008547
840008591
840008696
840008749
840008981
840010565
840011035
840011191
840011296
840011394
840011396
840011441
840011465
840011580
840011644
840014173
840014625
840014827
840014885
840015021
840015821
842064320
842065164
842066268
842067042
842075967
842076103
842076140
842076335
842076502
842076695
842078434
842079028
842081539
842082769
842082796
842083193
842083222
842083539
842084167
842084277
842104898
842115018
842115720
842115722
842115846
842115880
842116116
842116218
842116235
842116664
842116884
842117163
842117276
842117461
842118278
842118426
842119319
842119483
842119517
842119528
842120182
842120295
842120403
842120678
842121030
842121242
842121296
842121485
842121758
842121910
842122137
842122169
842122196
842122437
842122835
842122931
842122942
842126779
842126804
842126987
842127036
842127063
842127297
842127508
842127518
842130049
842130114
842130212
842130797
842130844
842130848
842131032
842131092
842131155
842131593
842131619
842131927
842131994
842131996
842132108
842132342
842132486
842132759
842132880
842132900
842133200
842133310
842133327
842133485
842133612
842133746
842133825
842133908
842133984
842134166
842134539
842134767
842134879
842135087
842135487
842135634
842135991
842135998
842136040
842136138
842136146
842136344
842136356
842136490
842136502
842136650
842136820
842137328
842137383
842137572
842137751
842137989
842138228
842203811
842203918
842204459
842205523
842206257
842206325
842206362
842206435
842206713
842207142
842207382
842207598
842207902
842208390
842209090
842209221
842209687
842214051
