{
  "input_fits": "data_local/stage1_lightcurves/tglc_saveaper_wd1856_s56_spoc/lc/hlsp_tglc_tess_ffi_gaiaid-2146576589564898688-s0056-cam4-ccd1_tess_v2.1_llc.fits",
  "source_pickle": "data_local/stage1_lightcurves/tglc_saveaper_wd1856_s56_spoc/source/source_SPOC_TIC 267574918_sector_56.pkl",
  "output_png": "reports/stage1_lightcurves/pixel_maps/wd1856_s56_pixel_map_rebuilt.png",
  "output_pdf": "reports/stage1_lightcurves/pixel_maps/wd1856_s56_pixel_map_rebuilt.pdf",
  "period_d": 1.407983,
  "t0_bjd": 2459825.473398,
  "t0_in_time_column": 2825.473398000002,
  "time_system_inferred": "BTJD",
  "duration_min": 6.0,
  "phase_window_min": 60.0,
  "baseline_inner_min": 14.0,
  "baseline_outer_min": 56.0,
  "bin_width_min": 4.0,
  "right_panel_orientation": "Grid rows are plotted y=4 top to y=0 bottom, matching imshow(origin='lower') on the left.",
  "cube_shape": [
    11775,
    5,
    5
  ],
  "quality_zero_cadences": 11007,
  "total_cadences": 11775,
  "depth_e_per_s_yx": [
    [
      -0.29758334159851074,
      0.027707338333129883,
      0.07115554809570312,
      -0.03402113914489746,
      -0.5507001876831055
    ],
    [
      -0.21432000398635864,
      0.2971458435058594,
      0.8472156524658203,
      0.5801771879196167,
      0.42241668701171875
    ],
    [
      -0.38797223567962646,
      -0.04050183296203613,
      2.9030323028564453,
      4.000347137451172,
      1.1586132049560547
    ],
    [
      -0.10117852687835693,
      0.32605771720409393,
      2.5747629404067993,
      1.882232666015625,
      0.37481689453125
    ],
    [
      0.2721215486526489,
      -0.0670316219329834,
      0.16182899475097656,
      -0.8612518310546875,
      1.09149169921875
    ]
  ],
  "snr_yx": [
    [
      -0.3009620715898935,
      0.02895426474350901,
      0.07045125921626756,
      -0.03082683789515663,
      -0.5482855943991393
    ],
    [
      -0.23568486036392225,
      0.33810425874464073,
      0.7375435653547756,
      0.5693827037038129,
      0.24319336463470487
    ],
    [
      -0.4550483482304432,
      -0.04800372144531987,
      2.453191129137349,
      2.180806387393491,
      0.5406446202525685
    ],
    [
      -0.11070528100326936,
      0.3759470960973285,
      2.753371923047656,
      0.746560066260574,
      0.07823229082633598
    ],
    [
      0.3153432666240876,
      -0.07328748586446902,
      0.2216702534935873,
      -0.2847808108161858,
      0.18021422437614787
    ]
  ],
  "event_counts": {
    "0,0": {
      "n_in_event": 33,
      "n_oot": 464,
      "n_folded": 659
    },
    "0,1": {
      "n_in_event": 33,
      "n_oot": 464,
      "n_folded": 659
    },
    "0,2": {
      "n_in_event": 33,
      "n_oot": 464,
      "n_folded": 659
    },
    "0,3": {
      "n_in_event": 33,
      "n_oot": 464,
      "n_folded": 659
    },
    "0,4": {
      "n_in_event": 33,
      "n_oot": 464,
      "n_folded": 659
    },
    "1,0": {
      "n_in_event": 33,
      "n_oot": 464,
      "n_folded": 659
    },
    "1,1": {
      "n_in_event": 33,
      "n_oot": 464,
      "n_folded": 659
    },
    "1,2": {
      "n_in_event": 33,
      "n_oot": 464,
      "n_folded": 659
    },
    "1,3": {
      "n_in_event": 33,
      "n_oot": 464,
      "n_folded": 659
    },
    "1,4": {
      "n_in_event": 33,
      "n_oot": 464,
      "n_folded": 659
    },
    "2,0": {
      "n_in_event": 33,
      "n_oot": 464,
      "n_folded": 659
    },
    "2,1": {
      "n_in_event": 33,
      "n_oot": 464,
      "n_folded": 659
    },
    "2,2": {
      "n_in_event": 33,
      "n_oot": 464,
      "n_folded": 659
    },
    "2,3": {
      "n_in_event": 33,
      "n_oot": 464,
      "n_folded": 659
    },
    "2,4": {
      "n_in_event": 33,
      "n_oot": 464,
      "n_folded": 659
    },
    "3,0": {
      "n_in_event": 33,
      "n_oot": 464,
      "n_folded": 659
    },
    "3,1": {
      "n_in_event": 33,
      "n_oot": 464,
      "n_folded": 659
    },
    "3,2": {
      "n_in_event": 33,
      "n_oot": 464,
      "n_folded": 659
    },
    "3,3": {
      "n_in_event": 33,
      "n_oot": 464,
      "n_folded": 659
    },
    "3,4": {
      "n_in_event": 33,
      "n_oot": 464,
      "n_folded": 659
    },
    "4,0": {
      "n_in_event": 33,
      "n_oot": 464,
      "n_folded": 659
    },
    "4,1": {
      "n_in_event": 33,
      "n_oot": 464,
      "n_folded": 659
    },
    "4,2": {
      "n_in_event": 33,
      "n_oot": 464,
      "n_folded": 659
    },
    "4,3": {
      "n_in_event": 33,
      "n_oot": 464,
      "n_folded": 659
    },
    "4,4": {
      "n_in_event": 33,
      "n_oot": 464,
      "n_folded": 659
    }
  },
  "best_depth_pixel_yx": [
    2,
    3
  ],
  "best_depth": 4.000347137451172,
  "best_depth_snr": 2.180806387393491,
  "gaia_cutout_geometry": {
    "source_pickle": "data_local/stage1_lightcurves/tglc_saveaper_wd1856_s56_spoc/source/source_SPOC_TIC 267574918_sector_56.pkl",
    "target_gaia_dr3": 2146576589564898688,
    "star_x_from_header": 2.3691822639858913,
    "star_y_from_header": 2.3874407802353588,
    "target_sector_x": 45.36918226398589,
    "target_sector_y": 45.38744078023536,
    "crop_origin_x": 43.0,
    "crop_origin_y": 43.0
  },
  "gaia_neighbors": [
    {
      "source_id": 2146576589564898688,
      "x": 2.3691822639858913,
      "y": 2.3874407802353588,
      "phot_g_mean_mag": 16.942256927490234,
      "tess_mag": 16.32809517853846,
      "is_target": true
    },
    {
      "source_id": 2146576757065535360,
      "x": 4.2662108570396455,
      "y": 3.792467848616667,
      "phot_g_mean_mag": 12.018860816955566,
      "tess_mag": 10.940106869357988,
      "is_target": false
    },
    {
      "source_id": 2146576761360909056,
      "x": 4.149677336015088,
      "y": 3.7850591860978042,
      "phot_g_mean_mag": 12.103304862976074,
      "tess_mag": 11.025413403139414,
      "is_target": false
    },
    {
      "source_id": 2146576761363236352,
      "x": 3.6734604416885333,
      "y": 3.454938864559338,
      "phot_g_mean_mag": 15.947826385498047,
      "tess_mag": 15.412634743803116,
      "is_target": false
    },
    {
      "source_id": 2146576585267260672,
      "x": 0.09406354477024337,
      "y": 0.7035319158754447,
      "phot_g_mean_mag": 18.57235336303711,
      "tess_mag": 18.082375144961084,
      "is_target": false
    },
    {
      "source_id": 2146576692641433856,
      "x": 2.300980088295212,
      "y": 0.42955747873497074,
      "phot_g_mean_mag": 19.147396087646484,
      "tess_mag": 17.992624849932398,
      "is_target": false
    },
    {
      "source_id": 2146576619627005056,
      "x": 0.3495408277870382,
      "y": 2.921341008289879,
      "phot_g_mean_mag": 19.6961669921875,
      "tess_mag": 18.790162631818298,
      "is_target": false
    },
    {
      "source_id": 2146576585267267456,
      "x": 0.9799266994256541,
      "y": 1.4688531785638617,
      "phot_g_mean_mag": 19.874324798583984,
      "tess_mag": 19.069597860724706,
      "is_target": false
    },
    {
      "source_id": 2146576688346501760,
      "x": 4.480852973813931,
      "y": 2.278336640075132,
      "phot_g_mean_mag": 20.327974319458008,
      "tess_mag": 19.540023813368272,
      "is_target": false
    },
    {
      "source_id": 2146576658283022080,
      "x": 1.192418721653354,
      "y": 2.913745290009892,
      "phot_g_mean_mag": 20.447683334350586,
      "tess_mag": 19.784583373440796,
      "is_target": false
    },
    {
      "source_id": 2146576589562213376,
      "x": 2.3701176223626135,
      "y": 1.84994793851466,
      "phot_g_mean_mag": 20.822872161865234,
      "tess_mag": 19.966386366731655,
      "is_target": false
    },
    {
      "source_id": 2146576692642864256,
      "x": 3.0360369107913385,
      "y": -0.1232698130243719,
      "phot_g_mean_mag": 20.846723556518555,
      "tess_mag": 20.47042804960441,
      "is_target": false
    }
  ],
  "header": {
    "TICID": "267574918",
    "GAIADR3": "2146576589564898688",
    "SECTOR": "56",
    "CAMERA": "4",