{
  "apertures": {
    "DET_FLUX": {
      "aperture": "DET_FLUX",
      "best": {
        "depth": 0.1434560753094437,
        "depth_snr": 1.035387433699892,
        "duration_min": 30.000000000000004,
        "period_d": 0.6254527148936712,
        "sde": 6.706549185290094,
        "t0_bjd": 2459825.6415118,
        "t0_phase_err_min": -8.602517142891667
      },
      "config": {
        "apertures": [
          "DET_FLUX"
        ],
        "durations_min": [
          1.0,
          1.5,
          2.0,
          3.0,
          4.0,
          5.0,
          6.0,
          8.0,
          10.0,
          13.0,
          16.0,
          20.0,
          30.0
        ],
        "max_period_fraction": 0.45,
        "min_cadences": 200,
        "n_peaks": 10,
        "n_periods": 20000,
        "orbit_edge_trim_d": 0.0,
        "p_max_cap_d": 15.0,
        "p_min_d": 0.08,
        "period_mask_frac": 0.005,
        "sigma_clip": 5.0
      },
      "hlsp_path": "/Users/tehan/PycharmProjects/TWIRL/reports/stage3_injections/pixel_injection_smoke_source_7_7_twirlfs_bls_2000cad_p0p2/twirlfs_injected/0000/0003/8996/3197/hlsp_twirlfs_tess_ffi_s0056-0000000389963197_tess_v01_llc.fits",
      "injected_minus_original_window": {
        "n_good": 1528,
        "n_good_truth_in_transit": 10,
        "n_good_truth_oot": 1415,
        "n_truth_in_transit": 13,
        "truth_in_median": -0.03396928310394287,
        "truth_oot_mad_sigma": 0.0003721254229545593,
        "truth_oot_median": -1.0967254638671875e-05,
        "truth_window_depth": -3096.336956521739,
        "truth_window_snr_estimate": 288.5737360661582
      },
      "n_after_clip": 1528,
      "n_periods_actual": 20001,
      "status": "ok",
      "top_peaks": [
        {
          "depth": 0.1434560753094437,
          "depth_snr": 1.035387433699892,
          "duration_min": 30.000000000000004,
          "period_d": 0.6254527148936712,
          "sde": 6.706549185290094,
          "t0_bjd": 2459825.6415118,
          "t0_phase_err_min": -8.602517142891667
        },
        {
          "depth": 0.1434560753094437,
          "depth_snr": 1.035387433699892,
          "duration_min": 30.000000000000004,
          "period_d": 0.6252205839139668,
          "sde": 6.706549185290094,
          "t0_bjd": 2459825.6415118,
          "t0_phase_err_min": -8.602517142891667
        },
        {
          "depth": 0.14319262045327724,
          "depth_snr": 1.0334859607449574,
          "duration_min": 30.000000000000004,
          "period_d": 0.6245252236641808,
          "sde": 6.668124308151112,
          "t0_bjd": 2459825.6442895774,
          "t0_phase_err_min": -4.602517381310247
        },
        {
          "depth": 0.14110509139515692,
          "depth_snr": 1.0184193185717425,
          "duration_min": 30.000000000000004,
          "period_d": 0.6277835403978885,
          "sde": 6.366155417776564,
          "t0_bjd": 2459825.629706244,
          "t0_phase_err_min": -25.602517470717213
        },
        {
          "depth": 0.13983780038655777,
          "depth_snr": 1.0092727056986799,
          "duration_min": 30.000000000000004,
          "period_d": 0.6249886251768606,
          "sde": 6.185000256829366,
          "t0_bjd": 2459825.642206244,
          "t0_phase_err_min": -7.602517202496313
        },
        {
          "depth": 0.13983780038655777,
          "depth_snr": 1.0092727056986799,
          "duration_min": 30.000000000000004,
          "period_d": 0.6247568384907161,
          "sde": 6.185000256829366,
          "t0_bjd": 2459825.643595133,
          "t0_phase_err_min": -5.602517321705602
        },
        {
          "depth": 0.1392914170732784,
          "depth_snr": 1.0053292099956748,
          "duration_min": 30.000000000000004,
          "period_d": 0.6242937805061863,
          "sde": 6.107400736864699,
          "t0_bjd": 2459825.6456784667,
          "t0_phase_err_min": -2.602516829967283
        },
        {
          "depth": 0.13810440046082434,
          "depth_snr": 0.9967619737773628,
          "duration_min": 30.000000000000004,
          "period_d": 0.6275496763892976,
          "sde": 5.939862857133315,
          "t0_bjd": 2459825.629706244,
          "t0_phase_err_min": -25.602517470717213
        },
        {
          "depth": 0.13526232915189812,
          "depth_snr": 0.9762494586218091,
          "duration_min": 30.000000000000004,
          "period_d": 0.6268491286340416,
          "sde": 5.544553643410377,
          "t0_bjd": 2459825.632484022,
          "t0_phase_err_min": -21.60251703858354
        },
        {
          "depth": 0.13526232915189812,
          "depth_snr": 0.9762494586218091,
          "duration_min": 30.000000000000004,
          "period_d": 0.6270824707017368,
          "sde": 5.544553643410377,
          "t0_bjd": 2459825.632484022,
          "t0_phase_err_min": -21.60251703858354
        }
      ],
      "truth_period": {
        "depth": 0.2916668051821139,
        "depth_snr": 0.8227958923602459,
        "duration_min": 1.0,
        "nearest_period_d": 0.2,
        "rank": 532,
        "sde": 2.647891263676393,
        "t0_bjd": 2459825.3536645775,
        "t0_phase_err_min": -135.10251724719978
      },
      "truth_window": {
        "n_good": 1528,
        "n_good_truth_in_transit": 10,
        "n_good_truth_oot": 1415,
        "n_truth_in_transit": 13,
        "truth_in_median": 1.0070269107818604,
        "truth_oot_mad_sigma": 0.20364530632495878,
        "truth_oot_median": 1.0005881786346436,
        "truth_window_depth": -0.006434947248730036,
        "truth_window_snr_estimate": -0.09998295171341352
      }
    },
    "DET_FLUX_ADP": {
      "aperture": "DET_FLUX_ADP",
      "best": {
        "depth": 0.13412883192195904,
        "depth_snr": 0.9680684960137006,
        "duration_min": 20.0,
        "period_d": 0.37365656574976736,
        "sde": 5.484520863630666,
        "t0_bjd": 2459825.526234022,
        "t0_phase_err_min": 113.39748269319557
      },
      "config": {
        "apertures": [
          "DET_FLUX_ADP"
        ],
        "durations_min": [
          1.0,
          1.5,
          2.0,
          3.0,
          4.0,
          5.0,
          6.0,
          8.0,
          10.0,
          13.0,
          16.0,
          20.0,
          30.0
        ],
        "max_period_fraction": 0.45,
        "min_cadences": 200,
        "n_peaks": 10,
        "n_periods": 20000,
        "orbit_edge_trim_d": 0.0,
        "p_max_cap_d": 15.0,
        "p_min_d": 0.08,
        "period_mask_frac": 0.005,
        "sigma_clip": 5.0
      },
      "hlsp_path": "/Users/tehan/PycharmProjects/TWIRL/reports/stage3_injections/pixel_injection_smoke_source_7_7_twirlfs_bls_2000cad_p0p2/twirlfs_injected/0000/0003/8996/3197/hlsp_twirlfs_tess_ffi_s0056-0000000389963197_tess_v01_llc.fits",
      "injected_minus_original_window": {
        "n_good": 1528,
        "n_good_truth_in_transit": 10,
        "n_good_truth_oot": 1415,
        "n_truth_in_transit": 13,
        "truth_in_median": -0.03323754668235779,
        "truth_oot_mad_sigma": 0.0003753951072692871,
        "truth_oot_median": 0.0007615089416503906,
        "truth_window_depth": 44.64695522855354,
        "truth_window_snr_estimate": 286.40345061689476
      },
      "n_after_clip": 1528,
      "n_periods_actual": 20001,
      "status": "ok",
      "top_peaks": [
        {
          "depth": 0.13412883192195904,
          "depth_snr": 0.9680684960137006,
          "duration_min": 20.0,
          "period_d": 0.37365656574976736,
          "sde": 5.484520863630666,
          "t0_bjd": 2459825.526234022,
          "t0_phase_err_min": 113.39748269319557
        },
        {
          "depth": 0.134128831921959,
          "depth_snr": 0.9680684960137004,
          "duration_min": 20.0,
          "period_d": 0.37349087892753535,
          "sde": 5.484520863630662,
          "t0_bjd": 2459825.5269284663,