recovery_mode,n,median_snr,median_tmag,median_period_d,median_depth_retention
bls_peak_mismatch,87,5.390677415723714,18.56803924992377,0.5036509221987594,0.3899383722004875
bls_top1_recovered,2,5.121335282602623,16.387530071704862,0.3495750788230416,0.6872738823743194
bls_topn_harmonic_match,3,4.23493349928908,19.246973569501996,0.9897189982842052,0.3416710414413801
bls_topn_recovered,2,4.198858239711613,18.043224529850793,1.3022528447077262,0.6256170024478298
