recovery_mode,n,median_snr,median_tmag,median_period_d,median_depth_retention
bls_peak_mismatch,823,1.137736305668296,19.517705772764344,1.5156185230793,0.461605247298098
bls_top1_recovered,137,10.82507625473205,18.28786665028267,0.5036509221987594,0.6935584818040987
bls_topn_harmonic_match,30,2.933721818422402,19.275626554562113,0.5990190893882439,0.5274745088008295
bls_topn_recovered,10,5.768347204602957,18.98986627358223,0.1539207775589871,0.6417942633159526
