recovery_mode,n,median_snr,median_tmag,median_period_d,median_depth_retention
bls_peak_mismatch,869,1.2543150681332949,19.495387903449892,1.5195932063374025,0.4753228324331717
bls_top1_recovered,81,11.4986607778744,18.34178758284158,0.3278808477004294,0.7043103368831258
bls_topn_harmonic_match,38,7.787448951203828,18.611794620035955,0.966265897821067,0.6862380173588561
bls_topn_recovered,12,5.209145656700613,18.804229626244567,0.4237467472843513,0.7510739696523336
