tmag_bin,n_injections,n_bls_top5,n_teacher_preserve,bls_top5_fraction,teacher_end_to_end_fraction,teacher_retention_given_bls
Tmag < 17,324,209,175,0.6450617283950617,0.5401234567901234,0.8373205741626795
17 <= Tmag < 18,797,372,264,0.46675031367628605,0.3312421580928482,0.7096774193548387
18 <= Tmag < 19,2914,883,548,0.3030199039121482,0.1880576527110501,0.6206115515288788
Tmag >= 19,15965,1994,540,0.12489821484497338,0.03382398997807704,0.2708124373119358
