recovery_mode,n,median_snr,median_tmag,median_period_d,median_depth_retention
bls_peak_mismatch,28,7.398231848218623,18.784425720644926,1.3859411604242449,0.5489220907193735
bls_top1_recovered,45,10.75069688719537,18.568454099273165,0.3224581941865721,0.6856994376467359
bls_topn_harmonic_match,16,9.056572183846045,18.204367438260796,2.20017264839249,0.7024203508499126
bls_topn_recovered,5,9.730017840409484,18.23286355674184,1.84558713981772,0.5710410424638348
