recovery_mode,n,median_snr,median_tmag,median_period_d,median_depth_retention
bls_peak_mismatch,842,1.2066274308074092,19.50300213339346,1.550119067759958,0.465505848916909
bls_top1_recovered,88,11.537749945465794,18.306037878316403,0.32516952094350077,0.711782116499662
bls_topn_harmonic_match,52,5.430511248839544,18.878090129888125,0.9423231382340291,0.6162094170563592
bls_topn_recovered,18,6.137181925101604,18.73525646156277,0.4064979304005516,0.6560182994235539
