sector,tic,human_label,tmag,period_d,duration_min,depth,depth_snr,sde_max,source_batch_id,review_id,repeated_tic_observations,top_signal_atlas,vet_sheet_filename,vet_sheet_relative_path
56,160520962,planet_like,17.0888,0.201801590141419,15,0.0863478808517036,1.91264500643659,318.405194171627,s56_adjudicated_real343,s0056-signal-final-b49a8ea0b5026d93,2,true,s0056-signal-final-b49a8ea0b5026d93_twirl_twoap_current_adp.png,../../data_local/label_reviews/s56_s62_signal_rereview/vet_sheets_s56_s62_a2v1_current_adp_v1/s0056-signal-final-b49a8ea0b5026d93_twirl_twoap_current_adp.png
56,267574918,planet_like,16.338,1.40784500927919,9,0.0876924653842994,0.618685742870737,65.3753071173326,s56_adjudicated_real343,s0056-signal-final-fa319f28ac03d711,1,true,s0056-signal-final-fa319f28ac03d711_twirl_twoap_current_adp.png,../../data_local/label_reviews/s56_s62_signal_rereview/vet_sheets_s56_s62_a2v1_current_adp_v1/s0056-signal-final-fa319f28ac03d711_twirl_twoap_current_adp.png
56,1201294971,planet_like,18.3986,0.286003649025262,12,0.514136283143806,8.77142396318549,158.916757991835,s56_adjudicated_real343,s0056-signal-final-3998c7adefa6536a,2,true,s0056-signal-final-3998c7adefa6536a_twirl_twoap_current_adp.png,../../data_local/label_reviews/s56_s62_signal_rereview/vet_sheets_s56_s62_a2v1_current_adp_v1/s0056-signal-final-3998c7adefa6536a_twirl_twoap_current_adp.png
56,1400739415,planet_like,18.9446,0.127763731276688,9,0.397992050089351,9.30756174694274,100.877326960906,s56_adjudicated_real343,s0056-signal-final-4fa7b88399c2da0b,2,true,s0056-signal-final-4fa7b88399c2da0b_twirl_twoap_current_adp.png,../../data_local/label_reviews/s56_s62_signal_rereview/vet_sheets_s56_s62_a2v1_current_adp_v1/s0056-signal-final-4fa7b88399c2da0b_twirl_twoap_current_adp.png
56,1882050598,planet_like,19.9099386529503,0.177125037399473,3,0.33437769943478,3.91891734690666,7.9278184516243,s56_compact_planet_revisit_407,s0056-signal-final-7eaf546568eb9e50,1,true,s0056-signal-final-7eaf546568eb9e50_twirl_twoap_current_adp.png,../../data_local/label_reviews/s56_s62_signal_rereview/vet_sheets_s56_s62_a2v1_current_adp_v1/s0056-signal-final-7eaf546568eb9e50_twirl_twoap_current_adp.png
56,1883349930,planet_like,18.3339,0.125189328098048,6,0.188589519276696,3.64266902086829,67.6494663033465,s56_adjudicated_real343,s0056-signal-final-30728c379acf5b98,1,true,s0056-signal-final-30728c379acf5b98_twirl_twoap_current_adp.png,../../data_local/label_reviews/s56_s62_signal_rereview/vet_sheets_s56_s62_a2v1_current_adp_v1/s0056-signal-final-30728c379acf5b98_twirl_twoap_current_adp.png
56,1884114805,planet_like,19.6853575054807,0.185225660181984,3,0.308785841182564,3.56682001427953,9.19486416415351,s56_compact_planet_revisit_407,s0056-signal-final-32e75056806c74d0,1,true,s0056-signal-final-32e75056806c74d0_twirl_twoap_current_adp.png,../../data_local/label_reviews/s56_s62_signal_rereview/vet_sheets_s56_s62_a2v1_current_adp_v1/s0056-signal-final-32e75056806c74d0_twirl_twoap_current_adp.png
56,1961800465,planet_like,17.9791,0.141930509861125,12,0.221535869875078,5.39236320188935,166.398978988252,s56_adjudicated_real343,s0056-signal-final-6249fb8f79329475,1,true,s0056-signal-final-6249fb8f79329475_twirl_twoap_current_adp.png,../../data_local/label_reviews/s56_s62_signal_rereview/vet_sheets_s56_s62_a2v1_current_adp_v1/s0056-signal-final-6249fb8f79329475_twirl_twoap_current_adp.png
56,1971892020,planet_like,19.6518184369627,3.40467487434467,12,0.685112184901646,3.62094534449924,9.10529527045932,s56_compact_planet_revisit_407,s0056-signal-final-996797a6718fe524,1,true,s0056-signal-final-996797a6718fe524_twirl_twoap_current_adp.png,../../data_local/label_reviews/s56_s62_signal_rereview/vet_sheets_s56_s62_a2v1_current_adp_v1/s0056-signal-final-996797a6718fe524_twirl_twoap_current_adp.png
56,1978545466,planet_like,20.2359120177697,2.41949770645352,12,0.74046181767397,4.84642441420503,9.59391215414748,s56_compact_planet_revisit_407,s0056-signal-final-060b4c2d8bad4424,1,true,s0056-signal-final-060b4c2d8bad4424_twirl_twoap_current_adp.png,../../data_local/label_reviews/s56_s62_signal_rereview/vet_sheets_s56_s62_a2v1_current_adp_v1/s0056-signal-final-060b4c2d8bad4424_twirl_twoap_current_adp.png
56,1979188354,planet_like,19.7484461830197,0.433977378798086,3,0.538602865864104,4.05629085278439,8.48822680997746,s56_compact_planet_revisit_407,s0056-signal-final-0eb5f3be4489bca2,1,true,s0056-signal-final-0eb5f3be4489bca2_twirl_twoap_current_adp.png,../../data_local/label_reviews/s56_s62_signal_rereview/vet_sheets_s56_s62_a2v1_current_adp_v1/s0056-signal-final-0eb5f3be4489bca2_twirl_twoap_current_adp.png
56,1979515854,planet_like,19.7112,0.152124350993941,15,0.264126347947291,7.16755314286311,45.6773760802199,s56_adjudicated_real343,s0056-signal-final-2765f59917273bd4,1,true,s0056-signal-final-2765f59917273bd4_twirl_twoap_current_adp.png,../../data_local/label_reviews/s56_s62_signal_rereview/vet_sheets_s56_s62_a2v1_current_adp_v1/s0056-signal-final-2765f59917273bd4_twirl_twoap_current_adp.png
56,2001273871,planet_like,19.75336476656,0.478420880166514,3,0.531636070052199,3.67509462235664,8.34567050158607,s56_compact_planet_revisit_407,s0056-signal-final-9feeb542c31650d9,1,true,s0056-signal-final-9feeb542c31650d9_twirl_twoap_current_adp.png,../../data_local/label_reviews/s56_s62_signal_rereview/vet_sheets_s56_s62_a2v1_current_adp_v1/s0056-signal-final-9feeb542c31650d9_twirl_twoap_current_adp.png
56,2001332736,planet_like,19.6728029351006,3.93551270979651,15,0.530707142353378,2.85413719403263,9.76382697091254,s56_compact_planet_revisit_407,s0056-signal-final-5c3dced678c5e54b,1,true,s0056-signal-final-5c3dced678c5e54b_twirl_twoap_current_adp.png,../../data_local/label_reviews/s56_s62_signal_rereview/vet_sheets_s56_s62_a2v1_current_adp_v1/s0056-signal-final-5c3dced678c5e54b_twirl_twoap_current_adp.png
56,2002732115,planet_like,19.1727,0.155253174099127,6,0.444772446857811,7.63869944027196,51.3975795847544,s56_adjudicated_real343,s0056-signal-final-a6f2a9615fe1660b,1,true,s0056-signal-final-a6f2a9615fe1660b_twirl_twoap_current_adp.png,../../data_local/label_reviews/s56_s62_signal_rereview/vet_sheets_s56_s62_a2v1_current_adp_v1/s0056-signal-final-a6f2a9615fe1660b_twirl_twoap_current_adp.png
56,2003242089,planet_like,19.6707577299045,0.95324447632351,3,0.685137894410808,3.4219022536675,11.2848368076141,s56_compact_planet_revisit_407,s0056-signal-final-64f323ad5bcc0e36,1,true,s0056-signal-final-64f323ad5bcc0e36_twirl_twoap_current_adp.png,../../data_local/label_reviews/s56_s62_signal_rereview/vet_sheets_s56_s62_a2v1_current_adp_v1/s0056-signal-final-64f323ad5bcc0e36_twirl_twoap_current_adp.png
56,2003344337,planet_like,19.8287887207362,0.381233175244496,6,0.329157051585225,3.63055639214844,6.73305875031206,s56_compact_planet_revisit_407,s0056-signal-final-ea5ef5e0a20cf690,1,true,s0056-signal-final-ea5ef5e0a20cf690_twirl_twoap_current_adp.png,../../data_local/label_reviews/s56_s62_signal_rereview/vet_sheets_s56_s62_a2v1_current_adp_v1/s0056-signal-final-ea5ef5e0a20cf690_twirl_twoap_current_adp.png
56,2003515304,planet_like,20.03919483212,0.827946478098765,12,0.433586868292317,4.48494725606974,7.71027023692156,s56_compact_planet_revisit_407,s0056-signal-final-81cebad1b6515654,1,true,s0056-signal-final-81cebad1b6515654_twirl_twoap_current_adp.png,../../data_local/label_reviews/s56_s62_signal_rereview/vet_sheets_s56_s62_a2v1_current_adp_v1/s0056-signal-final-81cebad1b6515654_twirl_twoap_current_adp.png
56,2003932333,wide_transit_like,18.4242,6.25944945634394,30,3.52599990132968,21.1208630126874,255.384834983964,s56_adjudicated_real343,s0056-signal-final-11292c034b5c8f16,1,true,s0056-signal-final-11292c034b5c8f16_twirl_twoap_current_adp.png,../../data_local/label_reviews/s56_s62_signal_rereview/vet_sheets_s56_s62_a2v1_current_adp_v1/s0056-signal-final-11292c034b5c8f16_twirl_twoap_current_adp.png
56,2004663882,wide_transit_like,18.3554,8.2386896132764,30,1.57752874515002,8.18714016012141,92.7687489765708,s56_adjudicated_real343,s0056-signal-final-6756b7eaf1ce8d9a,1,true,s0056-signal-final-6756b7eaf1ce8d9a_twirl_twoap_current_adp.png,../../data_local/label_reviews/s56_s62_signal_rereview/vet_sheets_s56_s62_a2v1_current_adp_v1/s0056-signal-final-6756b7eaf1ce8d9a_twirl_twoap_current_adp.png
56,2011415393,planet_like,20.0787719372267,0.243088866195667,3,0.370544254294983,3.65279555742345,7.6154767064159,s56_compact_planet_revisit_407,s0056-signal-final-6566a055758275ca,1,true,s0056-signal-final-6566a055758275ca_twirl_twoap_current_adp.png,../../data_local/label_reviews/s56_s62_signal_rereview/vet_sheets_s56_s62_a2v1_current_adp_v1/s0056-signal-final-6566a055758275ca_twirl_twoap_current_adp.png
56,2013972572,planet_like,20.4003254555891,5.36085948955052,3,0.659564549706959,1.47451800780935,10.6158294186416,s56_compact_planet_revisit_407,s0056-signal-final-13d7e6193aaf70eb,1,true,s0056-signal-final-13d7e6193aaf70eb_twirl_twoap_current_adp.png,../../data_local/label_reviews/s56_s62_signal_rereview/vet_sheets_s56_s62_a2v1_current_adp_v1/s0056-signal-final-13d7e6193aaf70eb_twirl_twoap_current_adp.png
56,2025450802,planet_like,18.2075,0.217370542609268,15,0.362392308150924,7.81754001854778,213.550071818188,s56_adjudicated_real343,s0056-signal-final-ac9456ad58274d7e,1,true,s0056-signal-final-ac9456ad58274d7e_twirl_twoap_current_adp.png,../../data_local/label_reviews/s56_s62_signal_rereview/vet_sheets_s56_s62_a2v1_current_adp_v1/s0056-signal-final-ac9456ad58274d7e_twirl_twoap_current_adp.png
56,2025618479,planet_like,18.5491,0.144460585019638,15,0.354507453355647,9.24739998227479,240.002048151345,s56_adjudicated_real343,s0056-signal-final-b9878c04761d81f5,1,true,s0056-signal-final-b9878c04761d81f5_twirl_twoap_current_adp.png,../../data_local/label_reviews/s56_s62_signal_rereview/vet_sheets_s56_s62_a2v1_current_adp_v1/s0056-signal-final-b9878c04761d81f5_twirl_twoap_current_adp.png
56,2040327472,planet_like,20.291914930213,1.8491599987965,12,0.558302614980205,3.97843362492269,9.91092717637215,s56_compact_planet_revisit_407,s0056-signal-final-baf88c7738af9da0,1,true,s0056-signal-final-baf88c7738af9da0_twirl_twoap_current_adp.png,../../data_local/label_reviews/s56_s62_signal_rereview/vet_sheets_s56_s62_a2v1_current_adp_v1/s0056-signal-final-baf88c7738af9da0_twirl_twoap_current_adp.png
56,2040364939,planet_like,20.0374150355085,0.996935012876291,21,0.246084583683101,3.18530272089344,8.13493323111806,s56_compact_planet_revisit_407,s0056-signal-final-b6f5f50e065449fb,1,true,s0056-signal-final-b6f5f50e065449fb_twirl_twoap_current_adp.png,../../data_local/label_reviews/s56_s62_signal_rereview/vet_sheets_s56_s62_a2v1_current_adp_v1/s0056-signal-final-b6f5f50e065449fb_twirl_twoap_current_adp.png
56,2040434684,planet_like,20.3232674889092,0.764401743855583,3,0.665425920023579,3.81722064322013,10.487386551407,s56_compact_planet_revisit_407,s0056-signal-final-20a4b01701676324,1,true,s0056-signal-final-20a4b01701676324_twirl_twoap_current_adp.png,../../data_local/label_reviews/s56_s62_signal_rereview/vet_sheets_s56_s62_a2v1_current_adp_v1/s0056-signal-final-20a4b01701676324_twirl_twoap_current_adp.png
56,2040459567,planet_like,20.2905642539787,2.01777066317487,6,0.643749361442076,3.40234894961871,8.52788152762633,s56_compact_planet_revisit_407,s0056-signal-final-c40b5454d226d391,1,true,s0056-signal-final-c40b5454d226d391_twirl_twoap_current_adp.png,../../data_local/label_reviews/s56_s62_signal_rereview/vet_sheets_s56_s62_a2v1_current_adp_v1/s0056-signal-final-c40b5454d226d391_twirl_twoap_current_adp.png
56,2040583203,planet_like,19.0671640936039,1.73901490384014,6,0.711667774407202,3.8277255794077,9.1601844387724,s56_compact_planet_revisit_407,s0056-signal-final-5dfe82fc87d06ebf,1,true,s0056-signal-final-5dfe82fc87d06ebf_twirl_twoap_current_adp.png,../../data_local/label_reviews/s56_s62_signal_rereview/vet_sheets_s56_s62_a2v1_current_adp_v1/s0056-signal-final-5dfe82fc87d06ebf_twirl_twoap_current_adp.png
56,2040712491,planet_like,20.2477710955033,0.376447909166525,6,0.363878889435036,4.09438262178067,10.0319721158113,s56_compact_planet_revisit_407,s0056-signal-final-c4f2d4208d391924,1,true,s0056-signal-final-c4f2d4208d391924_twirl_twoap_current_adp.png,../../data_local/label_reviews/s56_s62_signal_rereview/vet_sheets_s56_s62_a2v1_current_adp_v1/s0056-signal-final-c4f2d4208d391924_twirl_twoap_current_adp.png
57,160520962,planet_like,17.0724396676131,0.201780828998205,15,0.148606923908623,3.13065025827978,637.592079926615,s57_s59_franklin_hv2_3k_20260717,s0057-signal-final-c97a102144f72af2,2,true,s0057-signal-final-c97a102144f72af2_twirl_twoap_current_adp.png,../../data_local/label_reviews/s56_s62_signal_rereview/vet_sheets_s56_s62_a2v1_current_adp_v1/s0057-signal-final-c97a102144f72af2_twirl_twoap_current_adp.png
57,1201294971,planet_like,18.3344328671901,0.286040800969781,15,0.328328863242563,5.76595506683058,126.81948706188,s57_s59_franklin_hv2_3k_20260717,s0057-signal-final-2ef8c3bacdf529f3,2,true,s0057-signal-final-2ef8c3bacdf529f3_twirl_twoap_current_adp.png,../../data_local/label_reviews/s56_s62_signal_rereview/vet_sheets_s56_s62_a2v1_current_adp_v1/s0057-signal-final-2ef8c3bacdf529f3_twirl_twoap_current_adp.png
57,1400704733,planet_like,17.2663369081197,0.363705456827428,21,0.261434161255127,5.24928480531618,429.396735669644,s57_s59_franklin_hv2_3k_20260717,s0057-signal-final-57eea28a68f9c06a,2,true,s0057-signal-final-57eea28a68f9c06a_twirl_twoap_current_adp.png,../../data_local/label_reviews/s56_s62_signal_rereview/vet_sheets_s56_s62_a2v1_current_adp_v1/s0057-signal-final-57eea28a68f9c06a_twirl_twoap_current_adp.png
57,1400739415,planet_like,18.9043838951247,0.127759179635239,12,0.307445797407464,7.69368123250963,94.5196324395542,s57_s59_franklin_hv2_3k_20260717,s0057-signal-final-384c4261adaef816,2,true,s0057-signal-final-384c4261adaef816_twirl_twoap_current_adp.png,../../data_local/label_reviews/s56_s62_signal_rereview/vet_sheets_s56_s62_a2v1_current_adp_v1/s0057-signal-final-384c4261adaef816_twirl_twoap_current_adp.png
57,1400855795,planet_like,18.7386238994237,0.134000999975096,6,0.247161472539461,4.2839829874729,68.2775893889461,s57_s59_franklin_hv2_3k_20260717,s0057-signal-final-18f75d68009cb1a3,2,true,s0057-signal-final-18f75d68009cb1a3_twirl_twoap_current_adp.png,../../data_local/label_reviews/s56_s62_signal_rereview/vet_sheets_s56_s62_a2v1_current_adp_v1/s0057-signal-final-18f75d68009cb1a3_twirl_twoap_current_adp.png
58,445187975,planet_like,16.8880984770818,1.39010582067934,30,0.181948176602312,2.23290288279785,280.420665632914,s57_s59_franklin_hv2_3k_20260717,s0058-signal-final-9f0eb559d0aa75f7,1,true,s0058-signal-final-9f0eb559d0aa75f7_twirl_twoap_current_adp.png,../../data_local/label_reviews/s56_s62_signal_rereview/vet_sheets_s56_s62_a2v1_current_adp_v1/s0058-signal-final-9f0eb559d0aa75f7_twirl_twoap_current_adp.png
58,620393380,planet_like,18.8614281747073,0.382643793749872,9,0.364857075228287,4.41642032052265,31.4325856396972,s57_s59_franklin_hv2_3k_20260717,s0058-signal-final-cbfa7bf15e68c005,1,true,s0058-signal-final-cbfa7bf15e68c005_twirl_twoap_current_adp.png,../../data_local/label_reviews/s56_s62_signal_rereview/vet_sheets_s56_s62_a2v1_current_adp_v1/s0058-signal-final-cbfa7bf15e68c005_twirl_twoap_current_adp.png
58,646374542,planet_like,18.579477965569,0.125426047497972,6,0.323437619781885,5.83797624903373,82.0531769088212,s57_s59_franklin_hv2_3k_20260717,s0058-signal-final-e9af42d8d207531d,1,true,s0058-signal-final-e9af42d8d207531d_twirl_twoap_current_adp.png,../../data_local/label_reviews/s56_s62_signal_rereview/vet_sheets_s56_s62_a2v1_current_adp_v1/s0058-signal-final-e9af42d8d207531d_twirl_twoap_current_adp.png
58,1201247611,planet_like,18.2032850358682,0.138081764416431,6,0.179885796937033,3.04241829461385,21.5773411911733,s57_s59_franklin_hv2_3k_20260717,s0058-signal-final-1e9d12a02d51c383,1,true,s0058-signal-final-1e9d12a02d51c383_twirl_twoap_current_adp.png,../../data_local/label_reviews/s56_s62_signal_rereview/vet_sheets_s56_s62_a2v1_current_adp_v1/s0058-signal-final-1e9d12a02d51c383_twirl_twoap_current_adp.png
58,2023941305,planet_like,18.637989698289,0.236137593101562,9,0.405157246600758,6.54419061448141,98.4969314317314,s57_s59_franklin_hv2_3k_20260717,s0058-signal-final-ec4718c3ba7ed920,1,true,s0058-signal-final-ec4718c3ba7ed920_twirl_twoap_current_adp.png,../../data_local/label_reviews/s56_s62_signal_rereview/vet_sheets_s56_s62_a2v1_current_adp_v1/s0058-signal-final-ec4718c3ba7ed920_twirl_twoap_current_adp.png
58,2045881230,planet_like,19.4093011074473,0.13358583245603,12,0.546228121432882,13.2427755577415,65.7161590925634,s57_s59_franklin_hv2_3k_20260717,s0058-signal-final-4eb9ed2197c15746,1,true,s0058-signal-final-4eb9ed2197c15746_twirl_twoap_current_adp.png,../../data_local/label_reviews/s56_s62_signal_rereview/vet_sheets_s56_s62_a2v1_current_adp_v1/s0058-signal-final-4eb9ed2197c15746_twirl_twoap_current_adp.png
59,170963213,planet_like,16.6443016504947,0.30716959830941,21,0.323479052294007,5.91492274544474,484.551133244801,s57_s59_franklin_hv2_3k_20260717,s0059-signal-final-aee7105ecca4cb47,1,true,s0059-signal-final-aee7105ecca4cb47_twirl_twoap_current_adp.png,../../data_local/label_reviews/s56_s62_signal_rereview/vet_sheets_s56_s62_a2v1_current_adp_v1/s0059-signal-final-aee7105ecca4cb47_twirl_twoap_current_adp.png
59,662750122,planet_like,18.8513862643428,0.164292817422543,15,0.156374358402142,3.52016805331444,24.5744885649147,s57_s59_franklin_hv2_3k_20260717,s0059-signal-final-718b31a6890d0f11,1,true,s0059-signal-final-718b31a6890d0f11_twirl_twoap_current_adp.png,../../data_local/label_reviews/s56_s62_signal_rereview/vet_sheets_s56_s62_a2v1_current_adp_v1/s0059-signal-final-718b31a6890d0f11_twirl_twoap_current_adp.png
59,670722447,planet_like,18.4155575379617,0.141499639241465,12,0.425158224656862,9.26816494280413,152.591766407895,s57_s59_franklin_hv2_3k_20260717,s0059-signal-final-feb938a3701ffd5b,1,true,s0059-signal-final-feb938a3701ffd5b_twirl_twoap_current_adp.png,../../data_local/label_reviews/s56_s62_signal_rereview/vet_sheets_s56_s62_a2v1_current_adp_v1/s0059-signal-final-feb938a3701ffd5b_twirl_twoap_current_adp.png
59,1201319601,planet_like,20.1046822964694,0.129296285724755,9,0.68321563387828,13.2765701170137,53.108905985487,s57_s59_franklin_hv2_3k_20260717,s0059-signal-final-8b4b89564b1b4635,1,true,s0059-signal-final-8b4b89564b1b4635_twirl_twoap_current_adp.png,../../data_local/label_reviews/s56_s62_signal_rereview/vet_sheets_s56_s62_a2v1_current_adp_v1/s0059-signal-final-8b4b89564b1b4635_twirl_twoap_current_adp.png
60,55502089,planet_like,18.2996419664034,0.142435020187664,12,0.284753485996293,5.44847891985663,106.160115919588,s60_s62_tehan_hv2_3k_20260721,s0060-signal-final-a8c4e6a5d35c2827,1,true,s0060-signal-final-a8c4e6a5d35c2827_twirl_twoap_current_adp.png,../../data_local/label_reviews/s56_s62_signal_rereview/vet_sheets_s56_s62_a2v1_current_adp_v1/s0060-signal-final-a8c4e6a5d35c2827_twirl_twoap_current_adp.png
60,81104679,planet_like,17.9725175858324,0.341018730681739,15,0.11177121662796,1.59464979346809,27.7842976282992,s60_s62_tehan_hv2_3k_20260721,s0060-signal-final-d25c09306316acac,1,true,s0060-signal-final-d25c09306316acac_twirl_twoap_current_adp.png,../../data_local/label_reviews/s56_s62_signal_rereview/vet_sheets_s56_s62_a2v1_current_adp_v1/s0060-signal-final-d25c09306316acac_twirl_twoap_current_adp.png
60,188819697,planet_like,17.965785198247,0.179418348194157,12,0.181881193052361,3.11356796382467,213.166345724723,s60_s62_tehan_hv2_3k_20260721,s0060-signal-final-1cda1187a36be0c3,1,true,s0060-signal-final-1cda1187a36be0c3_twirl_twoap_current_adp.png,../../data_local/label_reviews/s56_s62_signal_rereview/vet_sheets_s56_s62_a2v1_current_adp_v1/s0060-signal-final-1cda1187a36be0c3_twirl_twoap_current_adp.png
60,444988803,planet_like,18.3423962552223,0.291880925341862,12,0.362148816033206,4.90642247334725,57.3239086703258,s60_s62_tehan_hv2_3k_20260721,s0060-signal-final-8ee2ae5deb452c4b,1,true,s0060-signal-final-8ee2ae5deb452c4b_twirl_twoap_current_adp.png,../../data_local/label_reviews/s56_s62_signal_rereview/vet_sheets_s56_s62_a2v1_current_adp_v1/s0060-signal-final-8ee2ae5deb452c4b_twirl_twoap_current_adp.png
60,802667130,planet_like,18.4506313052947,0.159243983185226,9,0.373136850276748,5.98745139311168,97.2335547493403,s60_s62_tehan_hv2_3k_20260721,s0060-signal-final-a488a62f6b863225,1,true,s0060-signal-final-a488a62f6b863225_twirl_twoap_current_adp.png,../../data_local/label_reviews/s56_s62_signal_rereview/vet_sheets_s56_s62_a2v1_current_adp_v1/s0060-signal-final-a488a62f6b863225_twirl_twoap_current_adp.png
60,1883504789,planet_like,18.3556231779239,0.157432811139553,9,0.529393262050335,8.38900743262623,97.8462842877015,s60_s62_tehan_hv2_3k_20260721,s0060-signal-final-707936b0cc0c31c8,1,true,s0060-signal-final-707936b0cc0c31c8_twirl_twoap_current_adp.png,../../data_local/label_reviews/s56_s62_signal_rereview/vet_sheets_s56_s62_a2v1_current_adp_v1/s0060-signal-final-707936b0cc0c31c8_twirl_twoap_current_adp.png
61,36085812,planet_like,17.6601355217664,0.225685662686025,6,0.258330415691627,3.46800546168688,165.158965987316,s60_s62_tehan_hv2_3k_20260721,s0061-signal-final-1f4111dacd5c5a1d,1,true,s0061-signal-final-1f4111dacd5c5a1d_twirl_twoap_current_adp.png,../../data_local/label_reviews/s56_s62_signal_rereview/vet_sheets_s56_s62_a2v1_current_adp_v1/s0061-signal-final-1f4111dacd5c5a1d_twirl_twoap_current_adp.png
61,96852226,planet_like,17.5771616420197,0.147184545626004,9,0.226437989906859,4.34083024820117,271.566689798366,s60_s62_tehan_hv2_3k_20260721,s0061-signal-final-6702bf3cb82f5acc,1,true,s0061-signal-final-6702bf3cb82f5acc_twirl_twoap_current_adp.png,../../data_local/label_reviews/s56_s62_signal_rereview/vet_sheets_s56_s62_a2v1_current_adp_v1/s0061-signal-final-6702bf3cb82f5acc_twirl_twoap_current_adp.png
61,255756592,planet_like,17.6439565895712,0.148665459056577,6,0.710461479508221,11.0097828590509,86.9106421076374,s60_s62_tehan_hv2_3k_20260721,s0061-signal-final-bd78a5e92aa19d0b,1,true,s0061-signal-final-bd78a5e92aa19d0b_twirl_twoap_current_adp.png,../../data_local/label_reviews/s56_s62_signal_rereview/vet_sheets_s56_s62_a2v1_current_adp_v1/s0061-signal-final-bd78a5e92aa19d0b_twirl_twoap_current_adp.png
61,270555414,wide_transit_like,19.7822292705161,0.153126063952772,30,0.61517238256078,19.9929238527974,223.133467281349,s60_s62_tehan_hv2_3k_20260721,s0061-signal-final-6cfa6b58ca3a8ad9,1,true,s0061-signal-final-6cfa6b58ca3a8ad9_twirl_twoap_current_adp.png,../../data_local/label_reviews/s56_s62_signal_rereview/vet_sheets_s56_s62_a2v1_current_adp_v1/s0061-signal-final-6cfa6b58ca3a8ad9_twirl_twoap_current_adp.png
61,270679102,planet_like,16.7667759131828,0.149438678297903,21,0.137893958860968,3.86978587846327,924.119487324284,s60_s62_tehan_hv2_3k_20260721,s0061-signal-final-d7e962bd542384b4,1,true,s0061-signal-final-d7e962bd542384b4_twirl_twoap_current_adp.png,../../data_local/label_reviews/s56_s62_signal_rereview/vet_sheets_s56_s62_a2v1_current_adp_v1/s0061-signal-final-d7e962bd542384b4_twirl_twoap_current_adp.png
61,452954413,planet_like,17.5493372248611,0.158241695003329,9,0.336756158790447,6.20948899518786,449.392952787606,s60_s62_tehan_hv2_3k_20260721,s0061-signal-final-8c4f3126f3b247a9,1,true,s0061-signal-final-8c4f3126f3b247a9_twirl_twoap_current_adp.png,../../data_local/label_reviews/s56_s62_signal_rereview/vet_sheets_s56_s62_a2v1_current_adp_v1/s0061-signal-final-8c4f3126f3b247a9_twirl_twoap_current_adp.png
61,675201170,planet_like,18.7580311454012,0.157268168456012,15,0.213229686356624,5.02456450135826,86.5498367473382,s60_s62_tehan_hv2_3k_20260721,s0061-signal-final-d72816d197938fce,1,true,s0061-signal-final-d72816d197938fce_twirl_twoap_current_adp.png,../../data_local/label_reviews/s56_s62_signal_rereview/vet_sheets_s56_s62_a2v1_current_adp_v1/s0061-signal-final-d72816d197938fce_twirl_twoap_current_adp.png
61,767706310,planet_like,18.4887106636931,0.130794580854065,9,0.349135344612775,7.12545567931192,153.889231315927,s60_s62_tehan_hv2_3k_20260721,s0061-signal-final-b03bd3e612aea73a,1,true,s0061-signal-final-b03bd3e612aea73a_twirl_twoap_current_adp.png,../../data_local/label_reviews/s56_s62_signal_rereview/vet_sheets_s56_s62_a2v1_current_adp_v1/s0061-signal-final-b03bd3e612aea73a_twirl_twoap_current_adp.png
61,771109695,planet_like,19.1240445011698,0.150074094420082,6,0.537760208144341,8.36654382253726,39.6934309835134,s60_s62_tehan_hv2_3k_20260721,s0061-signal-final-b39de7583409c73b,1,true,s0061-signal-final-b39de7583409c73b_twirl_twoap_current_adp.png,../../data_local/label_reviews/s56_s62_signal_rereview/vet_sheets_s56_s62_a2v1_current_adp_v1/s0061-signal-final-b39de7583409c73b_twirl_twoap_current_adp.png
61,772365221,planet_like,18.7998553474193,0.204051606602062,9,0.221275365046805,3.6249600035622,31.5172484654592,s60_s62_tehan_hv2_3k_20260721,s0061-signal-final-fe526bc4cdcd6398,1,true,s0061-signal-final-fe526bc4cdcd6398_twirl_twoap_current_adp.png,../../data_local/label_reviews/s56_s62_signal_rereview/vet_sheets_s56_s62_a2v1_current_adp_v1/s0061-signal-final-fe526bc4cdcd6398_twirl_twoap_current_adp.png
61,803489769,planet_like,17.8947678805168,0.120973551132065,6,0.454211940502716,7.85749072082814,276.287690716503,s60_s62_tehan_hv2_3k_20260721,s0061-signal-final-489b659113ee2047,1,true,s0061-signal-final-489b659113ee2047_twirl_twoap_current_adp.png,../../data_local/label_reviews/s56_s62_signal_rereview/vet_sheets_s56_s62_a2v1_current_adp_v1/s0061-signal-final-489b659113ee2047_twirl_twoap_current_adp.png
61,806590905,planet_like,18.9604907301141,0.203977671988242,12,0.188645528589902,3.520178790291,46.5895091158966,s60_s62_tehan_hv2_3k_20260721,s0061-signal-final-966ef3d6859cb9f3,1,true,s0061-signal-final-966ef3d6859cb9f3_twirl_twoap_current_adp.png,../../data_local/label_reviews/s56_s62_signal_rereview/vet_sheets_s56_s62_a2v1_current_adp_v1/s0061-signal-final-966ef3d6859cb9f3_twirl_twoap_current_adp.png
61,835734923,planet_like,18.2297295358315,0.198186114902284,21,0.445232852591516,10.9350193950926,216.110933814372,s60_s62_tehan_hv2_3k_20260721,s0061-signal-final-6645add727430105,1,true,s0061-signal-final-6645add727430105_twirl_twoap_current_adp.png,../../data_local/label_reviews/s56_s62_signal_rereview/vet_sheets_s56_s62_a2v1_current_adp_v1/s0061-signal-final-6645add727430105_twirl_twoap_current_adp.png
62,101433897,planet_like,18.3077169870573,0.206697292889003,9,0.274931737812053,4.39809347185743,104.869865130462,s60_s62_tehan_hv2_3k_20260721,s0062-signal-final-feba5ba5cfe17583,1,true,s0062-signal-final-feba5ba5cfe17583_twirl_twoap_current_adp.png,../../data_local/label_reviews/s56_s62_signal_rereview/vet_sheets_s56_s62_a2v1_current_adp_v1/s0062-signal-final-feba5ba5cfe17583_twirl_twoap_current_adp.png
62,124573902,planet_like,16.9667798087073,0.332852184697642,12,0.331819016933755,4.79359542029539,679.445449771883,s60_s62_tehan_hv2_3k_20260721,s0062-signal-final-54778fef7ed7f3f5,1,true,s0062-signal-final-54778fef7ed7f3f5_twirl_twoap_current_adp.png,../../data_local/label_reviews/s56_s62_signal_rereview/vet_sheets_s56_s62_a2v1_current_adp_v1/s0062-signal-final-54778fef7ed7f3f5_twirl_twoap_current_adp.png
62,192991819,planet_like,17.4159642404517,0.150849709942345,12,0.176139267120968,3.74603663553004,115.316744444755,s60_s62_tehan_hv2_3k_20260721,s0062-signal-final-0d68a2cc0ca40d20,1,true,s0062-signal-final-0d68a2cc0ca40d20_twirl_twoap_current_adp.png,../../data_local/label_reviews/s56_s62_signal_rereview/vet_sheets_s56_s62_a2v1_current_adp_v1/s0062-signal-final-0d68a2cc0ca40d20_twirl_twoap_current_adp.png
62,808364853,planet_like,18.8856206403119,0.175902586385056,9,0.160162045612784,2.84204956862135,44.9288422402063,s60_s62_tehan_hv2_3k_20260721,s0062-signal-final-a7f6c4a025af3a55,1,true,s0062-signal-final-a7f6c4a025af3a55_twirl_twoap_current_adp.png,../../data_local/label_reviews/s56_s62_signal_rereview/vet_sheets_s56_s62_a2v1_current_adp_v1/s0062-signal-final-a7f6c4a025af3a55_twirl_twoap_current_adp.png
62,826164830,planet_like,18.5463775307707,0.15090986136845,6,0.220350815436977,3.36609725622189,48.0576096257262,s60_s62_tehan_hv2_3k_20260721,s0062-signal-final-39fb8deeea5ae6c1,1,true,s0062-signal-final-39fb8deeea5ae6c1_twirl_twoap_current_adp.png,../../data_local/label_reviews/s56_s62_signal_rereview/vet_sheets_s56_s62_a2v1_current_adp_v1/s0062-signal-final-39fb8deeea5ae6c1_twirl_twoap_current_adp.png
62,841641318,planet_like,18.4840830682776,0.185967639894696,9,0.499860934171239,8.41021674808772,218.513509594138,s60_s62_tehan_hv2_3k_20260721,s0062-signal-final-78c29ad638c1a3d6,1,true,s0062-signal-final-78c29ad638c1a3d6_twirl_twoap_current_adp.png,../../data_local/label_reviews/s56_s62_signal_rereview/vet_sheets_s56_s62_a2v1_current_adp_v1/s0062-signal-final-78c29ad638c1a3d6_twirl_twoap_current_adp.png
62,874383420,wide_transit_like,16.8443175560698,0.179631997553634,6,0.986474489693045,13.6505992582472,371.419111326684,s60_s62_tehan_hv2_3k_20260721,s0062-signal-final-16da6841c945070f,1,true,s0062-signal-final-16da6841c945070f_twirl_twoap_current_adp.png,../../data_local/label_reviews/s56_s62_signal_rereview/vet_sheets_s56_s62_a2v1_current_adp_v1/s0062-signal-final-16da6841c945070f_twirl_twoap_current_adp.png
62,874726613,planet_like,19.0442832687663,0.154176217325428,9,0.207040455236659,3.79380973136551,24.5480548140118,s60_s62_tehan_hv2_3k_20260721,s0062-signal-final-fc0d4e8de5089c70,1,true,s0062-signal-final-fc0d4e8de5089c70_twirl_twoap_current_adp.png,../../data_local/label_reviews/s56_s62_signal_rereview/vet_sheets_s56_s62_a2v1_current_adp_v1/s0062-signal-final-fc0d4e8de5089c70_twirl_twoap_current_adp.png
56,27766711,eclipsing_binary_or_pceb,15.829,0.193935652327546,30,0.0907854455793257,3.03381376258554,827.843678704728,s56_adjudicated_real343,s0056-signal-final-d2d91b0a35ca81ff,1,false,s0056-signal-final-d2d91b0a35ca81ff_twirl_twoap_current_adp.png,../../data_local/label_reviews/s56_s62_signal_rereview/vet_sheets_s56_s62_a2v1_current_adp_v1/s0056-signal-final-d2d91b0a35ca81ff_twirl_twoap_current_adp.png
56,117070953,eclipsing_binary_or_pceb,13.5002,1.2169369514528,30,0.0030102707893732,0.0411531750658602,23.5224070778891,s56_adjudicated_real343,s0056-signal-final-1f530e98d473eb45,1,false,s0056-signal-final-1f530e98d473eb45_twirl_twoap_current_adp.png,../../data_local/label_reviews/s56_s62_signal_rereview/vet_sheets_s56_s62_a2v1_current_adp_v1/s0056-signal-final-1f530e98d473eb45_twirl_twoap_current_adp.png
56,150713389,eclipsing_binary_or_pceb,14.31,0.221160037310572,12,0.0714034528522872,1.34182640272672,880.132203239561,s56_adjudicated_real343,s0056-signal-final-fb13e8db60d5d018,1,false,s0056-signal-final-fb13e8db60d5d018_twirl_twoap_current_adp.png,../../data_local/label_reviews/s56_s62_signal_rereview/vet_sheets_s56_s62_a2v1_current_adp_v1/s0056-signal-final-fb13e8db60d5d018_twirl_twoap_current_adp.png
56,199574211,eclipsing_binary_or_pceb,14.501,0.633957375366858,30,0.562620661341568,9.32812244997594,810.774151490754,s56_adjudicated_real343,s0056-signal-final-b60ac70219516b4e,1,false,s0056-signal-final-b60ac70219516b4e_twirl_twoap_current_adp.png,../../data_local/label_reviews/s56_s62_signal_rereview/vet_sheets_s56_s62_a2v1_current_adp_v1/s0056-signal-final-b60ac70219516b4e_twirl_twoap_current_adp.png
56,258799357,eclipsing_binary_or_pceb,17.7292,0.145309589203997,15,0.533850850527662,14.9594241332094,910.881679915042,s56_adjudicated_real343,s0056-signal-final-11a9a2222c95d260,2,false,s0056-signal-final-11a9a2222c95d260_twirl_twoap_current_adp.png,../../data_local/label_reviews/s56_s62_signal_rereview/vet_sheets_s56_s62_a2v1_current_adp_v1/s0056-signal-final-11a9a2222c95d260_twirl_twoap_current_adp.png
56,340911048,eclipsing_binary_or_pceb,18.0734,0.170840777758943,12,0.247295240528681,5.5013005237211,231.048768177876,s56_adjudicated_real343,s0056-signal-final-e63e4d625dabbb47,2,false,s0056-signal-final-e63e4d625dabbb47_twirl_twoap_current_adp.png,../../data_local/label_reviews/s56_s62_signal_rereview/vet_sheets_s56_s62_a2v1_current_adp_v1/s0056-signal-final-e63e4d625dabbb47_twirl_twoap_current_adp.png
56,365613123,wide_transit_like,16.6059,0.242472458152093,30,0.0221565488819796,0.672665695278795,44.4092950161348,s56_adjudicated_real343,s0056-signal-final-b2b2d1518e3af891,1,true,s0056-signal-final-b2b2d1518e3af891_twirl_twoap_current_adp.png,../../data_local/label_reviews/s56_s62_signal_rereview/vet_sheets_s56_s62_a2v1_current_adp_v1/s0056-signal-final-b2b2d1518e3af891_twirl_twoap_current_adp.png
56,436747174,eclipsing_binary_or_pceb,13.1621,0.173644435529116,30,0.0249327315879866,0.784970537898167,1040.69671738284,s56_adjudicated_real343,s0056-signal-final-299d5c8cd63538e8,1,false,s0056-signal-final-299d5c8cd63538e8_twirl_twoap_current_adp.png,../../data_local/label_reviews/s56_s62_signal_rereview/vet_sheets_s56_s62_a2v1_current_adp_v1/s0056-signal-final-299d5c8cd63538e8_twirl_twoap_current_adp.png
56,1102501819,eclipsing_binary_or_pceb,17.9575,0.167244282266599,30,0.426849400569462,14.2907663582415,1184.03862029293,s56_adjudicated_real343,s0056-signal-final-94680628435f222c,1,false,s0056-signal-final-94680628435f222c_twirl_twoap_current_adp.png,../../data_local/label_reviews/s56_s62_signal_rereview/vet_sheets_s56_s62_a2v1_current_adp_v1/s0056-signal-final-94680628435f222c_twirl_twoap_current_adp.png
56,1400704733,planet_like,17.3447,0.36370664167431,21,0.298050745871834,6.19331850584577,386.891529609782,s56_adjudicated_real343,s0056-signal-final-31edc7bc5fd7311d,2,true,s0056-signal-final-31edc7bc5fd7311d_twirl_twoap_current_adp.png,../../data_local/label_reviews/s56_s62_signal_rereview/vet_sheets_s56_s62_a2v1_current_adp_v1/s0056-signal-final-31edc7bc5fd7311d_twirl_twoap_current_adp.png
56,1400855795,planet_like,18.8445,0.134017616824947,9,0.302085558051411,6.85430643781144,129.875097941046,s56_adjudicated_real343,s0056-signal-final-224ca258bb689cb3,2,true,s0056-signal-final-224ca258bb689cb3_twirl_twoap_current_adp.png,../../data_local/label_reviews/s56_s62_signal_rereview/vet_sheets_s56_s62_a2v1_current_adp_v1/s0056-signal-final-224ca258bb689cb3_twirl_twoap_current_adp.png
56,1400879816,eclipsing_binary_or_pceb,19.1324,0.154402368334208,30,1.10780785513487,40.7457582517203,1809.70846632103,s56_adjudicated_real343,s0056-signal-final-e8604386150cc9f1,2,false,s0056-signal-final-e8604386150cc9f1_twirl_twoap_current_adp.png,../../data_local/label_reviews/s56_s62_signal_rereview/vet_sheets_s56_s62_a2v1_current_adp_v1/s0056-signal-final-e8604386150cc9f1_twirl_twoap_current_adp.png
56,1717830489,eclipsing_binary_or_pceb,19.5223,0.308704280629513,30,1.45178085838789,39.2316089495018,1451.38202896519,s56_adjudicated_real343,s0056-signal-final-fdc4da2db943634f,2,false,s0056-signal-final-fdc4da2db943634f_twirl_twoap_current_adp.png,../../data_local/label_reviews/s56_s62_signal_rereview/vet_sheets_s56_s62_a2v1_current_adp_v1/s0056-signal-final-fdc4da2db943634f_twirl_twoap_current_adp.png
56,1717890037,eclipsing_binary_or_pceb,19.5754,0.140084285010522,30,0.277634210987582,10.6525877150954,152.167800841716,s56_adjudicated_real343,s0056-signal-final-a15ec92361d46867,1,false,s0056-signal-final-a15ec92361d46867_twirl_twoap_current_adp.png,../../data_local/label_reviews/s56_s62_signal_rereview/vet_sheets_s56_s62_a2v1_current_adp_v1/s0056-signal-final-a15ec92361d46867_twirl_twoap_current_adp.png
56,1717910615,eclipsing_binary_or_pceb,19.8222688397993,1.65841241551237,30,,,,s56_adjudicated_real343,s0056-signal-final-18f1587a2f4935b7,2,false,s0056-signal-final-18f1587a2f4935b7_twirl_twoap_current_adp.png,../../data_local/label_reviews/s56_s62_signal_rereview/vet_sheets_s56_s62_a2v1_current_adp_v1/s0056-signal-final-18f1587a2f4935b7_twirl_twoap_current_adp.png
56,1718243864,eclipsing_binary_or_pceb,18.2396,0.506691896184033,30,0.160743287790189,3.46975060570278,111.468645307192,s56_adjudicated_real343,s0056-signal-final-8b1a720f7f2123d4,2,false,s0056-signal-final-8b1a720f7f2123d4_twirl_twoap_current_adp.png,../../data_local/label_reviews/s56_s62_signal_rereview/vet_sheets_s56_s62_a2v1_current_adp_v1/s0056-signal-final-8b1a720f7f2123d4_twirl_twoap_current_adp.png
56,1883466801,eclipsing_binary_or_pceb,19.923,0.38254059604214,30,0.830156878181929,19.5289933105454,262.964483043393,s56_adjudicated_real343,s0056-signal-final-1d44325a044586c0,1,false,s0056-signal-final-1d44325a044586c0_twirl_twoap_current_adp.png,../../data_local/label_reviews/s56_s62_signal_rereview/vet_sheets_s56_s62_a2v1_current_adp_v1/s0056-signal-final-1d44325a044586c0_twirl_twoap_current_adp.png
56,1883511897,eclipsing_binary_or_pceb,19.8497641140205,1.09888208089189,30,1.08213705137498,16.1054955882729,261.337805915455,s56_enrichment_checkpoint_177,s0056-signal-final-b1c12dd6086e94dd,1,false,s0056-signal-final-b1c12dd6086e94dd_twirl_twoap_current_adp.png,../../data_local/label_reviews/s56_s62_signal_rereview/vet_sheets_s56_s62_a2v1_current_adp_v1/s0056-signal-final-b1c12dd6086e94dd_twirl_twoap_current_adp.png
56,1883654820,wide_transit_like,19.797,0.202020281265631,30,0.263219629532214,8.39571834334772,170.688947003006,s56_adjudicated_real343,s0056-signal-final-b06d3830712d14a4,1,true,s0056-signal-final-b06d3830712d14a4_twirl_twoap_current_adp.png,../../data_local/label_reviews/s56_s62_signal_rereview/vet_sheets_s56_s62_a2v1_current_adp_v1/s0056-signal-final-b06d3830712d14a4_twirl_twoap_current_adp.png
56,1884473997,eclipsing_binary_or_pceb,19.7873,0.141573929787907,30,0.919423368163364,35.4554338693722,1272.73170664648,s56_adjudicated_real343,s0056-signal-final-fcd0e9812ac19094,1,false,s0056-signal-final-fcd0e9812ac19094_twirl_twoap_current_adp.png,../../data_local/label_reviews/s56_s62_signal_rereview/vet_sheets_s56_s62_a2v1_current_adp_v1/s0056-signal-final-fcd0e9812ac19094_twirl_twoap_current_adp.png
56,1958084933,eclipsing_binary_or_pceb,19.135437125088,1.64624131414582,30,,,,s56_adjudicated_real343,s0056-signal-final-05c7e7d8ad2fac56,1,false,s0056-signal-final-05c7e7d8ad2fac56_twirl_twoap_current_adp.png,../../data_local/label_reviews/s56_s62_signal_rereview/vet_sheets_s56_s62_a2v1_current_adp_v1/s0056-signal-final-05c7e7d8ad2fac56_twirl_twoap_current_adp.png
56,1958087324,eclipsing_binary_or_pceb,19.0508,0.190489966677023,30,0.311189841492969,10.4449311851558,125.21536032878,s56_adjudicated_real343,s0056-signal-final-ebf4f4cbcbafced9,1,false,s0056-signal-final-ebf4f4cbcbafced9_twirl_twoap_current_adp.png,../../data_local/label_reviews/s56_s62_signal_rereview/vet_sheets_s56_s62_a2v1_current_adp_v1/s0056-signal-final-ebf4f4cbcbafced9_twirl_twoap_current_adp.png
56,1958517010,eclipsing_binary_or_pceb,19.4656,0.286273862051128,30,0.446136431214537,12.4595015244934,198.701308736372,s56_adjudicated_real343,s0056-signal-final-437247d70dcb42a5,2,false,s0056-signal-final-437247d70dcb42a5_twirl_twoap_current_adp.png,../../data_local/label_reviews/s56_s62_signal_rereview/vet_sheets_s56_s62_a2v1_current_adp_v1/s0056-signal-final-437247d70dcb42a5_twirl_twoap_current_adp.png
56,1958517010,eclipsing_binary_or_pceb,19.5190159343626,1.71464242500003,30,0.647176685242407,7.47557274205434,65.5452859840074,s56_enrichment_checkpoint_177,s0056-signal-final-27c1a774d44f324e,2,false,s0056-signal-final-27c1a774d44f324e_twirl_twoap_current_adp.png,../../data_local/label_reviews/s56_s62_signal_rereview/vet_sheets_s56_s62_a2v1_current_adp_v1/s0056-signal-final-27c1a774d44f324e_twirl_twoap_current_adp.png
56,1958741978,eclipsing_binary_or_pceb,19.7848,0.215687171186037,30,1.29263198729036,40.727294711327,1019.68564859967,s56_adjudicated_real343,s0056-signal-final-64cc0cbc79b08017,1,false,s0056-signal-final-64cc0cbc79b08017_twirl_twoap_current_adp.png,../../data_local/label_reviews/s56_s62_signal_rereview/vet_sheets_s56_s62_a2v1_current_adp_v1/s0056-signal-final-64cc0cbc79b08017_twirl_twoap_current_adp.png
56,1961224733,eclipsing_binary_or_pceb,19.3618,0.156617934875517,30,0.219451706254668,7.83148248875062,54.7468930006583,s56_adjudicated_real343,s0056-signal-final-4a22cac76cbbe278,1,false,s0056-signal-final-4a22cac76cbbe278_twirl_twoap_current_adp.png,../../data_local/label_reviews/s56_s62_signal_rereview/vet_sheets_s56_s62_a2v1_current_adp_v1/s0056-signal-final-4a22cac76cbbe278_twirl_twoap_current_adp.png
56,1961669845,wide_transit_like,19.2721,0.375137439748917,30,0.502664102488084,11.907417077442,236.55966582895,s56_adjudicated_real343,s0056-signal-final-a43ac5e4d65dfce9,1,true,s0056-signal-final-a43ac5e4d65dfce9_twirl_twoap_current_adp.png,../../data_local/label_reviews/s56_s62_signal_rereview/vet_sheets_s56_s62_a2v1_current_adp_v1/s0056-signal-final-a43ac5e4d65dfce9_twirl_twoap_current_adp.png
56,1971886889,eclipsing_binary_or_pceb,19.5161,0.721123621687839,30,0.712776946471459,12.9333225656599,115.509891416917,s56_adjudicated_real343,s0056-signal-final-a5fb2db3263bc4a2,1,false,s0056-signal-final-a5fb2db3263bc4a2_twirl_twoap_current_adp.png,../../data_local/label_reviews/s56_s62_signal_rereview/vet_sheets_s56_s62_a2v1_current_adp_v1/s0056-signal-final-a5fb2db3263bc4a2_twirl_twoap_current_adp.png
56,1973257427,eclipsing_binary_or_pceb,19.6428,0.32814435189062,30,0.776571107184087,20.0679493274939,543.493544957885,s56_adjudicated_real343,s0056-signal-final-0a9172ea5a83b954,1,false,s0056-signal-final-0a9172ea5a83b954_twirl_twoap_current_adp.png,../../data_local/label_reviews/s56_s62_signal_rereview/vet_sheets_s56_s62_a2v1_current_adp_v1/s0056-signal-final-0a9172ea5a83b954_twirl_twoap_current_adp.png
56,1973581845,eclipsing_binary_or_pceb,19.987,0.393154460087011,30,0.857643180129863,20.6444967513776,266.782007852845,s56_adjudicated_real343,s0056-signal-final-65a25f322978f4d0,1,false,s0056-signal-final-65a25f322978f4d0_twirl_twoap_current_adp.png,../../data_local/label_reviews/s56_s62_signal_rereview/vet_sheets_s56_s62_a2v1_current_adp_v1/s0056-signal-final-65a25f322978f4d0_twirl_twoap_current_adp.png
56,1976868751,stellar_variability,18.9014,0.20390735207412,30,0.0639708917526224,2.08262607686663,16.9859109277778,s56_adjudicated_real343,s0056-signal-final-8613ff0e02df07db,1,false,s0056-signal-final-8613ff0e02df07db_twirl_twoap_current_adp.png,../../data_local/label_reviews/s56_s62_signal_rereview/vet_sheets_s56_s62_a2v1_current_adp_v1/s0056-signal-final-8613ff0e02df07db_twirl_twoap_current_adp.png
56,1976964633,eclipsing_binary_or_pceb,18.6308,0.738261546100135,30,0.188873424093987,3.24950125671312,53.0026212400986,s56_adjudicated_real343,s0056-signal-final-205ff554874a7eec,1,false,s0056-signal-final-205ff554874a7eec_twirl_twoap_current_adp.png,../../data_local/label_reviews/s56_s62_signal_rereview/vet_sheets_s56_s62_a2v1_current_adp_v1/s0056-signal-final-205ff554874a7eec_twirl_twoap_current_adp.png
56,1977017648,wide_transit_like,19.9813,0.528231245708199,30,1.20612572641854,24.8394037224703,294.336060460285,s56_adjudicated_real343,s0056-signal-final-522da810c5ade45f,1,true,s0056-signal-final-522da810c5ade45f_twirl_twoap_current_adp.png,../../data_local/label_reviews/s56_s62_signal_rereview/vet_sheets_s56_s62_a2v1_current_adp_v1/s0056-signal-final-522da810c5ade45f_twirl_twoap_current_adp.png
56,2000818697,eclipsing_binary_or_pceb,19.8369232623848,1.07507483037809,30,,,,s56_adjudicated_real343,s0056-signal-final-1660bf00de6eeb80,1,false,s0056-signal-final-1660bf00de6eeb80_twirl_twoap_current_adp.png,../../data_local/label_reviews/s56_s62_signal_rereview/vet_sheets_s56_s62_a2v1_current_adp_v1/s0056-signal-final-1660bf00de6eeb80_twirl_twoap_current_adp.png
56,2002382243,eclipsing_binary_or_pceb,20.0247671496481,0.617087431776078,30,,,,s56_adjudicated_real343,s0056-signal-final-5c6676c326087a2f,1,false,s0056-signal-final-5c6676c326087a2f_twirl_twoap_current_adp.png,../../data_local/label_reviews/s56_s62_signal_rereview/vet_sheets_s56_s62_a2v1_current_adp_v1/s0056-signal-final-5c6676c326087a2f_twirl_twoap_current_adp.png
56,2002584079,wide_transit_like,17.7065,0.315005112547121,30,0.0983439357623098,2.4316133130583,66.815078474124,s56_adjudicated_real343,s0056-signal-final-e6acb48592ebf324,1,true,s0056-signal-final-e6acb48592ebf324_twirl_twoap_current_adp.png,../../data_local/label_reviews/s56_s62_signal_rereview/vet_sheets_s56_s62_a2v1_current_adp_v1/s0056-signal-final-e6acb48592ebf324_twirl_twoap_current_adp.png
56,2002584084,wide_transit_like,17.3852,0.315005112553287,30,0.0833134834593751,2.05997628594726,67.6669477245044,s56_adjudicated_real343,s0056-signal-final-14d6bc027f6b4134,1,true,s0056-signal-final-14d6bc027f6b4134_twirl_twoap_current_adp.png,../../data_local/label_reviews/s56_s62_signal_rereview/vet_sheets_s56_s62_a2v1_current_adp_v1/s0056-signal-final-14d6bc027f6b4134_twirl_twoap_current_adp.png
56,2002758928,eclipsing_binary_or_pceb,20.062677618972,4.01842187369106,30,1.78473072378909,14.1272476136456,110.693776856334,s56_enrichment_checkpoint_177,s0056-signal-final-4cc7f173ed56ad6c,1,false,s0056-signal-final-4cc7f173ed56ad6c_twirl_twoap_current_adp.png,../../data_local/label_reviews/s56_s62_signal_rereview/vet_sheets_s56_s62_a2v1_current_adp_v1/s0056-signal-final-4cc7f173ed56ad6c_twirl_twoap_current_adp.png
56,2003660236,eclipsing_binary_or_pceb,19.9775,0.40356600035604,30,1.07098136183931,25.7435030564674,1297.76945370924,s56_adjudicated_real343,s0056-signal-final-a1b78712bed453bb,1,false,s0056-signal-final-a1b78712bed453bb_twirl_twoap_current_adp.png,../../data_local/label_reviews/s56_s62_signal_rereview/vet_sheets_s56_s62_a2v1_current_adp_v1/s0056-signal-final-a1b78712bed453bb_twirl_twoap_current_adp.png
56,2004037766,eclipsing_binary_or_pceb,19.8337,0.155752148594782,30,0.233022654447527,8.55772136315026,51.3868521537853,s56_adjudicated_real343,s0056-signal-final-16827d20da90c2f8,1,false,s0056-signal-final-16827d20da90c2f8_twirl_twoap_current_adp.png,../../data_local/label_reviews/s56_s62_signal_rereview/vet_sheets_s56_s62_a2v1_current_adp_v1/s0056-signal-final-16827d20da90c2f8_twirl_twoap_current_adp.png
56,2005809505,eclipsing_binary_or_pceb,18.811,0.136809793736951,30,1.01187125966778,36.0031142568033,1108.29868365084,s56_adjudicated_real343,s0056-signal-final-68e5a6d51e3e21ae,1,false,s0056-signal-final-68e5a6d51e3e21ae_twirl_twoap_current_adp.png,../../data_local/label_reviews/s56_s62_signal_rereview/vet_sheets_s56_s62_a2v1_current_adp_v1/s0056-signal-final-68e5a6d51e3e21ae_twirl_twoap_current_adp.png
56,2008757374,eclipsing_binary_or_pceb,19.9528,1.17132139163725,30,1.4650274648079,21.3283583106033,231.435078770534,s56_adjudicated_real343,s0056-signal-final-b59b06e4fddcfa0f,1,false,s0056-signal-final-b59b06e4fddcfa0f_twirl_twoap_current_adp.png,../../data_local/label_reviews/s56_s62_signal_rereview/vet_sheets_s56_s62_a2v1_current_adp_v1/s0056-signal-final-b59b06e4fddcfa0f_twirl_twoap_current_adp.png
56,2010148626,eclipsing_binary_or_pceb,19.5047000331038,0.966964546813814,30,,,,s56_adjudicated_real343,s0056-signal-final-3cac7db662b3e6f0,1,false,s0056-signal-final-3cac7db662b3e6f0_twirl_twoap_current_adp.png,../../data_local/label_reviews/s56_s62_signal_rereview/vet_sheets_s56_s62_a2v1_current_adp_v1/s0056-signal-final-3cac7db662b3e6f0_twirl_twoap_current_adp.png
56,2012103551,eclipsing_binary_or_pceb,19.4653,0.145484082479661,30,0.548091819412764,20.8266010495386,541.898926682017,s56_adjudicated_real343,s0056-signal-final-ce01f33bd17ce636,1,false,s0056-signal-final-ce01f33bd17ce636_twirl_twoap_current_adp.png,../../data_local/label_reviews/s56_s62_signal_rereview/vet_sheets_s56_s62_a2v1_current_adp_v1/s0056-signal-final-ce01f33bd17ce636_twirl_twoap_current_adp.png
56,2012141843,eclipsing_binary_or_pceb,19.7661086820277,0.513253449409598,30,,,,s56_adjudicated_real343,s0056-signal-final-570e6e27481d7f1a,2,false,s0056-signal-final-570e6e27481d7f1a_twirl_twoap_current_adp.png,../../data_local/label_reviews/s56_s62_signal_rereview/vet_sheets_s56_s62_a2v1_current_adp_v1/s0056-signal-final-570e6e27481d7f1a_twirl_twoap_current_adp.png
56,2012379443,eclipsing_binary_or_pceb,19.5502883372468,0.668280749405598,30,,,,s56_adjudicated_real343,s0056-signal-final-b0a54f2b700fb63c,1,false,s0056-signal-final-b0a54f2b700fb63c_twirl_twoap_current_adp.png,../../data_local/label_reviews/s56_s62_signal_rereview/vet_sheets_s56_s62_a2v1_current_adp_v1/s0056-signal-final-b0a54f2b700fb63c_twirl_twoap_current_adp.png
56,2015798657,eclipsing_binary_or_pceb,19.4838,0.429230957706383,30,3.04252455808829,70.1469986648952,1299.10478654594,s56_adjudicated_real343,s0056-signal-final-5266fc9027d6abc9,2,false,s0056-signal-final-5266fc9027d6abc9_twirl_twoap_current_adp.png,../../data_local/label_reviews/s56_s62_signal_rereview/vet_sheets_s56_s62_a2v1_current_adp_v1/s0056-signal-final-5266fc9027d6abc9_twirl_twoap_current_adp.png
56,2017174865,eclipsing_binary_or_pceb,19.067661296772,2.41080771526091,30,,,,s56_adjudicated_real343,s0056-signal-final-ffac11976d336ebe,2,false,s0056-signal-final-ffac11976d336ebe_twirl_twoap_current_adp.png,../../data_local/label_reviews/s56_s62_signal_rereview/vet_sheets_s56_s62_a2v1_current_adp_v1/s0056-signal-final-ffac11976d336ebe_twirl_twoap_current_adp.png
56,2017458503,eclipsing_binary_or_pceb,19.9941,0.177837361492966,30,0.100193560942557,3.49382566505385,8.55676467357989,s56_adjudicated_real343,s0056-signal-final-69eaf05dc191987d,2,false,s0056-signal-final-69eaf05dc191987d_twirl_twoap_current_adp.png,../../data_local/label_reviews/s56_s62_signal_rereview/vet_sheets_s56_s62_a2v1_current_adp_v1/s0056-signal-final-69eaf05dc191987d_twirl_twoap_current_adp.png
56,2022920779,eclipsing_binary_or_pceb,19.3774,0.137368231985383,30,0.124470108598076,4.71107865751342,43.9140448899736,s56_adjudicated_real343,s0056-signal-final-8ac7111563a98839,1,false,s0056-signal-final-8ac7111563a98839_twirl_twoap_current_adp.png,../../data_local/label_reviews/s56_s62_signal_rereview/vet_sheets_s56_s62_a2v1_current_adp_v1/s0056-signal-final-8ac7111563a98839_twirl_twoap_current_adp.png
56,2025359853,eclipsing_binary_or_pceb,19.9643,0.144460584024202,30,1.50853431483838,53.9148464322174,1010.17645855684,s56_adjudicated_real343,s0056-signal-final-e62ef6c5be1287ce,1,false,s0056-signal-final-e62ef6c5be1287ce_twirl_twoap_current_adp.png,../../data_local/label_reviews/s56_s62_signal_rereview/vet_sheets_s56_s62_a2v1_current_adp_v1/s0056-signal-final-e62ef6c5be1287ce_twirl_twoap_current_adp.png
56,2025414041,eclipsing_binary_or_pceb,19.6166,0.756301691308363,30,0.719802396812691,11.7944685934797,86.073684482666,s56_adjudicated_real343,s0056-signal-final-6c81aab9506c2b89,1,false,s0056-signal-final-6c81aab9506c2b89_twirl_twoap_current_adp.png,../../data_local/label_reviews/s56_s62_signal_rereview/vet_sheets_s56_s62_a2v1_current_adp_v1/s0056-signal-final-6c81aab9506c2b89_twirl_twoap_current_adp.png
56,2040085677,eclipsing_binary_or_pceb,18.8526,0.164641935697265,30,0.823474058055891,29.4362981372017,1343.90878775366,s56_adjudicated_real343,s0056-signal-final-befb1b8bab127cd8,1,false,s0056-signal-final-befb1b8bab127cd8_twirl_twoap_current_adp.png,../../data_local/label_reviews/s56_s62_signal_rereview/vet_sheets_s56_s62_a2v1_current_adp_v1/s0056-signal-final-befb1b8bab127cd8_twirl_twoap_current_adp.png
56,2040147264,eclipsing_binary_or_pceb,19.9458816002611,4.19223970676642,30,1.24570450366375,9.13300698001773,31.504548870479,s56_enrichment_checkpoint_177,s0056-signal-final-756ddba7ac88c456,1,false,s0056-signal-final-756ddba7ac88c456_twirl_twoap_current_adp.png,../../data_local/label_reviews/s56_s62_signal_rereview/vet_sheets_s56_s62_a2v1_current_adp_v1/s0056-signal-final-756ddba7ac88c456_twirl_twoap_current_adp.png
56,2040410669,eclipsing_binary_or_pceb,19.3346,0.181487062136236,30,1.68719078938444,58.0842101248445,2762.37579543868,s56_adjudicated_real343,s0056-signal-final-2ed98076d1975de5,1,false,s0056-signal-final-2ed98076d1975de5_twirl_twoap_current_adp.png,../../data_local/label_reviews/s56_s62_signal_rereview/vet_sheets_s56_s62_a2v1_current_adp_v1/s0056-signal-final-2ed98076d1975de5_twirl_twoap_current_adp.png
56,2053213344,eclipsing_binary_or_pceb,19.2486440877065,0.54644933116149,30,,,,s56_adjudicated_real343,s0056-signal-final-d198e881afe7aadd,1,false,s0056-signal-final-d198e881afe7aadd_twirl_twoap_current_adp.png,../../data_local/label_reviews/s56_s62_signal_rereview/vet_sheets_s56_s62_a2v1_current_adp_v1/s0056-signal-final-d198e881afe7aadd_twirl_twoap_current_adp.png
56,2053827857,eclipsing_binary_or_pceb,18.0257,0.316279835070285,30,0.155044243532973,3.75280566702292,83.1462111897489,s56_adjudicated_real343,s0056-signal-final-f44f7de51302ba53,1,false,s0056-signal-final-f44f7de51302ba53_twirl_twoap_current_adp.png,../../data_local/label_reviews/s56_s62_signal_rereview/vet_sheets_s56_s62_a2v1_current_adp_v1/s0056-signal-final-f44f7de51302ba53_twirl_twoap_current_adp.png
57,258799357,eclipsing_binary_or_pceb,17.7243219907147,0.145312464672992,15,0.315151074659071,8.21683901056529,570.160490645574,s57_s59_franklin_hv2_3k_20260717,s0057-signal-final-5c569c665f825be8,2,false,s0057-signal-final-5c569c665f825be8_twirl_twoap_current_adp.png,../../data_local/label_reviews/s56_s62_signal_rereview/vet_sheets_s56_s62_a2v1_current_adp_v1/s0057-signal-final-5c569c665f825be8_twirl_twoap_current_adp.png
57,340911048,eclipsing_binary_or_pceb,17.935889646603,0.170843045206921,9,0.395847415423887,7.67235437511691,212.361016255509,s57_s59_franklin_hv2_3k_20260717,s0057-signal-final-5f67bb4720a6ed1e,2,false,s0057-signal-final-5f67bb4720a6ed1e_twirl_twoap_current_adp.png,../../data_local/label_reviews/s56_s62_signal_rereview/vet_sheets_s56_s62_a2v1_current_adp_v1/s0057-signal-final-5f67bb4720a6ed1e_twirl_twoap_current_adp.png
57,611425662,eclipsing_binary_or_pceb,19.7363062626612,7.35027778410269,30,2.30568152300338,11.9656148736207,277.200841155255,s57_s59_franklin_hv2_3k_20260717,s0057-signal-final-77dacef5ac9689f2,1,false,s0057-signal-final-77dacef5ac9689f2_twirl_twoap_current_adp.png,../../data_local/label_reviews/s56_s62_signal_rereview/vet_sheets_s56_s62_a2v1_current_adp_v1/s0057-signal-final-77dacef5ac9689f2_twirl_twoap_current_adp.png
57,1271313161,eclipsing_binary_or_pceb,20.1456900849551,3.21120493148415,30,0.429126552750159,3.39405175247646,11.879105079636,s57_s59_franklin_hv2_3k_20260717,s0057-signal-final-831a6449c8151486,1,false,s0057-signal-final-831a6449c8151486_twirl_twoap_current_adp.png,../../data_local/label_reviews/s56_s62_signal_rereview/vet_sheets_s56_s62_a2v1_current_adp_v1/s0057-signal-final-831a6449c8151486_twirl_twoap_current_adp.png
57,1400879816,eclipsing_binary_or_pceb,19.2148858782044,0.154388491058104,30,1.18175035005138,40.8417695855047,1266.01863688031,s57_s59_franklin_hv2_3k_20260717,s0057-signal-final-25bcbf85955a8d6f,2,false,s0057-signal-final-25bcbf85955a8d6f_twirl_twoap_current_adp.png,../../data_local/label_reviews/s56_s62_signal_rereview/vet_sheets_s56_s62_a2v1_current_adp_v1/s0057-signal-final-25bcbf85955a8d6f_twirl_twoap_current_adp.png
57,1717830489,eclipsing_binary_or_pceb,19.4295451121924,0.30868318291002,30,1.35036821222695,34.6579151996113,807.575913123549,s57_s59_franklin_hv2_3k_20260717,s0057-signal-final-11e4a59c924d3710,2,false,s0057-signal-final-11e4a59c924d3710_twirl_twoap_current_adp.png,../../data_local/label_reviews/s56_s62_signal_rereview/vet_sheets_s56_s62_a2v1_current_adp_v1/s0057-signal-final-11e4a59c924d3710_twirl_twoap_current_adp.png
57,1717910615,eclipsing_binary_or_pceb,19.8222688397993,1.65831554619869,30,0.627245656753982,7.47330568038616,44.0534449747463,s57_s59_franklin_hv2_3k_20260717,s0057-signal-final-5cafdd828200221c,2,false,s0057-signal-final-5cafdd828200221c_twirl_twoap_current_adp.png,../../data_local/label_reviews/s56_s62_signal_rereview/vet_sheets_s56_s62_a2v1_current_adp_v1/s0057-signal-final-5cafdd828200221c_twirl_twoap_current_adp.png
57,1718243864,eclipsing_binary_or_pceb,18.2234304775439,0.506572641207739,30,0.0985389420741352,2.00443888965344,13.896010996286,s57_s59_franklin_hv2_3k_20260717,s0057-signal-final-d050fb7dba74bd07,2,false,s0057-signal-final-d050fb7dba74bd07_twirl_twoap_current_adp.png,../../data_local/label_reviews/s56_s62_signal_rereview/vet_sheets_s56_s62_a2v1_current_adp_v1/s0057-signal-final-d050fb7dba74bd07_twirl_twoap_current_adp.png
57,1718275456,eclipsing_binary_or_pceb,20.0367208900548,1.4523184170192,30,0.757287592450001,9.08357913370763,38.9269397086588,s57_s59_franklin_hv2_3k_20260717,s0057-signal-final-d9123eee3393df71,1,false,s0057-signal-final-d9123eee3393df71_twirl_twoap_current_adp.png,../../data_local/label_reviews/s56_s62_signal_rereview/vet_sheets_s56_s62_a2v1_current_adp_v1/s0057-signal-final-d9123eee3393df71_twirl_twoap_current_adp.png
57,1979151967,eclipsing_binary_or_pceb,19.7501763634986,0.846178331811783,30,0.216564718765993,3.46840369107335,16.2833474552846,s57_s59_franklin_hv2_3k_20260717,s0057-signal-final-c527c55cb1800818,1,false,s0057-signal-final-c527c55cb1800818_twirl_twoap_current_adp.png,../../data_local/label_reviews/s56_s62_signal_rereview/vet_sheets_s56_s62_a2v1_current_adp_v1/s0057-signal-final-c527c55cb1800818_twirl_twoap_current_adp.png
57,1980175550,eclipsing_binary_or_pceb,20.5234864315919,0.579196492207513,30,0.349294655964312,6.7699422739493,14.530711431636,s57_s59_franklin_hv2_3k_20260717,s0057-signal-final-ff913b65b115f09b,1,false,s0057-signal-final-ff913b65b115f09b_twirl_twoap_current_adp.png,../../data_local/label_reviews/s56_s62_signal_rereview/vet_sheets_s56_s62_a2v1_current_adp_v1/s0057-signal-final-ff913b65b115f09b_twirl_twoap_current_adp.png
57,2010328193,eclipsing_binary_or_pceb,20.0745454244873,0.989883782882482,30,0.309836629235212,4.59855888660641,10.7773980337381,s57_s59_franklin_hv2_3k_20260717,s0057-signal-final-0478edefe3c34dac,1,false,s0057-signal-final-0478edefe3c34dac_twirl_twoap_current_adp.png,../../data_local/label_reviews/s56_s62_signal_rereview/vet_sheets_s56_s62_a2v1_current_adp_v1/s0057-signal-final-0478edefe3c34dac_twirl_twoap_current_adp.png
57,2011878650,eclipsing_binary_or_pceb,19.9139032595168,2.01873002540416,30,1.51759116924864,15.0304745419998,156.423561463002,s57_s59_franklin_hv2_3k_20260717,s0057-signal-final-12fb098fc877b296,1,false,s0057-signal-final-12fb098fc877b296_twirl_twoap_current_adp.png,../../data_local/label_reviews/s56_s62_signal_rereview/vet_sheets_s56_s62_a2v1_current_adp_v1/s0057-signal-final-12fb098fc877b296_twirl_twoap_current_adp.png
57,2012141843,eclipsing_binary_or_pceb,19.7661086820277,1.02368384080151,30,0.279515193839539,3.98258715652474,16.0398879531413,s57_s59_franklin_hv2_3k_20260717,s0057-signal-final-a8522d9e2b0d24f3,2,false,s0057-signal-final-a8522d9e2b0d24f3_twirl_twoap_current_adp.png,../../data_local/label_reviews/s56_s62_signal_rereview/vet_sheets_s56_s62_a2v1_current_adp_v1/s0057-signal-final-a8522d9e2b0d24f3_twirl_twoap_current_adp.png
57,2015225283,eclipsing_binary_or_pceb,19.1666668304537,0.655278615040062,30,0.436303997378828,7.79127954314687,54.6734998857944,s57_s59_franklin_hv2_3k_20260717,s0057-signal-final-c1f601a7d2fd4b49,1,false,s0057-signal-final-c1f601a7d2fd4b49_twirl_twoap_current_adp.png,../../data_local/label_reviews/s56_s62_signal_rereview/vet_sheets_s56_s62_a2v1_current_adp_v1/s0057-signal-final-c1f601a7d2fd4b49_twirl_twoap_current_adp.png
57,2015798657,eclipsing_binary_or_pceb,19.4836120918115,0.429386434552369,30,3.47089060437892,76.7739644454842,860.639685922796,s57_s59_franklin_hv2_3k_20260717,s0057-signal-final-727ad2b6c5c1a600,2,false,s0057-signal-final-727ad2b6c5c1a600_twirl_twoap_current_adp.png,../../data_local/label_reviews/s56_s62_signal_rereview/vet_sheets_s56_s62_a2v1_current_adp_v1/s0057-signal-final-727ad2b6c5c1a600_twirl_twoap_current_adp.png
57,2015833996,eclipsing_binary_or_pceb,20.1152383443462,2.5925723029586,30,0.500044855738214,4.72390517779138,10.0582013355713,s57_s59_franklin_hv2_3k_20260717,s0057-signal-final-88d71caa6390f744,1,false,s0057-signal-final-88d71caa6390f744_twirl_twoap_current_adp.png,../../data_local/label_reviews/s56_s62_signal_rereview/vet_sheets_s56_s62_a2v1_current_adp_v1/s0057-signal-final-88d71caa6390f744_twirl_twoap_current_adp.png
57,2016340547,eclipsing_binary_or_pceb,20.09631827339,1.54889118969742,30,0.484968801808713,5.95539347974507,16.2700365477603,s57_s59_franklin_hv2_3k_20260717,s0057-signal-final-d1da26b0b24a6157,1,false,s0057-signal-final-d1da26b0b24a6157_twirl_twoap_current_adp.png,../../data_local/label_reviews/s56_s62_signal_rereview/vet_sheets_s56_s62_a2v1_current_adp_v1/s0057-signal-final-d1da26b0b24a6157_twirl_twoap_current_adp.png
57,2017174865,eclipsing_binary_or_pceb,19.067661296772,2.41091689929934,30,9.40709432767724,88.8680849758797,580.950256733574,s57_s59_franklin_hv2_3k_20260717,s0057-signal-final-8ae3457f81747f9e,2,false,s0057-signal-final-8ae3457f81747f9e_twirl_twoap_current_adp.png,../../data_local/label_reviews/s56_s62_signal_rereview/vet_sheets_s56_s62_a2v1_current_adp_v1/s0057-signal-final-8ae3457f81747f9e_twirl_twoap_current_adp.png
57,2017458503,eclipsing_binary_or_pceb,19.9905426047931,0.17780518744648,30,0.427096941155855,14.2623631928117,424.054897574505,s57_s59_franklin_hv2_3k_20260717,s0057-signal-final-657f90c620ad66d9,2,false,s0057-signal-final-657f90c620ad66d9_twirl_twoap_current_adp.png,../../data_local/label_reviews/s56_s62_signal_rereview/vet_sheets_s56_s62_a2v1_current_adp_v1/s0057-signal-final-657f90c620ad66d9_twirl_twoap_current_adp.png
57,2023311971,eclipsing_binary_or_pceb,18.3383235965057,2.78194245041216,30,0.370492883792303,3.32105421152078,17.441657086852,s57_s59_franklin_hv2_3k_20260717,s0057-signal-final-92282c7825bce0c0,1,false,s0057-signal-final-92282c7825bce0c0_twirl_twoap_current_adp.png,../../data_local/label_reviews/s56_s62_signal_rereview/vet_sheets_s56_s62_a2v1_current_adp_v1/s0057-signal-final-92282c7825bce0c0_twirl_twoap_current_adp.png
57,2041651024,eclipsing_binary_or_pceb,19.8712817834414,0.195192609507588,30,0.271404764998088,8.55694204257692,60.6370022302115,s57_s59_franklin_hv2_3k_20260717,s0057-signal-final-c63944e1c70ff97a,1,false,s0057-signal-final-c63944e1c70ff97a_twirl_twoap_current_adp.png,../../data_local/label_reviews/s56_s62_signal_rereview/vet_sheets_s56_s62_a2v1_current_adp_v1/s0057-signal-final-c63944e1c70ff97a_twirl_twoap_current_adp.png
57,2042769110,eclipsing_binary_or_pceb,19.0000097723131,1.31028759055815,21,0.238037439233552,2.52715171809277,9.33281926344663,s57_s59_franklin_hv2_3k_20260717,s0057-signal-final-b3204a57d443814d,1,false,s0057-signal-final-b3204a57d443814d_twirl_twoap_current_adp.png,../../data_local/label_reviews/s56_s62_signal_rereview/vet_sheets_s56_s62_a2v1_current_adp_v1/s0057-signal-final-b3204a57d443814d_twirl_twoap_current_adp.png
58,52861041,eclipsing_binary_or_pceb,15.9624947028131,0.147288790405419,6,0.224220473434765,3.73124648742514,334.123625249999,s57_s59_franklin_hv2_3k_20260717,s0058-signal-final-695fff32cd0855f8,1,false,s0058-signal-final-695fff32cd0855f8_twirl_twoap_current_adp.png,../../data_local/label_reviews/s56_s62_signal_rereview/vet_sheets_s56_s62_a2v1_current_adp_v1/s0058-signal-final-695fff32cd0855f8_twirl_twoap_current_adp.png
58,602544589,eclipsing_binary_or_pceb,19.7804993659842,0.854152302166005,30,0.838985137748571,12.6813145426317,81.2849339306109,s57_s59_franklin_hv2_3k_20260717,s0058-signal-final-36e43aecd253eab2,1,false,s0058-signal-final-36e43aecd253eab2_twirl_twoap_current_adp.png,../../data_local/label_reviews/s56_s62_signal_rereview/vet_sheets_s56_s62_a2v1_current_adp_v1/s0058-signal-final-36e43aecd253eab2_twirl_twoap_current_adp.png
58,604685252,eclipsing_binary_or_pceb,19.3997962894436,0.205614363578101,30,3.3816851822254,101.339385464696,1878.99110717121,s57_s59_franklin_hv2_3k_20260717,s0058-signal-final-79cbacc73762401e,1,false,s0058-signal-final-79cbacc73762401e_twirl_twoap_current_adp.png,../../data_local/label_reviews/s56_s62_signal_rereview/vet_sheets_s56_s62_a2v1_current_adp_v1/s0058-signal-final-79cbacc73762401e_twirl_twoap_current_adp.png
58,604987895,eclipsing_binary_or_pceb,19.7998597542525,0.357321316731752,30,0.629393682353739,14.6639597443897,140.746144049695,s57_s59_franklin_hv2_3k_20260717,s0058-signal-final-dc4fd8ebfc23f4ae,1,false,s0058-signal-final-dc4fd8ebfc23f4ae_twirl_twoap_current_adp.png,../../data_local/label_reviews/s56_s62_signal_rereview/vet_sheets_s56_s62_a2v1_current_adp_v1/s0058-signal-final-dc4fd8ebfc23f4ae_twirl_twoap_current_adp.png
58,605179057,eclipsing_binary_or_pceb,20.2124728410006,0.237241759277305,30,0.248555081236028,7.11179416638841,19.7724378112499,s57_s59_franklin_hv2_3k_20260717,s0058-signal-final-e4611787c452f368,1,false,s0058-signal-final-e4611787c452f368_twirl_twoap_current_adp.png,../../data_local/label_reviews/s56_s62_signal_rereview/vet_sheets_s56_s62_a2v1_current_adp_v1/s0058-signal-final-e4611787c452f368_twirl_twoap_current_adp.png
58,606529479,eclipsing_binary_or_pceb,20.0940310674692,5.24336454342434,30,4.18869299863575,28.0334077317577,133.234752453975,s57_s59_franklin_hv2_3k_20260717,s0058-signal-final-db10d11ffc67e712,1,false,s0058-signal-final-db10d11ffc67e712_twirl_twoap_current_adp.png,../../data_local/label_reviews/s56_s62_signal_rereview/vet_sheets_s56_s62_a2v1_current_adp_v1/s0058-signal-final-db10d11ffc67e712_twirl_twoap_current_adp.png
58,606562918,eclipsing_binary_or_pceb,20.1216110166071,2.35299800486624,30,1.13500485050403,11.2350535642331,64.3996099917997,s57_s59_franklin_hv2_3k_20260717,s0058-signal-final-acbe7a6553c4229b,1,false,s0058-signal-final-acbe7a6553c4229b_twirl_twoap_current_adp.png,../../data_local/label_reviews/s56_s62_signal_rereview/vet_sheets_s56_s62_a2v1_current_adp_v1/s0058-signal-final-acbe7a6553c4229b_twirl_twoap_current_adp.png
58,607074138,eclipsing_binary_or_pceb,19.9516188383709,1.15233243195607,30,0.447131209269151,6.08861252551758,56.0243751017239,s57_s59_franklin_hv2_3k_20260717,s0058-signal-final-1d163b50536ef94c,1,false,s0058-signal-final-1d163b50536ef94c_twirl_twoap_current_adp.png,../../data_local/label_reviews/s56_s62_signal_rereview/vet_sheets_s56_s62_a2v1_current_adp_v1/s0058-signal-final-1d163b50536ef94c_twirl_twoap_current_adp.png
58,607360300,eclipsing_binary_or_pceb,19.4078226787786,1.01781636691772,30,0.259875038327172,3.60904686887543,21.3470106227894,s57_s59_franklin_hv2_3k_20260717,s0058-signal-final-8eec74f0f9b42f7a,1,false,s0058-signal-final-8eec74f0f9b42f7a_twirl_twoap_current_adp.png,../../data_local/label_reviews/s56_s62_signal_rereview/vet_sheets_s56_s62_a2v1_current_adp_v1/s0058-signal-final-8eec74f0f9b42f7a_twirl_twoap_current_adp.png
58,607708061,uncertain,19.1201966934191,0.233240358965797,30,0.159389964463844,4.43911955802139,41.8819931132381,s57_s59_franklin_hv2_3k_20260717,s0058-signal-final-46c1ebe550e81042,1,false,s0058-signal-final-46c1ebe550e81042_twirl_twoap_current_adp.png,../../data_local/label_reviews/s56_s62_signal_rereview/vet_sheets_s56_s62_a2v1_current_adp_v1/s0058-signal-final-46c1ebe550e81042_twirl_twoap_current_adp.png
58,608189111,eclipsing_binary_or_pceb,19.3102050095126,0.945261534908877,30,0.25226445730547,3.74129666323039,9.48244194058015,s57_s59_franklin_hv2_3k_20260717,s0058-signal-final-f6bc538ef8f152f7,1,false,s0058-signal-final-f6bc538ef8f152f7_twirl_twoap_current_adp.png,../../data_local/label_reviews/s56_s62_signal_rereview/vet_sheets_s56_s62_a2v1_current_adp_v1/s0058-signal-final-f6bc538ef8f152f7_twirl_twoap_current_adp.png
58,609628231,eclipsing_binary_or_pceb,19.9791118909385,0.5590189427642,30,1.83014330461536,34.9122712556646,424.300944734604,s57_s59_franklin_hv2_3k_20260717,s0058-signal-final-e2c50a7bb8f395a1,1,false,s0058-signal-final-e2c50a7bb8f395a1_twirl_twoap_current_adp.png,../../data_local/label_reviews/s56_s62_signal_rereview/vet_sheets_s56_s62_a2v1_current_adp_v1/s0058-signal-final-e2c50a7bb8f395a1_twirl_twoap_current_adp.png
58,609774128,uncertain,19.3061011569527,0.300688982241709,30,0.183471307463255,4.66052074891361,15.8392585223559,s57_s59_franklin_hv2_3k_20260717,s0058-signal-final-9374b01c0cbb02bb,1,false,s0058-signal-final-9374b01c0cbb02bb_twirl_twoap_current_adp.png,../../data_local/label_reviews/s56_s62_signal_rereview/vet_sheets_s56_s62_a2v1_current_adp_v1/s0058-signal-final-9374b01c0cbb02bb_twirl_twoap_current_adp.png
58,620838625,eclipsing_binary_or_pceb,18.767652079565,6.89581131584337,30,1.73128320942813,10.3675940133539,65.6188533185383,s57_s59_franklin_hv2_3k_20260717,s0058-signal-final-d1289a7128ec0f79,1,false,s0058-signal-final-d1289a7128ec0f79_twirl_twoap_current_adp.png,../../data_local/label_reviews/s56_s62_signal_rereview/vet_sheets_s56_s62_a2v1_current_adp_v1/s0058-signal-final-d1289a7128ec0f79_twirl_twoap_current_adp.png
58,620954637,eclipsing_binary_or_pceb,19.79738209848,0.192639346089543,30,1.8190306297811,53.7558728177162,1344.63032473875,s57_s59_franklin_hv2_3k_20260717,s0058-signal-final-a25e1ab131f4ec99,1,false,s0058-signal-final-a25e1ab131f4ec99_twirl_twoap_current_adp.png,../../data_local/label_reviews/s56_s62_signal_rereview/vet_sheets_s56_s62_a2v1_current_adp_v1/s0058-signal-final-a25e1ab131f4ec99_twirl_twoap_current_adp.png
58,621032912,eclipsing_binary_or_pceb,20.2651979031662,0.866579739189321,30,0.80912067440222,11.513000634539,214.459950438053,s57_s59_franklin_hv2_3k_20260717,s0058-signal-final-a0246fbc3adf7e3b,1,false,s0058-signal-final-a0246fbc3adf7e3b_twirl_twoap_current_adp.png,../../data_local/label_reviews/s56_s62_signal_rereview/vet_sheets_s56_s62_a2v1_current_adp_v1/s0058-signal-final-a0246fbc3adf7e3b_twirl_twoap_current_adp.png
58,621055066,eclipsing_binary_or_pceb,19.355155559865,0.580848975532358,30,1.40288295384735,25.1168851225769,244.182410068456,s57_s59_franklin_hv2_3k_20260717,s0058-signal-final-1734c30e83b4c7a1,1,false,s0058-signal-final-1734c30e83b4c7a1_twirl_twoap_current_adp.png,../../data_local/label_reviews/s56_s62_signal_rereview/vet_sheets_s56_s62_a2v1_current_adp_v1/s0058-signal-final-1734c30e83b4c7a1_twirl_twoap_current_adp.png
58,621417752,eclipsing_binary_or_pceb,19.6971441456947,0.350530334652864,30,0.237074457085162,5.45145120241441,15.2406672945204,s57_s59_franklin_hv2_3k_20260717,s0058-signal-final-8b7dd243a4cf80a3,1,false,s0058-signal-final-8b7dd243a4cf80a3_twirl_twoap_current_adp.png,../../data_local/label_reviews/s56_s62_signal_rereview/vet_sheets_s56_s62_a2v1_current_adp_v1/s0058-signal-final-8b7dd243a4cf80a3_twirl_twoap_current_adp.png
58,621438014,eclipsing_binary_or_pceb,19.9137390541502,0.275180784208367,30,0.3412014080162,8.59550276574493,37.0409899553721,s57_s59_franklin_hv2_3k_20260717,s0058-signal-final-3ca35828aefa6411,1,false,s0058-signal-final-3ca35828aefa6411_twirl_twoap_current_adp.png,../../data_local/label_reviews/s56_s62_signal_rereview/vet_sheets_s56_s62_a2v1_current_adp_v1/s0058-signal-final-3ca35828aefa6411_twirl_twoap_current_adp.png
58,621533420,eclipsing_binary_or_pceb,20.5604991618655,2.35251563339958,30,0.73457858951639,6.2086570497266,17.6818644762992,s57_s59_franklin_hv2_3k_20260717,s0058-signal-final-7e7cfde9076b2f1d,1,false,s0058-signal-final-7e7cfde9076b2f1d_twirl_twoap_current_adp.png,../../data_local/label_reviews/s56_s62_signal_rereview/vet_sheets_s56_s62_a2v1_current_adp_v1/s0058-signal-final-7e7cfde9076b2f1d_twirl_twoap_current_adp.png
58,621656805,eclipsing_binary_or_pceb,19.8197882876379,0.159549124863243,30,1.15517168788484,37.5131545602028,733.523560619489,s57_s59_franklin_hv2_3k_20260717,s0058-signal-final-5c4531bab2228eca,1,false,s0058-signal-final-5c4531bab2228eca_twirl_twoap_current_adp.png,../../data_local/label_reviews/s56_s62_signal_rereview/vet_sheets_s56_s62_a2v1_current_adp_v1/s0058-signal-final-5c4531bab2228eca_twirl_twoap_current_adp.png
58,621930741,eclipsing_binary_or_pceb,20.0536182425651,1.86304326968591,30,0.668529429475565,6.31108831968071,42.8579466076401,s57_s59_franklin_hv2_3k_20260717,s0058-signal-final-891243b08133f88f,1,false,s0058-signal-final-891243b08133f88f_twirl_twoap_current_adp.png,../../data_local/label_reviews/s56_s62_signal_rereview/vet_sheets_s56_s62_a2v1_current_adp_v1/s0058-signal-final-891243b08133f88f_twirl_twoap_current_adp.png
58,621975330,eclipsing_binary_or_pceb,19.7418147046306,1.4712338237144,30,0.469225114756584,5.41269600167628,20.710836501149,s57_s59_franklin_hv2_3k_20260717,s0058-signal-final-2c869dc0994084a3,1,false,s0058-signal-final-2c869dc0994084a3_twirl_twoap_current_adp.png,../../data_local/label_reviews/s56_s62_signal_rereview/vet_sheets_s56_s62_a2v1_current_adp_v1/s0058-signal-final-2c869dc0994084a3_twirl_twoap_current_adp.png
58,622176582,eclipsing_binary_or_pceb,19.9778632728089,0.171019778591131,30,1.36908287673214,44.5278263127894,1282.88050896857,s57_s59_franklin_hv2_3k_20260717,s0058-signal-final-bdb2a720a45ce468,1,false,s0058-signal-final-bdb2a720a45ce468_twirl_twoap_current_adp.png,../../data_local/label_reviews/s56_s62_signal_rereview/vet_sheets_s56_s62_a2v1_current_adp_v1/s0058-signal-final-bdb2a720a45ce468_twirl_twoap_current_adp.png
58,623336135,eclipsing_binary_or_pceb,19.4241352862684,0.231513895521596,30,0.285858801959239,8.14080522945719,30.5309934566771,s57_s59_franklin_hv2_3k_20260717,s0058-signal-final-34cd7ce3bcc3beec,1,false,s0058-signal-final-34cd7ce3bcc3beec_twirl_twoap_current_adp.png,../../data_local/label_reviews/s56_s62_signal_rereview/vet_sheets_s56_s62_a2v1_current_adp_v1/s0058-signal-final-34cd7ce3bcc3beec_twirl_twoap_current_adp.png
58,623336172,eclipsing_binary_or_pceb,19.2528062786138,0.231673179370116,30,0.154305399070323,4.39659495221788,18.9402049024295,s57_s59_franklin_hv2_3k_20260717,s0058-signal-final-9a82d91529d3336f,1,false,s0058-signal-final-9a82d91529d3336f_twirl_twoap_current_adp.png,../../data_local/label_reviews/s56_s62_signal_rereview/vet_sheets_s56_s62_a2v1_current_adp_v1/s0058-signal-final-9a82d91529d3336f_twirl_twoap_current_adp.png
58,623521272,eclipsing_binary_or_pceb,20.0995342202656,2.93872709322997,30,0.785370433979609,5.75530892011759,10.8337286209581,s57_s59_franklin_hv2_3k_20260717,s0058-signal-final-8954c2fdb4ffe69d,1,false,s0058-signal-final-8954c2fdb4ffe69d_twirl_twoap_current_adp.png,../../data_local/label_reviews/s56_s62_signal_rereview/vet_sheets_s56_s62_a2v1_current_adp_v1/s0058-signal-final-8954c2fdb4ffe69d_twirl_twoap_current_adp.png
58,623842756,eclipsing_binary_or_pceb,16.6689593591632,3.44726312429711,30,0.104093973751624,0.879926911502131,36.8471453779575,s57_s59_franklin_hv2_3k_20260717,s0058-signal-final-b3fc1ab83d0b833a,1,false,s0058-signal-final-b3fc1ab83d0b833a_twirl_twoap_current_adp.png,../../data_local/label_reviews/s56_s62_signal_rereview/vet_sheets_s56_s62_a2v1_current_adp_v1/s0058-signal-final-b3fc1ab83d0b833a_twirl_twoap_current_adp.png
58,625098137,eclipsing_binary_or_pceb,19.5593134968947,1.19628756855495,30,0.409700810670342,5.31199536409303,15.6029764377122,s57_s59_franklin_hv2_3k_20260717,s0058-signal-final-984690448a7c2b1f,1,false,s0058-signal-final-984690448a7c2b1f_twirl_twoap_current_adp.png,../../data_local/label_reviews/s56_s62_signal_rereview/vet_sheets_s56_s62_a2v1_current_adp_v1/s0058-signal-final-984690448a7c2b1f_twirl_twoap_current_adp.png
58,625482849,eclipsing_binary_or_pceb,18.0403106057491,1.6915200724851,30,0.29000170370181,2.94199878432518,12.578903309807,s57_s59_franklin_hv2_3k_20260717,s0058-signal-final-babeadb016e94113,1,false,s0058-signal-final-babeadb016e94113_twirl_twoap_current_adp.png,../../data_local/label_reviews/s56_s62_signal_rereview/vet_sheets_s56_s62_a2v1_current_adp_v1/s0058-signal-final-babeadb016e94113_twirl_twoap_current_adp.png
58,625501349,eclipsing_binary_or_pceb,19.7790757937391,0.226260811056911,30,0.397439932036686,11.5038581550378,74.7351746633753,s57_s59_franklin_hv2_3k_20260717,s0058-signal-final-1bb6dc40426275d0,1,false,s0058-signal-final-1bb6dc40426275d0_twirl_twoap_current_adp.png,../../data_local/label_reviews/s56_s62_signal_rereview/vet_sheets_s56_s62_a2v1_current_adp_v1/s0058-signal-final-1bb6dc40426275d0_twirl_twoap_current_adp.png
58,625833135,eclipsing_binary_or_pceb,20.0296075096069,1.40249799577678,30,1.79822615437184,22.0727497678287,190.578315029846,s57_s59_franklin_hv2_3k_20260717,s0058-signal-final-7a1da78b14da7ebe,1,false,s0058-signal-final-7a1da78b14da7ebe_twirl_twoap_current_adp.png,../../data_local/label_reviews/s56_s62_signal_rereview/vet_sheets_s56_s62_a2v1_current_adp_v1/s0058-signal-final-7a1da78b14da7ebe_twirl_twoap_current_adp.png
58,626178668,eclipsing_binary_or_pceb,20.3235758827813,0.377845211457644,30,1.64459090882037,38.2694594159278,534.686295045347,s57_s59_franklin_hv2_3k_20260717,s0058-signal-final-11d143da809c6acd,1,false,s0058-signal-final-11d143da809c6acd_twirl_twoap_current_adp.png,../../data_local/label_reviews/s56_s62_signal_rereview/vet_sheets_s56_s62_a2v1_current_adp_v1/s0058-signal-final-11d143da809c6acd_twirl_twoap_current_adp.png
58,626243954,eclipsing_binary_or_pceb,19.7501024129058,0.723216892621667,30,1.40359997686972,23.1148424536693,322.624620433385,s57_s59_franklin_hv2_3k_20260717,s0058-signal-final-301d0d80ccca9be9,1,false,s0058-signal-final-301d0d80ccca9be9_twirl_twoap_current_adp.png,../../data_local/label_reviews/s56_s62_signal_rereview/vet_sheets_s56_s62_a2v1_current_adp_v1/s0058-signal-final-301d0d80ccca9be9_twirl_twoap_current_adp.png
58,626541700,eclipsing_binary_or_pceb,20.0962214996866,0.337578732522286,30,0.273579649595281,6.57881251408834,19.9343057995304,s57_s59_franklin_hv2_3k_20260717,s0058-signal-final-0be8d10a317c9eb1,1,false,s0058-signal-final-0be8d10a317c9eb1_twirl_twoap_current_adp.png,../../data_local/label_reviews/s56_s62_signal_rereview/vet_sheets_s56_s62_a2v1_current_adp_v1/s0058-signal-final-0be8d10a317c9eb1_twirl_twoap_current_adp.png
58,626982921,eclipsing_binary_or_pceb,20.4298220323817,0.674054666489293,30,0.849448383983288,14.6331051776526,84.3198173285005,s57_s59_franklin_hv2_3k_20260717,s0058-signal-final-a037a8d747aca8a4,1,false,s0058-signal-final-a037a8d747aca8a4_twirl_twoap_current_adp.png,../../data_local/label_reviews/s56_s62_signal_rereview/vet_sheets_s56_s62_a2v1_current_adp_v1/s0058-signal-final-a037a8d747aca8a4_twirl_twoap_current_adp.png
58,627039820,eclipsing_binary_or_pceb,18.5159283136886,2.29056224582299,30,0.177754107228152,1.75996830115389,10.935340732844,s57_s59_franklin_hv2_3k_20260717,s0058-signal-final-04dd8ed08a53fc7b,1,false,s0058-signal-final-04dd8ed08a53fc7b_twirl_twoap_current_adp.png,../../data_local/label_reviews/s56_s62_signal_rereview/vet_sheets_s56_s62_a2v1_current_adp_v1/s0058-signal-final-04dd8ed08a53fc7b_twirl_twoap_current_adp.png
58,627208580,eclipsing_binary_or_pceb,16.9333297263361,0.28697882751957,30,0.164086904938184,4.24349502328974,280.890941402281,s57_s59_franklin_hv2_3k_20260717,s0058-signal-final-299c40153364c3b9,1,false,s0058-signal-final-299c40153364c3b9_twirl_twoap_current_adp.png,../../data_local/label_reviews/s56_s62_signal_rereview/vet_sheets_s56_s62_a2v1_current_adp_v1/s0058-signal-final-299c40153364c3b9_twirl_twoap_current_adp.png
58,628195143,eclipsing_binary_or_pceb,19.6343976249544,0.170715088927907,30,0.680858646721551,22.329006504364,617.644841161658,s57_s59_franklin_hv2_3k_20260717,s0058-signal-final-02e85367bf7c0a4b,1,false,s0058-signal-final-02e85367bf7c0a4b_twirl_twoap_current_adp.png,../../data_local/label_reviews/s56_s62_signal_rereview/vet_sheets_s56_s62_a2v1_current_adp_v1/s0058-signal-final-02e85367bf7c0a4b_twirl_twoap_current_adp.png
58,628675084,eclipsing_binary_or_pceb,20.63201694077,0.625127595605568,30,0.971180020536188,17.4296383503842,94.8571045270138,s57_s59_franklin_hv2_3k_20260717,s0058-signal-final-15f6b0e8a40d11c4,1,false,s0058-signal-final-15f6b0e8a40d11c4_twirl_twoap_current_adp.png,../../data_local/label_reviews/s56_s62_signal_rereview/vet_sheets_s56_s62_a2v1_current_adp_v1/s0058-signal-final-15f6b0e8a40d11c4_twirl_twoap_current_adp.png
58,629241606,eclipsing_binary_or_pceb,20.2616440245185,0.216593714051458,30,5.36709627815497,157.820121159119,2583.89490961854,s57_s59_franklin_hv2_3k_20260717,s0058-signal-final-1e0a7341228f9270,1,false,s0058-signal-final-1e0a7341228f9270_twirl_twoap_current_adp.png,../../data_local/label_reviews/s56_s62_signal_rereview/vet_sheets_s56_s62_a2v1_current_adp_v1/s0058-signal-final-1e0a7341228f9270_twirl_twoap_current_adp.png
58,641532611,eclipsing_binary_or_pceb,18.8259951695785,3.56455147565564,30,1.07455173063209,8.50160112073639,80.7402902107806,s57_s59_franklin_hv2_3k_20260717,s0058-signal-final-9e8f1deaa7f396c3,1,false,s0058-signal-final-9e8f1deaa7f396c3_twirl_twoap_current_adp.png,../../data_local/label_reviews/s56_s62_signal_rereview/vet_sheets_s56_s62_a2v1_current_adp_v1/s0058-signal-final-9e8f1deaa7f396c3_twirl_twoap_current_adp.png
58,641918276,eclipsing_binary_or_pceb,20.0549385670387,0.404498196763153,30,1.93266390716675,43.0529308878777,639.042459653707,s57_s59_franklin_hv2_3k_20260717,s0058-signal-final-6373eb84b05fb91f,1,false,s0058-signal-final-6373eb84b05fb91f_twirl_twoap_current_adp.png,../../data_local/label_reviews/s56_s62_signal_rereview/vet_sheets_s56_s62_a2v1_current_adp_v1/s0058-signal-final-6373eb84b05fb91f_twirl_twoap_current_adp.png
58,642286447,eclipsing_binary_or_pceb,20.020865905435,0.167638636116362,30,0.638736220701486,20.8520230048714,331.2897071095,s57_s59_franklin_hv2_3k_20260717,s0058-signal-final-314aa66eb5660b04,1,false,s0058-signal-final-314aa66eb5660b04_twirl_twoap_current_adp.png,../../data_local/label_reviews/s56_s62_signal_rereview/vet_sheets_s56_s62_a2v1_current_adp_v1/s0058-signal-final-314aa66eb5660b04_twirl_twoap_current_adp.png
58,642616399,eclipsing_binary_or_pceb,18.889670475433,2.87291011497771,30,0.395144480345604,3.54161192307906,41.4466694978115,s57_s59_franklin_hv2_3k_20260717,s0058-signal-final-c964ff3381eb1597,1,false,s0058-signal-final-c964ff3381eb1597_twirl_twoap_current_adp.png,../../data_local/label_reviews/s56_s62_signal_rereview/vet_sheets_s56_s62_a2v1_current_adp_v1/s0058-signal-final-c964ff3381eb1597_twirl_twoap_current_adp.png
58,642622431,eclipsing_binary_or_pceb,18.5620395143151,2.87569456314222,30,0.144860092771609,1.29832179891118,8.55054179033284,s57_s59_franklin_hv2_3k_20260717,s0058-signal-final-31ea830320223f97,1,false,s0058-signal-final-31ea830320223f97_twirl_twoap_current_adp.png,../../data_local/label_reviews/s56_s62_signal_rereview/vet_sheets_s56_s62_a2v1_current_adp_v1/s0058-signal-final-31ea830320223f97_twirl_twoap_current_adp.png
58,642622536,eclipsing_binary_or_pceb,19.4602640197067,2.86747310158268,30,0.926801709735784,8.30656622394716,59.2199848418505,s57_s59_franklin_hv2_3k_20260717,s0058-signal-final-266ded2d3a83e5dd,1,false,s0058-signal-final-266ded2d3a83e5dd_twirl_twoap_current_adp.png,../../data_local/label_reviews/s56_s62_signal_rereview/vet_sheets_s56_s62_a2v1_current_adp_v1/s0058-signal-final-266ded2d3a83e5dd_twirl_twoap_current_adp.png
58,642885031,eclipsing_binary_or_pceb,19.3240958887595,1.27909045168611,30,0.685325163518853,8.65047960960182,90.9489856253362,s57_s59_franklin_hv2_3k_20260717,s0058-signal-final-43fca08b4d432f49,1,false,s0058-signal-final-43fca08b4d432f49_twirl_twoap_current_adp.png,../../data_local/label_reviews/s56_s62_signal_rereview/vet_sheets_s56_s62_a2v1_current_adp_v1/s0058-signal-final-43fca08b4d432f49_twirl_twoap_current_adp.png
58,643880419,eclipsing_binary_or_pceb,19.6572444773881,0.491179219638188,30,0.265854817666888,5.23638039209492,46.8024545575613,s57_s59_franklin_hv2_3k_20260717,s0058-signal-final-1605ab5ad9d715a9,1,false,s0058-signal-final-1605ab5ad9d715a9_twirl_twoap_current_adp.png,../../data_local/label_reviews/s56_s62_signal_rereview/vet_sheets_s56_s62_a2v1_current_adp_v1/s0058-signal-final-1605ab5ad9d715a9_twirl_twoap_current_adp.png
58,644580719,eclipsing_binary_or_pceb,20.0829591460502,0.533460522114665,30,0.378485313247091,7.38082242257689,29.4462636089316,s57_s59_franklin_hv2_3k_20260717,s0058-signal-final-05c0542ebaa33b7f,1,false,s0058-signal-final-05c0542ebaa33b7f_twirl_twoap_current_adp.png,../../data_local/label_reviews/s56_s62_signal_rereview/vet_sheets_s56_s62_a2v1_current_adp_v1/s0058-signal-final-05c0542ebaa33b7f_twirl_twoap_current_adp.png
58,644684679,eclipsing_binary_or_pceb,19.8966520639978,0.374562842507248,30,1.79345682928745,40.7819579585262,476.468848433374,s57_s59_franklin_hv2_3k_20260717,s0058-signal-final-32490133acc48403,1,false,s0058-signal-final-32490133acc48403_twirl_twoap_current_adp.png,../../data_local/label_reviews/s56_s62_signal_rereview/vet_sheets_s56_s62_a2v1_current_adp_v1/s0058-signal-final-32490133acc48403_twirl_twoap_current_adp.png
58,644705378,eclipsing_binary_or_pceb,18.2222222771228,4.06229089274317,30,0.393382489316741,2.6330653048851,31.7014469496717,s57_s59_franklin_hv2_3k_20260717,s0058-signal-final-ed4fbbcd5fd77986,1,false,s0058-signal-final-ed4fbbcd5fd77986_twirl_twoap_current_adp.png,../../data_local/label_reviews/s56_s62_signal_rereview/vet_sheets_s56_s62_a2v1_current_adp_v1/s0058-signal-final-ed4fbbcd5fd77986_twirl_twoap_current_adp.png
58,644751799,eclipsing_binary_or_pceb,19.7080822031774,0.530954927847809,30,0.329856110635478,6.50551051308996,41.9597378249655,s57_s59_franklin_hv2_3k_20260717,s0058-signal-final-7e3d538fe43df8bc,1,false,s0058-signal-final-7e3d538fe43df8bc_twirl_twoap_current_adp.png,../../data_local/label_reviews/s56_s62_signal_rereview/vet_sheets_s56_s62_a2v1_current_adp_v1/s0058-signal-final-7e3d538fe43df8bc_twirl_twoap_current_adp.png
58,644862464,eclipsing_binary_or_pceb,19.1895707633972,0.659912423024173,30,0.17241848959892,2.97984173652527,9.56346363167639,s57_s59_franklin_hv2_3k_20260717,s0058-signal-final-fe9d1409dda7a922,1,false,s0058-signal-final-fe9d1409dda7a922_twirl_twoap_current_adp.png,../../data_local/label_reviews/s56_s62_signal_rereview/vet_sheets_s56_s62_a2v1_current_adp_v1/s0058-signal-final-fe9d1409dda7a922_twirl_twoap_current_adp.png
58,645472306,eclipsing_binary_or_pceb,19.0812678387305,0.31893775656438,30,0.381119171458661,9.51172449676293,64.7284434246801,s57_s59_franklin_hv2_3k_20260717,s0058-signal-final-a68bb722b8322ced,1,false,s0058-signal-final-a68bb722b8322ced_twirl_twoap_current_adp.png,../../data_local/label_reviews/s56_s62_signal_rereview/vet_sheets_s56_s62_a2v1_current_adp_v1/s0058-signal-final-a68bb722b8322ced_twirl_twoap_current_adp.png
58,646009434,eclipsing_binary_or_pceb,19.9097422251184,0.646962223491168,30,0.353886167573454,6.26693643401686,33.1397941769262,s57_s59_franklin_hv2_3k_20260717,s0058-signal-final-30dc0b5034d8d27a,1,false,s0058-signal-final-30dc0b5034d8d27a_twirl_twoap_current_adp.png,../../data_local/label_reviews/s56_s62_signal_rereview/vet_sheets_s56_s62_a2v1_current_adp_v1/s0058-signal-final-30dc0b5034d8d27a_twirl_twoap_current_adp.png
58,646137916,eclipsing_binary_or_pceb,19.721247434493,1.23698609299348,30,0.20543508197706,2.66355333723323,8.00838679539993,s57_s59_franklin_hv2_3k_20260717,s0058-signal-final-eedd942bfba033b7,1,false,s0058-signal-final-eedd942bfba033b7_twirl_twoap_current_adp.png,../../data_local/label_reviews/s56_s62_signal_rereview/vet_sheets_s56_s62_a2v1_current_adp_v1/s0058-signal-final-eedd942bfba033b7_twirl_twoap_current_adp.png
58,646689609,eclipsing_binary_or_pceb,19.3083178157419,3.34729026184245,30,2.4062441506196,19.0400593439245,161.108365376156,s57_s59_franklin_hv2_3k_20260717,s0058-signal-final-bd3a72f481934ff1,1,false,s0058-signal-final-bd3a72f481934ff1_twirl_twoap_current_adp.png,../../data_local/label_reviews/s56_s62_signal_rereview/vet_sheets_s56_s62_a2v1_current_adp_v1/s0058-signal-final-bd3a72f481934ff1_twirl_twoap_current_adp.png
58,646832750,eclipsing_binary_or_pceb,16.9157181085079,0.946064693273164,30,0.0611493054934379,0.906948867288315,15.509167556508,s57_s59_franklin_hv2_3k_20260717,s0058-signal-final-c726d428f2a0d896,1,false,s0058-signal-final-c726d428f2a0d896_twirl_twoap_current_adp.png,../../data_local/label_reviews/s56_s62_signal_rereview/vet_sheets_s56_s62_a2v1_current_adp_v1/s0058-signal-final-c726d428f2a0d896_twirl_twoap_current_adp.png
58,646846684,eclipsing_binary_or_pceb,20.1792023955759,0.43185890196604,30,0.244186762638997,5.25189925235988,13.1656218829098,s57_s59_franklin_hv2_3k_20260717,s0058-signal-final-0746bad8a7fad6df,1,false,s0058-signal-final-0746bad8a7fad6df_twirl_twoap_current_adp.png,../../data_local/label_reviews/s56_s62_signal_rereview/vet_sheets_s56_s62_a2v1_current_adp_v1/s0058-signal-final-0746bad8a7fad6df_twirl_twoap_current_adp.png
58,646978680,eclipsing_binary_or_pceb,20.1292887158222,1.3587966706556,30,3.16369569895908,37.6923073546053,297.708293509624,s57_s59_franklin_hv2_3k_20260717,s0058-signal-final-64e9566f3bd51864,1,false,s0058-signal-final-64e9566f3bd51864_twirl_twoap_current_adp.png,../../data_local/label_reviews/s56_s62_signal_rereview/vet_sheets_s56_s62_a2v1_current_adp_v1/s0058-signal-final-64e9566f3bd51864_twirl_twoap_current_adp.png
58,647492630,eclipsing_binary_or_pceb,19.4786429303205,0.129116277501991,30,0.271958795149278,10.0959131576963,73.2901259816903,s57_s59_franklin_hv2_3k_20260717,s0058-signal-final-8a1e9daa8385374a,1,false,s0058-signal-final-8a1e9daa8385374a_twirl_twoap_current_adp.png,../../data_local/label_reviews/s56_s62_signal_rereview/vet_sheets_s56_s62_a2v1_current_adp_v1/s0058-signal-final-8a1e9daa8385374a_twirl_twoap_current_adp.png
58,1551057455,eclipsing_binary_or_pceb,20.2703799323038,0.259402209432718,30,1.68794510529833,44.2407107108125,769.28174574549,s57_s59_franklin_hv2_3k_20260717,s0058-signal-final-59d6c26ac452a4bf,1,false,s0058-signal-final-59d6c26ac452a4bf_twirl_twoap_current_adp.png,../../data_local/label_reviews/s56_s62_signal_rereview/vet_sheets_s56_s62_a2v1_current_adp_v1/s0058-signal-final-59d6c26ac452a4bf_twirl_twoap_current_adp.png
58,1718330481,eclipsing_binary_or_pceb,18.0048347648383,0.266062042962748,30,0.148239653403958,4.02604603507184,120.851382553314,s57_s59_franklin_hv2_3k_20260717,s0058-signal-final-2ecd6a90d8b77243,1,false,s0058-signal-final-2ecd6a90d8b77243_twirl_twoap_current_adp.png,../../data_local/label_reviews/s56_s62_signal_rereview/vet_sheets_s56_s62_a2v1_current_adp_v1/s0058-signal-final-2ecd6a90d8b77243_twirl_twoap_current_adp.png
58,2023879042,eclipsing_binary_or_pceb,18.4115957097168,2.82985353048624,30,0.28748783998948,2.43077754077969,28.5944656702713,s57_s59_franklin_hv2_3k_20260717,s0058-signal-final-f165f61bdec6acef,1,false,s0058-signal-final-f165f61bdec6acef_twirl_twoap_current_adp.png,../../data_local/label_reviews/s56_s62_signal_rereview/vet_sheets_s56_s62_a2v1_current_adp_v1/s0058-signal-final-f165f61bdec6acef_twirl_twoap_current_adp.png
58,2048046432,eclipsing_binary_or_pceb,19.2241928878937,1.89312685797593,30,0.376620695959941,3.89269825776055,12.7770777750157,s57_s59_franklin_hv2_3k_20260717,s0058-signal-final-c893acd7c191389a,1,false,s0058-signal-final-c893acd7c191389a_twirl_twoap_current_adp.png,../../data_local/label_reviews/s56_s62_signal_rereview/vet_sheets_s56_s62_a2v1_current_adp_v1/s0058-signal-final-c893acd7c191389a_twirl_twoap_current_adp.png
59,403139091,eclipsing_binary_or_pceb,19.9199793747698,0.154678490550533,21,2.85636951539272,74.1009198004509,912.607797157342,s57_s59_franklin_hv2_3k_20260717,s0059-signal-final-7e44103bfa3665e6,1,false,s0059-signal-final-7e44103bfa3665e6_twirl_twoap_current_adp.png,../../data_local/label_reviews/s56_s62_signal_rereview/vet_sheets_s56_s62_a2v1_current_adp_v1/s0059-signal-final-7e44103bfa3665e6_twirl_twoap_current_adp.png
59,609628224,eclipsing_binary_or_pceb,19.6904231727159,0.558150768887691,30,0.50932949167305,8.48461131270378,30.6550149640561,s57_s59_franklin_hv2_3k_20260717,s0059-signal-final-85bcbd3963950044,1,false,s0059-signal-final-85bcbd3963950044_twirl_twoap_current_adp.png,../../data_local/label_reviews/s56_s62_signal_rereview/vet_sheets_s56_s62_a2v1_current_adp_v1/s0059-signal-final-85bcbd3963950044_twirl_twoap_current_adp.png
59,629440349,eclipsing_binary_or_pceb,18.6351283314227,0.38450017241316,30,0.111201352296308,2.31719956183675,18.7668922151661,s57_s59_franklin_hv2_3k_20260717,s0059-signal-final-d3682a2ddf299365,1,false,s0059-signal-final-d3682a2ddf299365_twirl_twoap_current_adp.png,../../data_local/label_reviews/s56_s62_signal_rereview/vet_sheets_s56_s62_a2v1_current_adp_v1/s0059-signal-final-d3682a2ddf299365_twirl_twoap_current_adp.png
59,648383509,eclipsing_binary_or_pceb,18.8593959883219,0.424490201279116,30,0.184411233920241,3.64952321104594,27.2345135981947,s57_s59_franklin_hv2_3k_20260717,s0059-signal-final-d327371a2d3fd3cb,1,false,s0059-signal-final-d327371a2d3fd3cb_twirl_twoap_current_adp.png,../../data_local/label_reviews/s56_s62_signal_rereview/vet_sheets_s56_s62_a2v1_current_adp_v1/s0059-signal-final-d327371a2d3fd3cb_twirl_twoap_current_adp.png
59,648605510,eclipsing_binary_or_pceb,19.7761340613199,1.40885201155699,30,2.13177139757531,22.5083575669594,185.931251636947,s57_s59_franklin_hv2_3k_20260717,s0059-signal-final-a3347c674b1742d0,1,false,s0059-signal-final-a3347c674b1742d0_twirl_twoap_current_adp.png,../../data_local/label_reviews/s56_s62_signal_rereview/vet_sheets_s56_s62_a2v1_current_adp_v1/s0059-signal-final-a3347c674b1742d0_twirl_twoap_current_adp.png
59,648620344,eclipsing_binary_or_pceb,19.2916187656095,0.587784372554221,30,0.727499299700443,12.492627083359,142.583132109026,s57_s59_franklin_hv2_3k_20260717,s0059-signal-final-d77481798f331b9d,1,false,s0059-signal-final-d77481798f331b9d_twirl_twoap_current_adp.png,../../data_local/label_reviews/s56_s62_signal_rereview/vet_sheets_s56_s62_a2v1_current_adp_v1/s0059-signal-final-d77481798f331b9d_twirl_twoap_current_adp.png
59,649146878,eclipsing_binary_or_pceb,20.1857683104129,0.421683882259982,30,0.376616465983037,7.47197129536746,27.1427749113188,s57_s59_franklin_hv2_3k_20260717,s0059-signal-final-fca0765d028c3656,1,false,s0059-signal-final-fca0765d028c3656_twirl_twoap_current_adp.png,../../data_local/label_reviews/s56_s62_signal_rereview/vet_sheets_s56_s62_a2v1_current_adp_v1/s0059-signal-final-fca0765d028c3656_twirl_twoap_current_adp.png
59,649284153,eclipsing_binary_or_pceb,19.9163499681028,2.17167229250617,30,1.43318715776521,13.5246073245326,90.3688647837015,s57_s59_franklin_hv2_3k_20260717,s0059-signal-final-63860e3bec196881,1,false,s0059-signal-final-63860e3bec196881_twirl_twoap_current_adp.png,../../data_local/label_reviews/s56_s62_signal_rereview/vet_sheets_s56_s62_a2v1_current_adp_v1/s0059-signal-final-63860e3bec196881_twirl_twoap_current_adp.png
59,661502958,eclipsing_binary_or_pceb,20.3496899911087,2.02804147471273,30,1.23735487112866,11.6719198637103,146.856258737926,s57_s59_franklin_hv2_3k_20260717,s0059-signal-final-5d8f8ef02f4950f3,1,false,s0059-signal-final-5d8f8ef02f4950f3_twirl_twoap_current_adp.png,../../data_local/label_reviews/s56_s62_signal_rereview/vet_sheets_s56_s62_a2v1_current_adp_v1/s0059-signal-final-5d8f8ef02f4950f3_twirl_twoap_current_adp.png
59,662055448,eclipsing_binary_or_pceb,19.6182537584941,1.19235400047717,30,0.408923655860083,4.55190215025191,9.25012280100848,s57_s59_franklin_hv2_3k_20260717,s0059-signal-final-bb09e6e5a771c0bc,1,false,s0059-signal-final-bb09e6e5a771c0bc_twirl_twoap_current_adp.png,../../data_local/label_reviews/s56_s62_signal_rereview/vet_sheets_s56_s62_a2v1_current_adp_v1/s0059-signal-final-bb09e6e5a771c0bc_twirl_twoap_current_adp.png
59,665843011,eclipsing_binary_or_pceb,19.370079310018,0.621841538388683,30,7.07679834462082,115.995839480593,647.14882130173,s57_s59_franklin_hv2_3k_20260717,s0059-signal-final-b0a3283919adcd72,1,false,s0059-signal-final-b0a3283919adcd72_twirl_twoap_current_adp.png,../../data_local/label_reviews/s56_s62_signal_rereview/vet_sheets_s56_s62_a2v1_current_adp_v1/s0059-signal-final-b0a3283919adcd72_twirl_twoap_current_adp.png
59,665985085,eclipsing_binary_or_pceb,17.7893600887676,0.664171119964398,30,0.0932764944321502,1.45799507431126,8.94497488182021,s57_s59_franklin_hv2_3k_20260717,s0059-signal-final-0568125c219abd3c,1,false,s0059-signal-final-0568125c219abd3c_twirl_twoap_current_adp.png,../../data_local/label_reviews/s56_s62_signal_rereview/vet_sheets_s56_s62_a2v1_current_adp_v1/s0059-signal-final-0568125c219abd3c_twirl_twoap_current_adp.png
59,666320448,eclipsing_binary_or_pceb,16.8980808312759,0.512415986175092,30,0.0397812067231972,0.711209392384255,11.1951928450508,s57_s59_franklin_hv2_3k_20260717,s0059-signal-final-50720e0e24a9db46,1,false,s0059-signal-final-50720e0e24a9db46_twirl_twoap_current_adp.png,../../data_local/label_reviews/s56_s62_signal_rereview/vet_sheets_s56_s62_a2v1_current_adp_v1/s0059-signal-final-50720e0e24a9db46_twirl_twoap_current_adp.png
59,666494520,eclipsing_binary_or_pceb,20.0046117924314,1.52393917380258,30,0.746583598775798,7.70522893334439,27.27215372146,s57_s59_franklin_hv2_3k_20260717,s0059-signal-final-1b264e96c99085b8,1,false,s0059-signal-final-1b264e96c99085b8_twirl_twoap_current_adp.png,../../data_local/label_reviews/s56_s62_signal_rereview/vet_sheets_s56_s62_a2v1_current_adp_v1/s0059-signal-final-1b264e96c99085b8_twirl_twoap_current_adp.png
59,666777489,eclipsing_binary_or_pceb,18.7943487923092,3.18761350164342,30,0.915188052700253,7.23476763112274,46.312753510063,s57_s59_franklin_hv2_3k_20260717,s0059-signal-final-269aa1ffa9d68f74,1,false,s0059-signal-final-269aa1ffa9d68f74_twirl_twoap_current_adp.png,../../data_local/label_reviews/s56_s62_signal_rereview/vet_sheets_s56_s62_a2v1_current_adp_v1/s0059-signal-final-269aa1ffa9d68f74_twirl_twoap_current_adp.png
59,667208729,eclipsing_binary_or_pceb,20.4418278094206,1.51983294497636,30,1.13178270173676,11.5737177702476,39.3930791174037,s57_s59_franklin_hv2_3k_20260717,s0059-signal-final-e13774d7cc8675f4,1,false,s0059-signal-final-e13774d7cc8675f4_twirl_twoap_current_adp.png,../../data_local/label_reviews/s56_s62_signal_rereview/vet_sheets_s56_s62_a2v1_current_adp_v1/s0059-signal-final-e13774d7cc8675f4_twirl_twoap_current_adp.png
59,668894912,eclipsing_binary_or_pceb,20.0472833007642,1.03561956206537,30,0.627320284119763,8.11915895322058,22.4721039149445,s57_s59_franklin_hv2_3k_20260717,s0059-signal-final-449fdfda72f122fc,1,false,s0059-signal-final-449fdfda72f122fc_twirl_twoap_current_adp.png,../../data_local/label_reviews/s56_s62_signal_rereview/vet_sheets_s56_s62_a2v1_current_adp_v1/s0059-signal-final-449fdfda72f122fc_twirl_twoap_current_adp.png
59,670147790,eclipsing_binary_or_pceb,20.1980739107948,1.6970527769642,30,3.9753307104046,42.7012604228715,266.471845086544,s57_s59_franklin_hv2_3k_20260717,s0059-signal-final-7e6b0fba0a4518bd,1,false,s0059-signal-final-7e6b0fba0a4518bd_twirl_twoap_current_adp.png,../../data_local/label_reviews/s56_s62_signal_rereview/vet_sheets_s56_s62_a2v1_current_adp_v1/s0059-signal-final-7e6b0fba0a4518bd_twirl_twoap_current_adp.png
59,670195700,eclipsing_binary_or_pceb,19.7397502203287,0.653093073096005,30,0.367123345341039,5.9365970291925,29.1187474889098,s57_s59_franklin_hv2_3k_20260717,s0059-signal-final-c342b87488e1f01b,1,false,s0059-signal-final-c342b87488e1f01b_twirl_twoap_current_adp.png,../../data_local/label_reviews/s56_s62_signal_rereview/vet_sheets_s56_s62_a2v1_current_adp_v1/s0059-signal-final-c342b87488e1f01b_twirl_twoap_current_adp.png
59,670806627,eclipsing_binary_or_pceb,20.8164522685713,0.395080421143309,30,0.655950787954547,13.5386491147044,62.7365062378029,s57_s59_franklin_hv2_3k_20260717,s0059-signal-final-95d2a7e646f6b272,1,false,s0059-signal-final-95d2a7e646f6b272_twirl_twoap_current_adp.png,../../data_local/label_reviews/s56_s62_signal_rereview/vet_sheets_s56_s62_a2v1_current_adp_v1/s0059-signal-final-95d2a7e646f6b272_twirl_twoap_current_adp.png
59,670901567,eclipsing_binary_or_pceb,19.2929380392512,1.06345098788926,30,0.481090015476223,6.06410568659654,22.8288793335604,s57_s59_franklin_hv2_3k_20260717,s0059-signal-final-3387e5d41101db70,1,false,s0059-signal-final-3387e5d41101db70_twirl_twoap_current_adp.png,../../data_local/label_reviews/s56_s62_signal_rereview/vet_sheets_s56_s62_a2v1_current_adp_v1/s0059-signal-final-3387e5d41101db70_twirl_twoap_current_adp.png
59,700166885,eclipsing_binary_or_pceb,20.231001711248,0.812647610582408,30,0.409462343167607,5.81983960762676,254.845558796656,s57_s59_franklin_hv2_3k_20260717,s0059-signal-final-bf65c274438fbc82,1,false,s0059-signal-final-bf65c274438fbc82_twirl_twoap_current_adp.png,../../data_local/label_reviews/s56_s62_signal_rereview/vet_sheets_s56_s62_a2v1_current_adp_v1/s0059-signal-final-bf65c274438fbc82_twirl_twoap_current_adp.png
59,700779647,eclipsing_binary_or_pceb,20.2583571342989,1.69667849700592,30,0.56974983226103,6.1217325812835,14.1869387233918,s57_s59_franklin_hv2_3k_20260717,s0059-signal-final-8f0bd94b45cb85a4,1,false,s0059-signal-final-8f0bd94b45cb85a4_twirl_twoap_current_adp.png,../../data_local/label_reviews/s56_s62_signal_rereview/vet_sheets_s56_s62_a2v1_current_adp_v1/s0059-signal-final-8f0bd94b45cb85a4_twirl_twoap_current_adp.png
59,700780418,eclipsing_binary_or_pceb,17.4801897987593,2.5819646710405,30,5.03183367025208,42.5214583067506,363.5259950526,s57_s59_franklin_hv2_3k_20260717,s0059-signal-final-fc40e6672b8aab94,1,false,s0059-signal-final-fc40e6672b8aab94_twirl_twoap_current_adp.png,../../data_local/label_reviews/s56_s62_signal_rereview/vet_sheets_s56_s62_a2v1_current_adp_v1/s0059-signal-final-fc40e6672b8aab94_twirl_twoap_current_adp.png
59,701273852,eclipsing_binary_or_pceb,18.5667767722303,0.43142003998532,30,0.440832521474904,8.69288419358519,252.397516134774,s57_s59_franklin_hv2_3k_20260717,s0059-signal-final-75ecb27a58d0632a,1,false,s0059-signal-final-75ecb27a58d0632a_twirl_twoap_current_adp.png,../../data_local/label_reviews/s56_s62_signal_rereview/vet_sheets_s56_s62_a2v1_current_adp_v1/s0059-signal-final-75ecb27a58d0632a_twirl_twoap_current_adp.png
59,701679826,eclipsing_binary_or_pceb,20.1838439701591,0.803396723269315,30,0.758381860521581,11.2250316186418,44.659459259233,s57_s59_franklin_hv2_3k_20260717,s0059-signal-final-0d890a9228344634,1,false,s0059-signal-final-0d890a9228344634_twirl_twoap_current_adp.png,../../data_local/label_reviews/s56_s62_signal_rereview/vet_sheets_s56_s62_a2v1_current_adp_v1/s0059-signal-final-0d890a9228344634_twirl_twoap_current_adp.png
59,702135912,eclipsing_binary_or_pceb,18.5809267995123,0.381184440445912,30,1.9648168682106,40.5504448092396,883.742782187792,s57_s59_franklin_hv2_3k_20260717,s0059-signal-final-2ebf5471821c20ed,1,false,s0059-signal-final-2ebf5471821c20ed_twirl_twoap_current_adp.png,../../data_local/label_reviews/s56_s62_signal_rereview/vet_sheets_s56_s62_a2v1_current_adp_v1/s0059-signal-final-2ebf5471821c20ed_twirl_twoap_current_adp.png
59,702337455,eclipsing_binary_or_pceb,19.3704436262528,0.453180812869314,30,0.764302329465428,14.6541067777003,124.922389351704,s57_s59_franklin_hv2_3k_20260717,s0059-signal-final-12d9f3aced3fcf1d,1,false,s0059-signal-final-12d9f3aced3fcf1d_twirl_twoap_current_adp.png,../../data_local/label_reviews/s56_s62_signal_rereview/vet_sheets_s56_s62_a2v1_current_adp_v1/s0059-signal-final-12d9f3aced3fcf1d_twirl_twoap_current_adp.png
59,703076683,eclipsing_binary_or_pceb,17.6096466919601,4.23699992176968,30,1.36271894226943,9.11763412388341,156.52881304111,s57_s59_franklin_hv2_3k_20260717,s0059-signal-final-cf49d7bb5087210e,1,false,s0059-signal-final-cf49d7bb5087210e_twirl_twoap_current_adp.png,../../data_local/label_reviews/s56_s62_signal_rereview/vet_sheets_s56_s62_a2v1_current_adp_v1/s0059-signal-final-cf49d7bb5087210e_twirl_twoap_current_adp.png
59,723058376,eclipsing_binary_or_pceb,19.6899944438945,2.48404799792462,30,1.07411932989085,9.0759809765598,66.698078018563,s57_s59_franklin_hv2_3k_20260717,s0059-signal-final-779dc0c4fd790ff2,1,false,s0059-signal-final-779dc0c4fd790ff2_twirl_twoap_current_adp.png,../../data_local/label_reviews/s56_s62_signal_rereview/vet_sheets_s56_s62_a2v1_current_adp_v1/s0059-signal-final-779dc0c4fd790ff2_twirl_twoap_current_adp.png
59,724009499,eclipsing_binary_or_pceb,20.0566891510523,1.03684412230313,30,1.29152386229614,17.5664481178978,208.107523010369,s57_s59_franklin_hv2_3k_20260717,s0059-signal-final-bc7b7cb270e72028,1,false,s0059-signal-final-bc7b7cb270e72028_twirl_twoap_current_adp.png,../../data_local/label_reviews/s56_s62_signal_rereview/vet_sheets_s56_s62_a2v1_current_adp_v1/s0059-signal-final-bc7b7cb270e72028_twirl_twoap_current_adp.png
59,1102676899,eclipsing_binary_or_pceb,20.4500699231975,0.299159390206035,30,0.204149560860603,4.82510602583617,78.1562957689377,s57_s59_franklin_hv2_3k_20260717,s0059-signal-final-ccdb56640f1fb512,1,false,s0059-signal-final-ccdb56640f1fb512_twirl_twoap_current_adp.png,../../data_local/label_reviews/s56_s62_signal_rereview/vet_sheets_s56_s62_a2v1_current_adp_v1/s0059-signal-final-ccdb56640f1fb512_twirl_twoap_current_adp.png
60,704799475,eclipsing_binary_or_pceb,20.2975180790422,5.27386516253187,30,1.53300497982156,7.94931023735972,20.2510332465522,s60_s62_tehan_hv2_3k_20260721,s0060-signal-final-19e9db9ac4d5a300,1,false,s0060-signal-final-19e9db9ac4d5a300_twirl_twoap_current_adp.png,../../data_local/label_reviews/s56_s62_signal_rereview/vet_sheets_s56_s62_a2v1_current_adp_v1/s0060-signal-final-19e9db9ac4d5a300_twirl_twoap_current_adp.png
60,705157024,eclipsing_binary_or_pceb,20.2601883116071,0.288574382235585,30,0.340199573690703,7.15708819080799,20.0006169931741,s60_s62_tehan_hv2_3k_20260721,s0060-signal-final-4c7b62d4c893eb3b,1,false,s0060-signal-final-4c7b62d4c893eb3b_twirl_twoap_current_adp.png,../../data_local/label_reviews/s56_s62_signal_rereview/vet_sheets_s56_s62_a2v1_current_adp_v1/s0060-signal-final-4c7b62d4c893eb3b_twirl_twoap_current_adp.png
60,741939749,eclipsing_binary_or_pceb,19.9564040883584,0.147946804342488,30,1.55316932320532,29.6422853072171,415.682505548013,s60_s62_tehan_hv2_3k_20260721,s0060-signal-final-c5215730033db56d,1,false,s0060-signal-final-c5215730033db56d_twirl_twoap_current_adp.png,../../data_local/label_reviews/s56_s62_signal_rereview/vet_sheets_s56_s62_a2v1_current_adp_v1/s0060-signal-final-c5215730033db56d_twirl_twoap_current_adp.png
60,743114895,eclipsing_binary_or_pceb,19.3187703929638,0.140269953790357,30,0.144838522917728,4.11100947119771,20.5527558118223,s60_s62_tehan_hv2_3k_20260721,s0060-signal-final-70e4b8945dd8202c,1,false,s0060-signal-final-70e4b8945dd8202c_twirl_twoap_current_adp.png,../../data_local/label_reviews/s56_s62_signal_rereview/vet_sheets_s56_s62_a2v1_current_adp_v1/s0060-signal-final-70e4b8945dd8202c_twirl_twoap_current_adp.png
60,743164519,eclipsing_binary_or_pceb,19.6198957142613,0.488127540261581,30,1.11200954024464,18.7407816131262,172.440879112309,s60_s62_tehan_hv2_3k_20260721,s0060-signal-final-bc46c40c3478d3e0,1,false,s0060-signal-final-bc46c40c3478d3e0_twirl_twoap_current_adp.png,../../data_local/label_reviews/s56_s62_signal_rereview/vet_sheets_s56_s62_a2v1_current_adp_v1/s0060-signal-final-bc46c40c3478d3e0_twirl_twoap_current_adp.png
60,743392977,eclipsing_binary_or_pceb,19.9859252232554,0.158552675536586,30,1.27147817717604,35.0033872441677,574.240146994533,s60_s62_tehan_hv2_3k_20260721,s0060-signal-final-62c5b5dac32eda30,1,false,s0060-signal-final-62c5b5dac32eda30_twirl_twoap_current_adp.png,../../data_local/label_reviews/s56_s62_signal_rereview/vet_sheets_s56_s62_a2v1_current_adp_v1/s0060-signal-final-62c5b5dac32eda30_twirl_twoap_current_adp.png
60,743545387,eclipsing_binary_or_pceb,17.4956589927911,0.215908230499353,30,0.339007842745842,8.32555280349786,346.246919297945,s60_s62_tehan_hv2_3k_20260721,s0060-signal-final-3a8942635db06d22,1,false,s0060-signal-final-3a8942635db06d22_twirl_twoap_current_adp.png,../../data_local/label_reviews/s56_s62_signal_rereview/vet_sheets_s56_s62_a2v1_current_adp_v1/s0060-signal-final-3a8942635db06d22_twirl_twoap_current_adp.png
60,802003397,eclipsing_binary_or_pceb,19.7994099451021,0.301290709662209,30,0.655296462168197,8.90774729452371,35.1493510901014,s60_s62_tehan_hv2_3k_20260721,s0060-signal-final-6fd864a9af9dec01,1,false,s0060-signal-final-6fd864a9af9dec01_twirl_twoap_current_adp.png,../../data_local/label_reviews/s56_s62_signal_rereview/vet_sheets_s56_s62_a2v1_current_adp_v1/s0060-signal-final-6fd864a9af9dec01_twirl_twoap_current_adp.png
60,802437291,eclipsing_binary_or_pceb,20.1458829228886,0.380410893073991,30,0.821687583265476,15.9229102167359,203.955389470654,s60_s62_tehan_hv2_3k_20260721,s0060-signal-final-e80f8b3719b41a88,1,false,s0060-signal-final-e80f8b3719b41a88_twirl_twoap_current_adp.png,../../data_local/label_reviews/s56_s62_signal_rereview/vet_sheets_s56_s62_a2v1_current_adp_v1/s0060-signal-final-e80f8b3719b41a88_twirl_twoap_current_adp.png
60,841295237,eclipsing_binary_or_pceb,19.3474200109907,1.38465590580144,30,3.44687275481161,34.0429162287406,282.713259518341,s60_s62_tehan_hv2_3k_20260721,s0060-signal-final-d6b84bf32f52de78,1,false,s0060-signal-final-d6b84bf32f52de78_twirl_twoap_current_adp.png,../../data_local/label_reviews/s56_s62_signal_rereview/vet_sheets_s56_s62_a2v1_current_adp_v1/s0060-signal-final-d6b84bf32f52de78_twirl_twoap_current_adp.png
60,841383134,eclipsing_binary_or_pceb,18.6816104751232,0.51512683267363,30,0.279018283134219,4.4176501941237,39.9182042395398,s60_s62_tehan_hv2_3k_20260721,s0060-signal-final-a9ad4139091b9b46,1,false,s0060-signal-final-a9ad4139091b9b46_twirl_twoap_current_adp.png,../../data_local/label_reviews/s56_s62_signal_rereview/vet_sheets_s56_s62_a2v1_current_adp_v1/s0060-signal-final-a9ad4139091b9b46_twirl_twoap_current_adp.png
60,900761930,eclipsing_binary_or_pceb,19.3463774616951,1.32794130028158,30,0.493910376094158,5.29568942043161,27.5251128550038,s60_s62_tehan_hv2_3k_20260721,s0060-signal-final-60992cad1a46db92,1,false,s0060-signal-final-60992cad1a46db92_twirl_twoap_current_adp.png,../../data_local/label_reviews/s56_s62_signal_rereview/vet_sheets_s56_s62_a2v1_current_adp_v1/s0060-signal-final-60992cad1a46db92_twirl_twoap_current_adp.png
60,1102585750,eclipsing_binary_or_pceb,20.0818154881006,0.964254329721782,30,6.52421399763426,79.7785795412795,339.827901836175,s60_s62_tehan_hv2_3k_20260721,s0060-signal-final-7ad6d09adbb7d239,1,false,s0060-signal-final-7ad6d09adbb7d239_twirl_twoap_current_adp.png,../../data_local/label_reviews/s56_s62_signal_rereview/vet_sheets_s56_s62_a2v1_current_adp_v1/s0060-signal-final-7ad6d09adbb7d239_twirl_twoap_current_adp.png
60,1271136955,eclipsing_binary_or_pceb,20.1015901908168,1.49641024675892,21,0.591399408523895,4.59849664716626,9.42114745433489,s60_s62_tehan_hv2_3k_20260721,s0060-signal-final-405bccf2225e97c3,1,false,s0060-signal-final-405bccf2225e97c3_twirl_twoap_current_adp.png,../../data_local/label_reviews/s56_s62_signal_rereview/vet_sheets_s56_s62_a2v1_current_adp_v1/s0060-signal-final-405bccf2225e97c3_twirl_twoap_current_adp.png
60,1271207478,eclipsing_binary_or_pceb,19.1855778812914,1.19145729554325,30,0.492688431763746,5.28320774339088,32.6614322648156,s60_s62_tehan_hv2_3k_20260721,s0060-signal-final-d7411cff8fefb772,1,false,s0060-signal-final-d7411cff8fefb772_twirl_twoap_current_adp.png,../../data_local/label_reviews/s56_s62_signal_rereview/vet_sheets_s56_s62_a2v1_current_adp_v1/s0060-signal-final-d7411cff8fefb772_twirl_twoap_current_adp.png
60,1400899528,eclipsing_binary_or_pceb,19.8334377972134,0.247244631269875,30,0.26599115467944,6.08400541374596,23.8299541321325,s60_s62_tehan_hv2_3k_20260721,s0060-signal-final-7bedf265dc2a1b7b,1,false,s0060-signal-final-7bedf265dc2a1b7b_twirl_twoap_current_adp.png,../../data_local/label_reviews/s56_s62_signal_rereview/vet_sheets_s56_s62_a2v1_current_adp_v1/s0060-signal-final-7bedf265dc2a1b7b_twirl_twoap_current_adp.png
60,1400967136,eclipsing_binary_or_pceb,20.3651648267772,0.19309860716891,30,0.451605904871598,11.4244802157642,74.6044844529558,s60_s62_tehan_hv2_3k_20260721,s0060-signal-final-7f3df3462372259f,1,false,s0060-signal-final-7f3df3462372259f_twirl_twoap_current_adp.png,../../data_local/label_reviews/s56_s62_signal_rereview/vet_sheets_s56_s62_a2v1_current_adp_v1/s0060-signal-final-7f3df3462372259f_twirl_twoap_current_adp.png
60,1717862628,eclipsing_binary_or_pceb,20.0520707040482,0.604614755872257,9,0.291512676696664,2.44308167452982,6.2404978629524,s60_s62_tehan_hv2_3k_20260721,s0060-signal-final-e6ae71594642010a,1,false,s0060-signal-final-e6ae71594642010a_twirl_twoap_current_adp.png,../../data_local/label_reviews/s56_s62_signal_rereview/vet_sheets_s56_s62_a2v1_current_adp_v1/s0060-signal-final-e6ae71594642010a_twirl_twoap_current_adp.png
60,1717903722,eclipsing_binary_or_pceb,19.8184780798704,1.85942579142492,30,0.917979593056724,8.21092364263279,43.3962747551145,s60_s62_tehan_hv2_3k_20260721,s0060-signal-final-18ea271686ff98f2,1,false,s0060-signal-final-18ea271686ff98f2_twirl_twoap_current_adp.png,../../data_local/label_reviews/s56_s62_signal_rereview/vet_sheets_s56_s62_a2v1_current_adp_v1/s0060-signal-final-18ea271686ff98f2_twirl_twoap_current_adp.png
60,1884349388,eclipsing_binary_or_pceb,20.1675961156286,0.687583018401366,30,0.291867117462449,4.04368311073879,13.1653621494084,s60_s62_tehan_hv2_3k_20260721,s0060-signal-final-492755d987014ee4,1,false,s0060-signal-final-492755d987014ee4_twirl_twoap_current_adp.png,../../data_local/label_reviews/s56_s62_signal_rereview/vet_sheets_s56_s62_a2v1_current_adp_v1/s0060-signal-final-492755d987014ee4_twirl_twoap_current_adp.png
61,19257657,eclipsing_binary_or_pceb,16.9164612701349,0.438804840468746,30,1.87726413431203,37.7686339764036,1172.37414090482,s60_s62_tehan_hv2_3k_20260721,s0061-signal-final-3d0804c38d6491af,1,false,s0061-signal-final-3d0804c38d6491af_twirl_twoap_current_adp.png,../../data_local/label_reviews/s56_s62_signal_rereview/vet_sheets_s56_s62_a2v1_current_adp_v1/s0061-signal-final-3d0804c38d6491af_twirl_twoap_current_adp.png
61,22868366,eclipsing_binary_or_pceb,15.7022563136245,2.45409940325898,30,0.113897893749198,0.962549912284375,76.7754792917189,s60_s62_tehan_hv2_3k_20260721,s0061-signal-final-504ca7cbf7238340,1,false,s0061-signal-final-504ca7cbf7238340_twirl_twoap_current_adp.png,../../data_local/label_reviews/s56_s62_signal_rereview/vet_sheets_s56_s62_a2v1_current_adp_v1/s0061-signal-final-504ca7cbf7238340_twirl_twoap_current_adp.png
61,55513753,eclipsing_binary_or_pceb,16.1289952432586,0.233945878923011,30,0.192528412992077,5.17050693157825,957.855815677932,s60_s62_tehan_hv2_3k_20260721,s0061-signal-final-ce9470435cd5679a,1,false,s0061-signal-final-ce9470435cd5679a_twirl_twoap_current_adp.png,../../data_local/label_reviews/s56_s62_signal_rereview/vet_sheets_s56_s62_a2v1_current_adp_v1/s0061-signal-final-ce9470435cd5679a_twirl_twoap_current_adp.png
61,56535396,eclipsing_binary_or_pceb,17.3308343151833,0.316148362663915,30,0.0513873320299326,1.20984374991198,33.3163621271114,s60_s62_tehan_hv2_3k_20260721,s0061-signal-final-108c5cd3f27d1a46,1,false,s0061-signal-final-108c5cd3f27d1a46_twirl_twoap_current_adp.png,../../data_local/label_reviews/s56_s62_signal_rereview/vet_sheets_s56_s62_a2v1_current_adp_v1/s0061-signal-final-108c5cd3f27d1a46_twirl_twoap_current_adp.png
61,112064333,eclipsing_binary_or_pceb,16.9877001388681,0.200816437209319,30,0.0199001603972569,0.573389519174668,23.5024093994335,s60_s62_tehan_hv2_3k_20260721,s0061-signal-final-10d5f539da737c49,1,false,s0061-signal-final-10d5f539da737c49_twirl_twoap_current_adp.png,../../data_local/label_reviews/s56_s62_signal_rereview/vet_sheets_s56_s62_a2v1_current_adp_v1/s0061-signal-final-10d5f539da737c49_twirl_twoap_current_adp.png
61,128902999,eclipsing_binary_or_pceb,15.4624278204217,1.68935067750441,30,0.152910501624245,1.5793984892926,123.78258280881,s60_s62_tehan_hv2_3k_20260721,s0061-signal-final-4d47a9134da60c16,1,false,s0061-signal-final-4d47a9134da60c16_twirl_twoap_current_adp.png,../../data_local/label_reviews/s56_s62_signal_rereview/vet_sheets_s56_s62_a2v1_current_adp_v1/s0061-signal-final-4d47a9134da60c16_twirl_twoap_current_adp.png
61,142016907,eclipsing_binary_or_pceb,17.0974734771708,2.72561432570135,30,0.185898939537264,1.57099690936249,37.5884182144846,s60_s62_tehan_hv2_3k_20260721,s0061-signal-final-671cb1dccf81d0a3,1,false,s0061-signal-final-671cb1dccf81d0a3_twirl_twoap_current_adp.png,../../data_local/label_reviews/s56_s62_signal_rereview/vet_sheets_s56_s62_a2v1_current_adp_v1/s0061-signal-final-671cb1dccf81d0a3_twirl_twoap_current_adp.png
61,143430377,eclipsing_binary_or_pceb,16.7368376020423,0.241477437854895,30,0.0506645903153644,1.34671749229138,109.976480361874,s60_s62_tehan_hv2_3k_20260721,s0061-signal-final-859b5b508e96c764,1,false,s0061-signal-final-859b5b508e96c764_twirl_twoap_current_adp.png,../../data_local/label_reviews/s56_s62_signal_rereview/vet_sheets_s56_s62_a2v1_current_adp_v1/s0061-signal-final-859b5b508e96c764_twirl_twoap_current_adp.png
61,271584681,eclipsing_binary_or_pceb,14.7513582628221,9.17016101727542,30,0.0532108878003192,0.276070699028667,63.9544957566936,s60_s62_tehan_hv2_3k_20260721,s0061-signal-final-3d744c2f92aa0318,1,false,s0061-signal-final-3d744c2f92aa0318_twirl_twoap_current_adp.png,../../data_local/label_reviews/s56_s62_signal_rereview/vet_sheets_s56_s62_a2v1_current_adp_v1/s0061-signal-final-3d744c2f92aa0318_twirl_twoap_current_adp.png
61,437212326,eclipsing_binary_or_pceb,17.0954661004889,0.219479710146865,30,0.0772746098285197,2.12763443512216,175.120785724976,s60_s62_tehan_hv2_3k_20260721,s0061-signal-final-73f95c1feca963a9,1,false,s0061-signal-final-73f95c1feca963a9_twirl_twoap_current_adp.png,../../data_local/label_reviews/s56_s62_signal_rereview/vet_sheets_s56_s62_a2v1_current_adp_v1/s0061-signal-final-73f95c1feca963a9_twirl_twoap_current_adp.png
61,455206965,eclipsing_binary_or_pceb,15.4248002403694,0.192489976929823,12,0.247484351844899,4.77950866837163,1350.8585311378,s60_s62_tehan_hv2_3k_20260721,s0061-signal-final-231b0684c12a0ebd,1,false,s0061-signal-final-231b0684c12a0ebd_twirl_twoap_current_adp.png,../../data_local/label_reviews/s56_s62_signal_rereview/vet_sheets_s56_s62_a2v1_current_adp_v1/s0061-signal-final-231b0684c12a0ebd_twirl_twoap_current_adp.png
61,675192224,eclipsing_binary_or_pceb,19.1638537816217,1.4122951678754,30,0.406815952326121,4.53412357783167,25.2465183099756,s60_s62_tehan_hv2_3k_20260721,s0061-signal-final-37f9ead61eb94fed,1,false,s0061-signal-final-37f9ead61eb94fed_twirl_twoap_current_adp.png,../../data_local/label_reviews/s56_s62_signal_rereview/vet_sheets_s56_s62_a2v1_current_adp_v1/s0061-signal-final-37f9ead61eb94fed_twirl_twoap_current_adp.png
61,676364537,eclipsing_binary_or_pceb,18.42767682542,0.928896249141584,30,0.475007060087269,6.74966241852123,102.967708804721,s60_s62_tehan_hv2_3k_20260721,s0061-signal-final-3d441763a4c3e53e,1,false,s0061-signal-final-3d441763a4c3e53e_twirl_twoap_current_adp.png,../../data_local/label_reviews/s56_s62_signal_rereview/vet_sheets_s56_s62_a2v1_current_adp_v1/s0061-signal-final-3d441763a4c3e53e_twirl_twoap_current_adp.png
61,677619167,eclipsing_binary_or_pceb,19.6703782427534,0.203264078672565,30,0.259147897737491,7.20980579956935,33.1812232927778,s60_s62_tehan_hv2_3k_20260721,s0061-signal-final-028a0e59117d43d9,1,false,s0061-signal-final-028a0e59117d43d9_twirl_twoap_current_adp.png,../../data_local/label_reviews/s56_s62_signal_rereview/vet_sheets_s56_s62_a2v1_current_adp_v1/s0061-signal-final-028a0e59117d43d9_twirl_twoap_current_adp.png
61,678090148,eclipsing_binary_or_pceb,18.7750379700217,0.470743229400354,30,0.933591729745961,17.7388907674721,436.337828437679,s60_s62_tehan_hv2_3k_20260721,s0061-signal-final-819d3385a404c8ed,1,false,s0061-signal-final-819d3385a404c8ed_twirl_twoap_current_adp.png,../../data_local/label_reviews/s56_s62_signal_rereview/vet_sheets_s56_s62_a2v1_current_adp_v1/s0061-signal-final-819d3385a404c8ed_twirl_twoap_current_adp.png
61,678252865,eclipsing_binary_or_pceb,18.9699327979967,2.45710359408143,30,0.348952242562665,2.75925160979872,23.9838374691264,s60_s62_tehan_hv2_3k_20260721,s0061-signal-final-3e6101a6a755e577,1,false,s0061-signal-final-3e6101a6a755e577_twirl_twoap_current_adp.png,../../data_local/label_reviews/s56_s62_signal_rereview/vet_sheets_s56_s62_a2v1_current_adp_v1/s0061-signal-final-3e6101a6a755e577_twirl_twoap_current_adp.png
61,679080391,eclipsing_binary_or_pceb,18.8783739592074,3.90312665693149,30,0.647432565639334,4.33162501836714,27.9452738580153,s60_s62_tehan_hv2_3k_20260721,s0061-signal-final-8fa57dd423c62380,1,false,s0061-signal-final-8fa57dd423c62380_twirl_twoap_current_adp.png,../../data_local/label_reviews/s56_s62_signal_rereview/vet_sheets_s56_s62_a2v1_current_adp_v1/s0061-signal-final-8fa57dd423c62380_twirl_twoap_current_adp.png
61,680445370,eclipsing_binary_or_pceb,19.6401573378774,2.00851777462937,30,4.72671750279403,46.766932410674,641.945149515124,s60_s62_tehan_hv2_3k_20260721,s0061-signal-final-e3fb1734f61c445b,1,false,s0061-signal-final-e3fb1734f61c445b_twirl_twoap_current_adp.png,../../data_local/label_reviews/s56_s62_signal_rereview/vet_sheets_s56_s62_a2v1_current_adp_v1/s0061-signal-final-e3fb1734f61c445b_twirl_twoap_current_adp.png
61,681966864,eclipsing_binary_or_pceb,19.7175593059124,0.155681551321284,30,0.0950165277682092,3.0378538647691,7.51169633314285,s60_s62_tehan_hv2_3k_20260721,s0061-signal-final-676b083c63d8ed15,1,false,s0061-signal-final-676b083c63d8ed15_twirl_twoap_current_adp.png,../../data_local/label_reviews/s56_s62_signal_rereview/vet_sheets_s56_s62_a2v1_current_adp_v1/s0061-signal-final-676b083c63d8ed15_twirl_twoap_current_adp.png
61,682160557,eclipsing_binary_or_pceb,18.5673228686079,4.19204420291261,30,0.66421009456787,4.86604400919548,22.1272175478687,s60_s62_tehan_hv2_3k_20260721,s0061-signal-final-a51036a5ea7483a7,1,false,s0061-signal-final-a51036a5ea7483a7_twirl_twoap_current_adp.png,../../data_local/label_reviews/s56_s62_signal_rereview/vet_sheets_s56_s62_a2v1_current_adp_v1/s0061-signal-final-a51036a5ea7483a7_twirl_twoap_current_adp.png
61,724157567,eclipsing_binary_or_pceb,19.5334097566699,0.189271433302217,30,0.950779005612537,28.0923104321706,532.811011756167,s60_s62_tehan_hv2_3k_20260721,s0061-signal-final-1ba34ed163533c34,1,false,s0061-signal-final-1ba34ed163533c34_twirl_twoap_current_adp.png,../../data_local/label_reviews/s56_s62_signal_rereview/vet_sheets_s56_s62_a2v1_current_adp_v1/s0061-signal-final-1ba34ed163533c34_twirl_twoap_current_adp.png
61,724468847,eclipsing_binary_or_pceb,18.9848352290747,0.146802819809814,30,1.46571190990991,48.1966683524394,1758.15759542736,s60_s62_tehan_hv2_3k_20260721,s0061-signal-final-5b634913b63b0e85,1,false,s0061-signal-final-5b634913b63b0e85_twirl_twoap_current_adp.png,../../data_local/label_reviews/s56_s62_signal_rereview/vet_sheets_s56_s62_a2v1_current_adp_v1/s0061-signal-final-5b634913b63b0e85_twirl_twoap_current_adp.png
61,725686978,eclipsing_binary_or_pceb,18.5485795603158,0.639930437237564,30,0.320681174727475,5.35330290938951,91.2205757661499,s60_s62_tehan_hv2_3k_20260721,s0061-signal-final-003efa0eb3faa11d,1,false,s0061-signal-final-003efa0eb3faa11d_twirl_twoap_current_adp.png,../../data_local/label_reviews/s56_s62_signal_rereview/vet_sheets_s56_s62_a2v1_current_adp_v1/s0061-signal-final-003efa0eb3faa11d_twirl_twoap_current_adp.png
61,725742270,eclipsing_binary_or_pceb,18.6183397339412,0.639795516988458,30,0.128244377899574,2.14084818097319,14.6019328289049,s60_s62_tehan_hv2_3k_20260721,s0061-signal-final-67a88af1ac5b2fd5,1,false,s0061-signal-final-67a88af1ac5b2fd5_twirl_twoap_current_adp.png,../../data_local/label_reviews/s56_s62_signal_rereview/vet_sheets_s56_s62_a2v1_current_adp_v1/s0061-signal-final-67a88af1ac5b2fd5_twirl_twoap_current_adp.png
61,726554203,eclipsing_binary_or_pceb,18.7146240326317,0.851653257455066,30,4.56559987198092,66.2797890061429,840.670325756737,s60_s62_tehan_hv2_3k_20260721,s0061-signal-final-c57b46fd157012cf,1,false,s0061-signal-final-c57b46fd157012cf_twirl_twoap_current_adp.png,../../data_local/label_reviews/s56_s62_signal_rereview/vet_sheets_s56_s62_a2v1_current_adp_v1/s0061-signal-final-c57b46fd157012cf_twirl_twoap_current_adp.png
61,728216941,eclipsing_binary_or_pceb,18.829880456357,0.941971987316953,30,1.28881334887746,17.9313574595746,178.432186607232,s60_s62_tehan_hv2_3k_20260721,s0061-signal-final-b7fcf033966fb7da,1,false,s0061-signal-final-b7fcf033966fb7da_twirl_twoap_current_adp.png,../../data_local/label_reviews/s56_s62_signal_rereview/vet_sheets_s56_s62_a2v1_current_adp_v1/s0061-signal-final-b7fcf033966fb7da_twirl_twoap_current_adp.png
61,729406345,eclipsing_binary_or_pceb,19.3456409414623,0.261483173159158,15,5.51559458656064,103.58906822685,1157.70011525292,s60_s62_tehan_hv2_3k_20260721,s0061-signal-final-48058aaa5a3bc494,1,false,s0061-signal-final-48058aaa5a3bc494_twirl_twoap_current_adp.png,../../data_local/label_reviews/s56_s62_signal_rereview/vet_sheets_s56_s62_a2v1_current_adp_v1/s0061-signal-final-48058aaa5a3bc494_twirl_twoap_current_adp.png
61,729407634,eclipsing_binary_or_pceb,19.4945843693256,0.261483173101516,15,2.44529236578002,45.9256763086212,666.423571691961,s60_s62_tehan_hv2_3k_20260721,s0061-signal-final-40fd067d87f0aaad,1,false,s0061-signal-final-40fd067d87f0aaad_twirl_twoap_current_adp.png,../../data_local/label_reviews/s56_s62_signal_rereview/vet_sheets_s56_s62_a2v1_current_adp_v1/s0061-signal-final-40fd067d87f0aaad_twirl_twoap_current_adp.png
61,730393651,eclipsing_binary_or_pceb,17.9106127292828,0.680813687010097,30,0.280588220792643,4.39051467152818,127.452514920234,s60_s62_tehan_hv2_3k_20260721,s0061-signal-final-5100842b9336aded,1,false,s0061-signal-final-5100842b9336aded_twirl_twoap_current_adp.png,../../data_local/label_reviews/s56_s62_signal_rereview/vet_sheets_s56_s62_a2v1_current_adp_v1/s0061-signal-final-5100842b9336aded_twirl_twoap_current_adp.png
61,732299551,eclipsing_binary_or_pceb,17.5498048856665,0.977684789636202,30,0.374051384349277,4.96725677965714,68.1742274043004,s60_s62_tehan_hv2_3k_20260721,s0061-signal-final-07c2359b88e0cec2,1,false,s0061-signal-final-07c2359b88e0cec2_twirl_twoap_current_adp.png,../../data_local/label_reviews/s56_s62_signal_rereview/vet_sheets_s56_s62_a2v1_current_adp_v1/s0061-signal-final-07c2359b88e0cec2_twirl_twoap_current_adp.png
61,734554445,eclipsing_binary_or_pceb,18.6692558160983,0.227305814685284,30,0.170345833844033,4.63173934494497,91.9666369626802,s60_s62_tehan_hv2_3k_20260721,s0061-signal-final-06393eb7884da781,1,false,s0061-signal-final-06393eb7884da781_twirl_twoap_current_adp.png,../../data_local/label_reviews/s56_s62_signal_rereview/vet_sheets_s56_s62_a2v1_current_adp_v1/s0061-signal-final-06393eb7884da781_twirl_twoap_current_adp.png
61,735966989,eclipsing_binary_or_pceb,18.2614659577031,0.196564087931193,30,1.09887095423134,31.9346068284573,1071.75352257677,s60_s62_tehan_hv2_3k_20260721,s0061-signal-final-a6bb8262641c7937,1,false,s0061-signal-final-a6bb8262641c7937_twirl_twoap_current_adp.png,../../data_local/label_reviews/s56_s62_signal_rereview/vet_sheets_s56_s62_a2v1_current_adp_v1/s0061-signal-final-a6bb8262641c7937_twirl_twoap_current_adp.png
61,737369725,eclipsing_binary_or_pceb,19.8755947573852,0.547883383635698,30,0.451639377807753,8.0855491210474,50.3831398741419,s60_s62_tehan_hv2_3k_20260721,s0061-signal-final-77d90056d62350cf,1,false,s0061-signal-final-77d90056d62350cf_twirl_twoap_current_adp.png,../../data_local/label_reviews/s56_s62_signal_rereview/vet_sheets_s56_s62_a2v1_current_adp_v1/s0061-signal-final-77d90056d62350cf_twirl_twoap_current_adp.png
61,737375112,eclipsing_binary_or_pceb,20.0481751730202,1.09248295026075,30,8.30097819207835,107.499140149897,860.767368609441,s60_s62_tehan_hv2_3k_20260721,s0061-signal-final-a8411a4c5e70d68a,1,false,s0061-signal-final-a8411a4c5e70d68a_twirl_twoap_current_adp.png,../../data_local/label_reviews/s56_s62_signal_rereview/vet_sheets_s56_s62_a2v1_current_adp_v1/s0061-signal-final-a8411a4c5e70d68a_twirl_twoap_current_adp.png
61,737614837,eclipsing_binary_or_pceb,18.0040979870184,3.19550888202949,30,0.538798677650418,3.94731302217661,71.4359662034708,s60_s62_tehan_hv2_3k_20260721,s0061-signal-final-f9057c5fe170464e,1,false,s0061-signal-final-f9057c5fe170464e_twirl_twoap_current_adp.png,../../data_local/label_reviews/s56_s62_signal_rereview/vet_sheets_s56_s62_a2v1_current_adp_v1/s0061-signal-final-f9057c5fe170464e_twirl_twoap_current_adp.png
61,748827685,eclipsing_binary_or_pceb,19.8373509679966,2.25588105025223,30,2.42830829366391,22.9207431566939,160.65398736248,s60_s62_tehan_hv2_3k_20260721,s0061-signal-final-27bd6dd4cbda1597,1,false,s0061-signal-final-27bd6dd4cbda1597_twirl_twoap_current_adp.png,../../data_local/label_reviews/s56_s62_signal_rereview/vet_sheets_s56_s62_a2v1_current_adp_v1/s0061-signal-final-27bd6dd4cbda1597_twirl_twoap_current_adp.png
61,750023720,eclipsing_binary_or_pceb,20.0389509079023,0.672677150925963,30,0.524342272531494,8.75392933701052,30.8271649086932,s60_s62_tehan_hv2_3k_20260721,s0061-signal-final-947d90c2ed7fbbac,1,false,s0061-signal-final-947d90c2ed7fbbac_twirl_twoap_current_adp.png,../../data_local/label_reviews/s56_s62_signal_rereview/vet_sheets_s56_s62_a2v1_current_adp_v1/s0061-signal-final-947d90c2ed7fbbac_twirl_twoap_current_adp.png
61,753916356,eclipsing_binary_or_pceb,18.1421132526633,2.43215498359546,30,2.47653736578383,23.3764789430604,534.668824536527,s60_s62_tehan_hv2_3k_20260721,s0061-signal-final-b5484a33a3fecc6d,1,false,s0061-signal-final-b5484a33a3fecc6d_twirl_twoap_current_adp.png,../../data_local/label_reviews/s56_s62_signal_rereview/vet_sheets_s56_s62_a2v1_current_adp_v1/s0061-signal-final-b5484a33a3fecc6d_twirl_twoap_current_adp.png
61,754901399,eclipsing_binary_or_pceb,19.7653499698526,2.23040747106647,30,10.0742297095136,90.2546268067931,776.410550756868,s60_s62_tehan_hv2_3k_20260721,s0061-signal-final-c4a3594622fbd43d,1,false,s0061-signal-final-c4a3594622fbd43d_twirl_twoap_current_adp.png,../../data_local/label_reviews/s56_s62_signal_rereview/vet_sheets_s56_s62_a2v1_current_adp_v1/s0061-signal-final-c4a3594622fbd43d_twirl_twoap_current_adp.png
61,754909172,eclipsing_binary_or_pceb,19.5911911237424,0.166467633280363,30,0.92324973693816,28.9607354027064,574.152178016458,s60_s62_tehan_hv2_3k_20260721,s0061-signal-final-183f22f71a037cba,1,false,s0061-signal-final-183f22f71a037cba_twirl_twoap_current_adp.png,../../data_local/label_reviews/s56_s62_signal_rereview/vet_sheets_s56_s62_a2v1_current_adp_v1/s0061-signal-final-183f22f71a037cba_twirl_twoap_current_adp.png
61,755101784,eclipsing_binary_or_pceb,19.6679524090454,0.429920657814888,30,0.504927047704075,10.2392239246367,99.035478062063,s60_s62_tehan_hv2_3k_20260721,s0061-signal-final-e8f33bc304591362,1,false,s0061-signal-final-e8f33bc304591362_twirl_twoap_current_adp.png,../../data_local/label_reviews/s56_s62_signal_rereview/vet_sheets_s56_s62_a2v1_current_adp_v1/s0061-signal-final-e8f33bc304591362_twirl_twoap_current_adp.png
61,755183490,eclipsing_binary_or_pceb,19.8560627018984,0.686392537817491,30,0.748069677987171,12.4904580778572,101.061213774413,s60_s62_tehan_hv2_3k_20260721,s0061-signal-final-baf36e3f9a00994d,1,false,s0061-signal-final-baf36e3f9a00994d_twirl_twoap_current_adp.png,../../data_local/label_reviews/s56_s62_signal_rereview/vet_sheets_s56_s62_a2v1_current_adp_v1/s0061-signal-final-baf36e3f9a00994d_twirl_twoap_current_adp.png
61,760316175,eclipsing_binary_or_pceb,18.9050475254324,1.29141909927587,30,0.421943078692981,5.02293986613336,86.4927382150305,s60_s62_tehan_hv2_3k_20260721,s0061-signal-final-90f99b02ddb30a5b,1,false,s0061-signal-final-90f99b02ddb30a5b_twirl_twoap_current_adp.png,../../data_local/label_reviews/s56_s62_signal_rereview/vet_sheets_s56_s62_a2v1_current_adp_v1/s0061-signal-final-90f99b02ddb30a5b_twirl_twoap_current_adp.png
61,765297253,eclipsing_binary_or_pceb,20.0737805951734,0.288578049406696,30,0.321042031613489,7.81824111849264,59.1686337075095,s60_s62_tehan_hv2_3k_20260721,s0061-signal-final-6bad1eb4dff1bf9d,1,false,s0061-signal-final-6bad1eb4dff1bf9d_twirl_twoap_current_adp.png,../../data_local/label_reviews/s56_s62_signal_rereview/vet_sheets_s56_s62_a2v1_current_adp_v1/s0061-signal-final-6bad1eb4dff1bf9d_twirl_twoap_current_adp.png
61,765641178,eclipsing_binary_or_pceb,20.1783648053414,0.519791440358074,30,0.201704528648553,3.70362366909645,9.21187114605168,s60_s62_tehan_hv2_3k_20260721,s0061-signal-final-b1aa74af1251047f,1,false,s0061-signal-final-b1aa74af1251047f_twirl_twoap_current_adp.png,../../data_local/label_reviews/s56_s62_signal_rereview/vet_sheets_s56_s62_a2v1_current_adp_v1/s0061-signal-final-b1aa74af1251047f_twirl_twoap_current_adp.png
61,765650347,eclipsing_binary_or_pceb,20.2387654904034,0.204192368019889,30,0.357563089821044,10.2023502959918,105.068511269917,s60_s62_tehan_hv2_3k_20260721,s0061-signal-final-acc3857afb2d8908,1,false,s0061-signal-final-acc3857afb2d8908_twirl_twoap_current_adp.png,../../data_local/label_reviews/s56_s62_signal_rereview/vet_sheets_s56_s62_a2v1_current_adp_v1/s0061-signal-final-acc3857afb2d8908_twirl_twoap_current_adp.png
61,765799722,eclipsing_binary_or_pceb,20.0728858743703,0.167785822901014,30,1.24851295385782,38.7428165367979,1166.32611353814,s60_s62_tehan_hv2_3k_20260721,s0061-signal-final-4727d8db18bd68fe,1,false,s0061-signal-final-4727d8db18bd68fe_twirl_twoap_current_adp.png,../../data_local/label_reviews/s56_s62_signal_rereview/vet_sheets_s56_s62_a2v1_current_adp_v1/s0061-signal-final-4727d8db18bd68fe_twirl_twoap_current_adp.png
61,765868208,eclipsing_binary_or_pceb,19.3379711976132,0.950464854647512,30,1.20945041354793,16.8286620859195,230.884425876184,s60_s62_tehan_hv2_3k_20260721,s0061-signal-final-abbd45abaa8131d8,1,false,s0061-signal-final-abbd45abaa8131d8_twirl_twoap_current_adp.png,../../data_local/label_reviews/s56_s62_signal_rereview/vet_sheets_s56_s62_a2v1_current_adp_v1/s0061-signal-final-abbd45abaa8131d8_twirl_twoap_current_adp.png
61,766400219,eclipsing_binary_or_pceb,20.5367107080371,1.06391936538319,30,0.713377919060316,8.98963603535879,121.085362682212,s60_s62_tehan_hv2_3k_20260721,s0061-signal-final-b582b6d91221676e,1,false,s0061-signal-final-b582b6d91221676e_twirl_twoap_current_adp.png,../../data_local/label_reviews/s56_s62_signal_rereview/vet_sheets_s56_s62_a2v1_current_adp_v1/s0061-signal-final-b582b6d91221676e_twirl_twoap_current_adp.png
61,766448206,eclipsing_binary_or_pceb,19.9634169135384,2.10474619090912,30,0.629392314686582,5.94072736478155,17.1516103167368,s60_s62_tehan_hv2_3k_20260721,s0061-signal-final-20645940e8538c46,1,false,s0061-signal-final-20645940e8538c46_twirl_twoap_current_adp.png,../../data_local/label_reviews/s56_s62_signal_rereview/vet_sheets_s56_s62_a2v1_current_adp_v1/s0061-signal-final-20645940e8538c46_twirl_twoap_current_adp.png
61,766678209,eclipsing_binary_or_pceb,19.7829431202387,0.553477263477426,30,2.91065358231775,49.9530439242457,669.75327342368,s60_s62_tehan_hv2_3k_20260721,s0061-signal-final-fc3fa613af44f0fe,1,false,s0061-signal-final-fc3fa613af44f0fe_twirl_twoap_current_adp.png,../../data_local/label_reviews/s56_s62_signal_rereview/vet_sheets_s56_s62_a2v1_current_adp_v1/s0061-signal-final-fc3fa613af44f0fe_twirl_twoap_current_adp.png
61,767127782,eclipsing_binary_or_pceb,20.1519188160356,4.1063440333253,30,1.89987954024531,13.9188210643059,78.0905619315949,s60_s62_tehan_hv2_3k_20260721,s0061-signal-final-f86e7fa8a59e3c31,1,false,s0061-signal-final-f86e7fa8a59e3c31_twirl_twoap_current_adp.png,../../data_local/label_reviews/s56_s62_signal_rereview/vet_sheets_s56_s62_a2v1_current_adp_v1/s0061-signal-final-f86e7fa8a59e3c31_twirl_twoap_current_adp.png
61,767285557,eclipsing_binary_or_pceb,20.1076463758355,0.47347160621989,30,2.40223448366429,46.6194586186115,843.35631145815,s60_s62_tehan_hv2_3k_20260721,s0061-signal-final-c16a84d409453228,1,false,s0061-signal-final-c16a84d409453228_twirl_twoap_current_adp.png,../../data_local/label_reviews/s56_s62_signal_rereview/vet_sheets_s56_s62_a2v1_current_adp_v1/s0061-signal-final-c16a84d409453228_twirl_twoap_current_adp.png
61,767484783,eclipsing_binary_or_pceb,20.2729172888418,0.598343657607565,30,0.21519698221026,3.69938768144731,68.5269102033522,s60_s62_tehan_hv2_3k_20260721,s0061-signal-final-9928455355491d5e,1,false,s0061-signal-final-9928455355491d5e_twirl_twoap_current_adp.png,../../data_local/label_reviews/s56_s62_signal_rereview/vet_sheets_s56_s62_a2v1_current_adp_v1/s0061-signal-final-9928455355491d5e_twirl_twoap_current_adp.png
61,767923903,eclipsing_binary_or_pceb,20.0125522557603,5.44035993951604,30,2.06318667703122,12.354184477208,54.9870594616913,s60_s62_tehan_hv2_3k_20260721,s0061-signal-final-f762a0c307f4f69c,1,false,s0061-signal-final-f762a0c307f4f69c_twirl_twoap_current_adp.png,../../data_local/label_reviews/s56_s62_signal_rereview/vet_sheets_s56_s62_a2v1_current_adp_v1/s0061-signal-final-f762a0c307f4f69c_twirl_twoap_current_adp.png
61,769038155,eclipsing_binary_or_pceb,19.9368263280725,0.417361000598645,30,0.323651212094938,6.62643723350082,38.1713053491763,s60_s62_tehan_hv2_3k_20260721,s0061-signal-final-a080ad5a0df54e4c,1,false,s0061-signal-final-a080ad5a0df54e4c_twirl_twoap_current_adp.png,../../data_local/label_reviews/s56_s62_signal_rereview/vet_sheets_s56_s62_a2v1_current_adp_v1/s0061-signal-final-a080ad5a0df54e4c_twirl_twoap_current_adp.png
61,769092466,eclipsing_binary_or_pceb,20.1350880577638,0.613754352951331,30,0.438611773153075,7.53977540523794,74.1471191397862,s60_s62_tehan_hv2_3k_20260721,s0061-signal-final-d4e86bd113548017,1,false,s0061-signal-final-d4e86bd113548017_twirl_twoap_current_adp.png,../../data_local/label_reviews/s56_s62_signal_rereview/vet_sheets_s56_s62_a2v1_current_adp_v1/s0061-signal-final-d4e86bd113548017_twirl_twoap_current_adp.png
61,769134365,eclipsing_binary_or_pceb,20.1074543960028,0.988926148686658,30,0.334580740717668,4.44324157722458,14.1005062941595,s60_s62_tehan_hv2_3k_20260721,s0061-signal-final-c4183723d6b80f18,1,false,s0061-signal-final-c4183723d6b80f18_twirl_twoap_current_adp.png,../../data_local/label_reviews/s56_s62_signal_rereview/vet_sheets_s56_s62_a2v1_current_adp_v1/s0061-signal-final-c4183723d6b80f18_twirl_twoap_current_adp.png
61,770811424,eclipsing_binary_or_pceb,20.7349655347566,1.01283260267928,30,0.421183660562866,5.5935311940311,9.41625567178461,s60_s62_tehan_hv2_3k_20260721,s0061-signal-final-6b937dcf8c0ff332,1,false,s0061-signal-final-6b937dcf8c0ff332_twirl_twoap_current_adp.png,../../data_local/label_reviews/s56_s62_signal_rereview/vet_sheets_s56_s62_a2v1_current_adp_v1/s0061-signal-final-6b937dcf8c0ff332_twirl_twoap_current_adp.png
61,770955611,eclipsing_binary_or_pceb,19.5008891029372,0.195975916529629,30,0.625583560425505,18.1243750959325,317.314301556449,s60_s62_tehan_hv2_3k_20260721,s0061-signal-final-8c3e0a7cc3653c4a,1,false,s0061-signal-final-8c3e0a7cc3653c4a_twirl_twoap_current_adp.png,../../data_local/label_reviews/s56_s62_signal_rereview/vet_sheets_s56_s62_a2v1_current_adp_v1/s0061-signal-final-8c3e0a7cc3653c4a_twirl_twoap_current_adp.png
61,771016770,eclipsing_binary_or_pceb,17.897586091155,0.548630407069201,30,0.0833986792597868,1.50608801234488,26.7215394651122,s60_s62_tehan_hv2_3k_20260721,s0061-signal-final-4e8c68c3b75b56e2,1,false,s0061-signal-final-4e8c68c3b75b56e2_twirl_twoap_current_adp.png,../../data_local/label_reviews/s56_s62_signal_rereview/vet_sheets_s56_s62_a2v1_current_adp_v1/s0061-signal-final-4e8c68c3b75b56e2_twirl_twoap_current_adp.png
61,771281634,eclipsing_binary_or_pceb,19.5689139853983,0.486438567848951,30,0.272596833160463,5.18633815184347,16.4399399518017,s60_s62_tehan_hv2_3k_20260721,s0061-signal-final-a7f1be430adb545e,1,false,s0061-signal-final-a7f1be430adb545e_twirl_twoap_current_adp.png,../../data_local/label_reviews/s56_s62_signal_rereview/vet_sheets_s56_s62_a2v1_current_adp_v1/s0061-signal-final-a7f1be430adb545e_twirl_twoap_current_adp.png
61,771397891,eclipsing_binary_or_pceb,18.5589767310612,4.10280424375721,30,0.810574412139649,5.9384260746184,42.8525767974718,s60_s62_tehan_hv2_3k_20260721,s0061-signal-final-5614a930f4c9e056,1,false,s0061-signal-final-5614a930f4c9e056_twirl_twoap_current_adp.png,../../data_local/label_reviews/s56_s62_signal_rereview/vet_sheets_s56_s62_a2v1_current_adp_v1/s0061-signal-final-5614a930f4c9e056_twirl_twoap_current_adp.png
61,772950912,eclipsing_binary_or_pceb,20.4187879495643,1.02204930089493,30,0.151724658824906,2.01487024251512,27.3900986597893,s60_s62_tehan_hv2_3k_20260721,s0061-signal-final-de5918f3b20f727a,1,false,s0061-signal-final-de5918f3b20f727a_twirl_twoap_current_adp.png,../../data_local/label_reviews/s56_s62_signal_rereview/vet_sheets_s56_s62_a2v1_current_adp_v1/s0061-signal-final-de5918f3b20f727a_twirl_twoap_current_adp.png
61,773159969,eclipsing_binary_or_pceb,19.7119196184046,0.539946492710325,30,0.12619752137604,2.27220789773687,28.2301965634665,s60_s62_tehan_hv2_3k_20260721,s0061-signal-final-cb8120654fea2bd6,1,false,s0061-signal-final-cb8120654fea2bd6_twirl_twoap_current_adp.png,../../data_local/label_reviews/s56_s62_signal_rereview/vet_sheets_s56_s62_a2v1_current_adp_v1/s0061-signal-final-cb8120654fea2bd6_twirl_twoap_current_adp.png
61,773490792,eclipsing_binary_or_pceb,20.2341990694466,1.25207337491536,30,0.770120190456474,9.71262252137263,34.328331499817,s60_s62_tehan_hv2_3k_20260721,s0061-signal-final-270abeebecd9c666,1,false,s0061-signal-final-270abeebecd9c666_twirl_twoap_current_adp.png,../../data_local/label_reviews/s56_s62_signal_rereview/vet_sheets_s56_s62_a2v1_current_adp_v1/s0061-signal-final-270abeebecd9c666_twirl_twoap_current_adp.png
61,774404515,eclipsing_binary_or_pceb,20.5971646861844,0.604590033432309,30,1.8489979274908,31.7292800752437,282.151042468908,s60_s62_tehan_hv2_3k_20260721,s0061-signal-final-44df034d98ed7a7d,1,false,s0061-signal-final-44df034d98ed7a7d_twirl_twoap_current_adp.png,../../data_local/label_reviews/s56_s62_signal_rereview/vet_sheets_s56_s62_a2v1_current_adp_v1/s0061-signal-final-44df034d98ed7a7d_twirl_twoap_current_adp.png
61,774479697,eclipsing_binary_or_pceb,19.5926046011825,0.154832092442129,30,0.494991080537256,15.9416125940557,175.456974951664,s60_s62_tehan_hv2_3k_20260721,s0061-signal-final-b920b5f338d2bd47,1,false,s0061-signal-final-b920b5f338d2bd47_twirl_twoap_current_adp.png,../../data_local/label_reviews/s56_s62_signal_rereview/vet_sheets_s56_s62_a2v1_current_adp_v1/s0061-signal-final-b920b5f338d2bd47_twirl_twoap_current_adp.png
61,774772765,eclipsing_binary_or_pceb,19.4966108557495,0.963827328337375,30,0.476962655440136,6.48679746410052,59.2320984163286,s60_s62_tehan_hv2_3k_20260721,s0061-signal-final-beb7540c121f5edd,1,false,s0061-signal-final-beb7540c121f5edd_twirl_twoap_current_adp.png,../../data_local/label_reviews/s56_s62_signal_rereview/vet_sheets_s56_s62_a2v1_current_adp_v1/s0061-signal-final-beb7540c121f5edd_twirl_twoap_current_adp.png
61,774967300,eclipsing_binary_or_pceb,20.0229349663491,0.909798694972211,30,1.16125861152238,15.7524841524249,95.0699778716063,s60_s62_tehan_hv2_3k_20260721,s0061-signal-final-348aa296d99e7590,1,false,s0061-signal-final-348aa296d99e7590_twirl_twoap_current_adp.png,../../data_local/label_reviews/s56_s62_signal_rereview/vet_sheets_s56_s62_a2v1_current_adp_v1/s0061-signal-final-348aa296d99e7590_twirl_twoap_current_adp.png
61,775465276,eclipsing_binary_or_pceb,19.7244769043959,0.422875370462596,30,0.215247788537928,4.36372415884044,59.6160120981635,s60_s62_tehan_hv2_3k_20260721,s0061-signal-final-a914b8ae91ddf8f6,1,false,s0061-signal-final-a914b8ae91ddf8f6_twirl_twoap_current_adp.png,../../data_local/label_reviews/s56_s62_signal_rereview/vet_sheets_s56_s62_a2v1_current_adp_v1/s0061-signal-final-a914b8ae91ddf8f6_twirl_twoap_current_adp.png
61,775970676,eclipsing_binary_or_pceb,19.6495472353511,7.93751805248042,30,3.23232634356553,16.7700723744645,77.6364198694041,s60_s62_tehan_hv2_3k_20260721,s0061-signal-final-56844eab6f910345,1,false,s0061-signal-final-56844eab6f910345_twirl_twoap_current_adp.png,../../data_local/label_reviews/s56_s62_signal_rereview/vet_sheets_s56_s62_a2v1_current_adp_v1/s0061-signal-final-56844eab6f910345_twirl_twoap_current_adp.png
61,776104262,eclipsing_binary_or_pceb,19.9781086574436,0.332769454477509,30,1.64114254925849,37.2459790490825,515.272867070533,s60_s62_tehan_hv2_3k_20260721,s0061-signal-final-177a360a21b48e23,1,false,s0061-signal-final-177a360a21b48e23_twirl_twoap_current_adp.png,../../data_local/label_reviews/s56_s62_signal_rereview/vet_sheets_s56_s62_a2v1_current_adp_v1/s0061-signal-final-177a360a21b48e23_twirl_twoap_current_adp.png
61,776574276,eclipsing_binary_or_pceb,20.1403384332271,3.19159154558075,30,0.44360719423928,3.24990144398641,24.2089669032454,s60_s62_tehan_hv2_3k_20260721,s0061-signal-final-a35d521499f0af26,1,false,s0061-signal-final-a35d521499f0af26_twirl_twoap_current_adp.png,../../data_local/label_reviews/s56_s62_signal_rereview/vet_sheets_s56_s62_a2v1_current_adp_v1/s0061-signal-final-a35d521499f0af26_twirl_twoap_current_adp.png
61,776929883,eclipsing_binary_or_pceb,20.2492391448577,2.1869393835237,30,0.911158740025452,8.60029255223367,79.2400832837346,s60_s62_tehan_hv2_3k_20260721,s0061-signal-final-02a2fa774812c7fc,1,false,s0061-signal-final-02a2fa774812c7fc_twirl_twoap_current_adp.png,../../data_local/label_reviews/s56_s62_signal_rereview/vet_sheets_s56_s62_a2v1_current_adp_v1/s0061-signal-final-02a2fa774812c7fc_twirl_twoap_current_adp.png
61,777233180,eclipsing_binary_or_pceb,20.6425375262737,3.83855738525946,30,1.20559716602561,8.83259261328022,55.0723319932458,s60_s62_tehan_hv2_3k_20260721,s0061-signal-final-60f35945c6a61fb8,1,false,s0061-signal-final-60f35945c6a61fb8_twirl_twoap_current_adp.png,../../data_local/label_reviews/s56_s62_signal_rereview/vet_sheets_s56_s62_a2v1_current_adp_v1/s0061-signal-final-60f35945c6a61fb8_twirl_twoap_current_adp.png
61,777568076,eclipsing_binary_or_pceb,20.6640837944529,2.02312122589299,30,0.790243445072939,7.07975256570577,43.0258569513434,s60_s62_tehan_hv2_3k_20260721,s0061-signal-final-5d38a4e186ff5c99,1,false,s0061-signal-final-5d38a4e186ff5c99_twirl_twoap_current_adp.png,../../data_local/label_reviews/s56_s62_signal_rereview/vet_sheets_s56_s62_a2v1_current_adp_v1/s0061-signal-final-5d38a4e186ff5c99_twirl_twoap_current_adp.png
61,779021497,eclipsing_binary_or_pceb,19.952293927113,0.574619007891278,30,1.7629835894524,30.9646035951253,407.84853372357,s60_s62_tehan_hv2_3k_20260721,s0061-signal-final-bb30d9018bca7be1,1,false,s0061-signal-final-bb30d9018bca7be1_twirl_twoap_current_adp.png,../../data_local/label_reviews/s56_s62_signal_rereview/vet_sheets_s56_s62_a2v1_current_adp_v1/s0061-signal-final-bb30d9018bca7be1_twirl_twoap_current_adp.png
61,782249615,eclipsing_binary_or_pceb,19.3503878784474,1.47520343973443,30,0.151155834227521,1.68465720677738,16.3466108200331,s60_s62_tehan_hv2_3k_20260721,s0061-signal-final-96918918e2c41adb,1,false,s0061-signal-final-96918918e2c41adb_twirl_twoap_current_adp.png,../../data_local/label_reviews/s56_s62_signal_rereview/vet_sheets_s56_s62_a2v1_current_adp_v1/s0061-signal-final-96918918e2c41adb_twirl_twoap_current_adp.png
61,782356534,eclipsing_binary_or_pceb,19.8126431082192,0.650283667484858,30,0.361766069238145,6.03915509732303,57.7794425584955,s60_s62_tehan_hv2_3k_20260721,s0061-signal-final-4736c923ef92a216,1,false,s0061-signal-final-4736c923ef92a216_twirl_twoap_current_adp.png,../../data_local/label_reviews/s56_s62_signal_rereview/vet_sheets_s56_s62_a2v1_current_adp_v1/s0061-signal-final-4736c923ef92a216_twirl_twoap_current_adp.png
61,783595707,eclipsing_binary_or_pceb,20.0615128227721,0.970378751647846,30,1.03990234333797,14.4692422276923,143.367414059305,s60_s62_tehan_hv2_3k_20260721,s0061-signal-final-c87f7b56859881c6,1,false,s0061-signal-final-c87f7b56859881c6_twirl_twoap_current_adp.png,../../data_local/label_reviews/s56_s62_signal_rereview/vet_sheets_s56_s62_a2v1_current_adp_v1/s0061-signal-final-c87f7b56859881c6_twirl_twoap_current_adp.png
61,783895487,eclipsing_binary_or_pceb,19.1693039390301,0.140962144451335,30,0.0876740721765185,2.94236278226383,38.9374707667738,s60_s62_tehan_hv2_3k_20260721,s0061-signal-final-c1e1fd0231c6cd70,1,false,s0061-signal-final-c1e1fd0231c6cd70_twirl_twoap_current_adp.png,../../data_local/label_reviews/s56_s62_signal_rereview/vet_sheets_s56_s62_a2v1_current_adp_v1/s0061-signal-final-c1e1fd0231c6cd70_twirl_twoap_current_adp.png
61,784024155,eclipsing_binary_or_pceb,18.7436439828873,2.10453922431299,30,0.561119470827722,5.29625997908653,28.4208827077402,s60_s62_tehan_hv2_3k_20260721,s0061-signal-final-5035e25f03c98300,1,false,s0061-signal-final-5035e25f03c98300_twirl_twoap_current_adp.png,../../data_local/label_reviews/s56_s62_signal_rereview/vet_sheets_s56_s62_a2v1_current_adp_v1/s0061-signal-final-5035e25f03c98300_twirl_twoap_current_adp.png
61,800002092,eclipsing_binary_or_pceb,18.9196787109188,0.948858872891713,30,0.602081973972362,8.25199815043375,165.236452027853,s60_s62_tehan_hv2_3k_20260721,s0061-signal-final-fa66504e714f66ff,1,false,s0061-signal-final-fa66504e714f66ff_twirl_twoap_current_adp.png,../../data_local/label_reviews/s56_s62_signal_rereview/vet_sheets_s56_s62_a2v1_current_adp_v1/s0061-signal-final-fa66504e714f66ff_twirl_twoap_current_adp.png
61,800087028,eclipsing_binary_or_pceb,20.0084654022149,0.181185186249491,30,0.0684433739418829,2.06239204249303,43.6039357069256,s60_s62_tehan_hv2_3k_20260721,s0061-signal-final-ede3919237c80269,1,false,s0061-signal-final-ede3919237c80269_twirl_twoap_current_adp.png,../../data_local/label_reviews/s56_s62_signal_rereview/vet_sheets_s56_s62_a2v1_current_adp_v1/s0061-signal-final-ede3919237c80269_twirl_twoap_current_adp.png
61,800117954,eclipsing_binary_or_pceb,20.2229430751952,0.39227931733553,30,1.24768412472126,26.4852408226397,815.653405698234,s60_s62_tehan_hv2_3k_20260721,s0061-signal-final-6793b85f418afe6c,1,false,s0061-signal-final-6793b85f418afe6c_twirl_twoap_current_adp.png,../../data_local/label_reviews/s56_s62_signal_rereview/vet_sheets_s56_s62_a2v1_current_adp_v1/s0061-signal-final-6793b85f418afe6c_twirl_twoap_current_adp.png
61,800147867,eclipsing_binary_or_pceb,19.1302186945371,3.16836986831025,30,0.825548793693559,6.04816633949106,84.0722497912368,s60_s62_tehan_hv2_3k_20260721,s0061-signal-final-f503019a74a4e649,1,false,s0061-signal-final-f503019a74a4e649_twirl_twoap_current_adp.png,../../data_local/label_reviews/s56_s62_signal_rereview/vet_sheets_s56_s62_a2v1_current_adp_v1/s0061-signal-final-f503019a74a4e649_twirl_twoap_current_adp.png
61,800347207,eclipsing_binary_or_pceb,17.527111496603,1.0409743403064,30,0.221530963942646,2.98995264234025,56.5503521613378,s60_s62_tehan_hv2_3k_20260721,s0061-signal-final-05151ac59ab9f49d,1,false,s0061-signal-final-05151ac59ab9f49d_twirl_twoap_current_adp.png,../../data_local/label_reviews/s56_s62_signal_rereview/vet_sheets_s56_s62_a2v1_current_adp_v1/s0061-signal-final-05151ac59ab9f49d_twirl_twoap_current_adp.png
61,800350281,eclipsing_binary_or_pceb,20.0146873299947,0.442215275002765,30,0.782504498912321,15.8531369444217,143.075754072286,s60_s62_tehan_hv2_3k_20260721,s0061-signal-final-978e71afd2f5329d,1,false,s0061-signal-final-978e71afd2f5329d_twirl_twoap_current_adp.png,../../data_local/label_reviews/s56_s62_signal_rereview/vet_sheets_s56_s62_a2v1_current_adp_v1/s0061-signal-final-978e71afd2f5329d_twirl_twoap_current_adp.png
61,803169267,eclipsing_binary_or_pceb,18.888079491815,0.931892787768186,30,4.56986474431162,62.156936978457,660.752996777186,s60_s62_tehan_hv2_3k_20260721,s0061-signal-final-d39944e8a524ac21,1,false,s0061-signal-final-d39944e8a524ac21_twirl_twoap_current_adp.png,../../data_local/label_reviews/s56_s62_signal_rereview/vet_sheets_s56_s62_a2v1_current_adp_v1/s0061-signal-final-d39944e8a524ac21_twirl_twoap_current_adp.png
61,803320437,eclipsing_binary_or_pceb,19.1724231730104,0.193416832241254,30,0.0330650013593781,0.966478375994155,70.9121052758496,s60_s62_tehan_hv2_3k_20260721,s0061-signal-final-493c76d2a24d4048,1,false,s0061-signal-final-493c76d2a24d4048_twirl_twoap_current_adp.png,../../data_local/label_reviews/s56_s62_signal_rereview/vet_sheets_s56_s62_a2v1_current_adp_v1/s0061-signal-final-493c76d2a24d4048_twirl_twoap_current_adp.png
61,803320440,eclipsing_binary_or_pceb,20.3433115904303,0.193010850264439,30,0.113070082815439,3.30352331197806,29.722840113787,s60_s62_tehan_hv2_3k_20260721,s0061-signal-final-6aaf48fa2d403839,1,false,s0061-signal-final-6aaf48fa2d403839_twirl_twoap_current_adp.png,../../data_local/label_reviews/s56_s62_signal_rereview/vet_sheets_s56_s62_a2v1_current_adp_v1/s0061-signal-final-6aaf48fa2d403839_twirl_twoap_current_adp.png
61,803320454,eclipsing_binary_or_pceb,18.8065022604274,0.193232083452361,30,0.226430786732627,6.61553758425857,111.322816251653,s60_s62_tehan_hv2_3k_20260721,s0061-signal-final-90eeb87631aaa2b8,1,false,s0061-signal-final-90eeb87631aaa2b8_twirl_twoap_current_adp.png,../../data_local/label_reviews/s56_s62_signal_rereview/vet_sheets_s56_s62_a2v1_current_adp_v1/s0061-signal-final-90eeb87631aaa2b8_twirl_twoap_current_adp.png
61,803579188,eclipsing_binary_or_pceb,19.4521810444138,1.24921246954411,30,0.722124089030463,8.85515914877081,112.18401508912,s60_s62_tehan_hv2_3k_20260721,s0061-signal-final-9561dbaf60a7828d,1,false,s0061-signal-final-9561dbaf60a7828d_twirl_twoap_current_adp.png,../../data_local/label_reviews/s56_s62_signal_rereview/vet_sheets_s56_s62_a2v1_current_adp_v1/s0061-signal-final-9561dbaf60a7828d_twirl_twoap_current_adp.png
61,803666807,eclipsing_binary_or_pceb,17.9873827329003,1.83385192665005,30,3.08731187530825,29.1404966956879,233.483044517738,s60_s62_tehan_hv2_3k_20260721,s0061-signal-final-14a7106c6bb2351a,1,false,s0061-signal-final-14a7106c6bb2351a_twirl_twoap_current_adp.png,../../data_local/label_reviews/s56_s62_signal_rereview/vet_sheets_s56_s62_a2v1_current_adp_v1/s0061-signal-final-14a7106c6bb2351a_twirl_twoap_current_adp.png
61,803919558,eclipsing_binary_or_pceb,19.2339475807176,0.307119161730896,30,0.504271216134053,11.9867307684587,218.485980918507,s60_s62_tehan_hv2_3k_20260721,s0061-signal-final-dca29d879b1138cc,1,false,s0061-signal-final-dca29d879b1138cc_twirl_twoap_current_adp.png,../../data_local/label_reviews/s56_s62_signal_rereview/vet_sheets_s56_s62_a2v1_current_adp_v1/s0061-signal-final-dca29d879b1138cc_twirl_twoap_current_adp.png
61,804140651,eclipsing_binary_or_pceb,20.0426577311879,0.574065435748598,30,0.69236350802093,12.380512838378,134.096383898495,s60_s62_tehan_hv2_3k_20260721,s0061-signal-final-0dd787daa790a026,1,false,s0061-signal-final-0dd787daa790a026_twirl_twoap_current_adp.png,../../data_local/label_reviews/s56_s62_signal_rereview/vet_sheets_s56_s62_a2v1_current_adp_v1/s0061-signal-final-0dd787daa790a026_twirl_twoap_current_adp.png
61,804360819,eclipsing_binary_or_pceb,20.5666350107748,5.48451373410427,30,11.8555001077302,70.9864687888207,265.957712004974,s60_s62_tehan_hv2_3k_20260721,s0061-signal-final-6d719a034a66e368,1,false,s0061-signal-final-6d719a034a66e368_twirl_twoap_current_adp.png,../../data_local/label_reviews/s56_s62_signal_rereview/vet_sheets_s56_s62_a2v1_current_adp_v1/s0061-signal-final-6d719a034a66e368_twirl_twoap_current_adp.png
61,811196429,eclipsing_binary_or_pceb,19.8388278533474,0.515345476133541,30,5.30092193508781,98.5253282230588,1152.98799322657,s60_s62_tehan_hv2_3k_20260721,s0061-signal-final-0fd8f80df13b14de,1,false,s0061-signal-final-0fd8f80df13b14de_twirl_twoap_current_adp.png,../../data_local/label_reviews/s56_s62_signal_rereview/vet_sheets_s56_s62_a2v1_current_adp_v1/s0061-signal-final-0fd8f80df13b14de_twirl_twoap_current_adp.png
61,811509822,eclipsing_binary_or_pceb,20.1943930200797,0.541339361565848,30,2.86151203895779,51.2347340366553,645.705295049384,s60_s62_tehan_hv2_3k_20260721,s0061-signal-final-e5ce7a30331ab6df,1,false,s0061-signal-final-e5ce7a30331ab6df_twirl_twoap_current_adp.png,../../data_local/label_reviews/s56_s62_signal_rereview/vet_sheets_s56_s62_a2v1_current_adp_v1/s0061-signal-final-e5ce7a30331ab6df_twirl_twoap_current_adp.png
61,811605734,eclipsing_binary_or_pceb,18.867142139973,1.44837940639008,30,1.18018674128037,12.6817306797938,169.827813662958,s60_s62_tehan_hv2_3k_20260721,s0061-signal-final-2de95eed019d700a,1,false,s0061-signal-final-2de95eed019d700a_twirl_twoap_current_adp.png,../../data_local/label_reviews/s56_s62_signal_rereview/vet_sheets_s56_s62_a2v1_current_adp_v1/s0061-signal-final-2de95eed019d700a_twirl_twoap_current_adp.png
61,812788884,eclipsing_binary_or_pceb,20.7324782135296,0.465624051393024,30,1.18140070073654,22.9824014705976,213.008092546319,s60_s62_tehan_hv2_3k_20260721,s0061-signal-final-65b5d1d44bc57e0d,1,false,s0061-signal-final-65b5d1d44bc57e0d_twirl_twoap_current_adp.png,../../data_local/label_reviews/s56_s62_signal_rereview/vet_sheets_s56_s62_a2v1_current_adp_v1/s0061-signal-final-65b5d1d44bc57e0d_twirl_twoap_current_adp.png
61,815448434,eclipsing_binary_or_pceb,19.2611550584516,0.602281533377628,30,0.638105112399851,10.8995779694342,213.968350930112,s60_s62_tehan_hv2_3k_20260721,s0061-signal-final-b2108a9dde515425,1,false,s0061-signal-final-b2108a9dde515425_twirl_twoap_current_adp.png,../../data_local/label_reviews/s56_s62_signal_rereview/vet_sheets_s56_s62_a2v1_current_adp_v1/s0061-signal-final-b2108a9dde515425_twirl_twoap_current_adp.png
61,817300669,eclipsing_binary_or_pceb,19.8700969710252,1.99862364600817,30,1.51909547055207,14.3384518196507,118.763805204692,s60_s62_tehan_hv2_3k_20260721,s0061-signal-final-991054db89412aa3,1,false,s0061-signal-final-991054db89412aa3_twirl_twoap_current_adp.png,../../data_local/label_reviews/s56_s62_signal_rereview/vet_sheets_s56_s62_a2v1_current_adp_v1/s0061-signal-final-991054db89412aa3_twirl_twoap_current_adp.png
61,819600952,eclipsing_binary_or_pceb,20.0533749411576,0.970831409961875,30,1.29168786843869,17.568657509783,115.282786259755,s60_s62_tehan_hv2_3k_20260721,s0061-signal-final-58fafe8be18fd0cc,1,false,s0061-signal-final-58fafe8be18fd0cc_twirl_twoap_current_adp.png,../../data_local/label_reviews/s56_s62_signal_rereview/vet_sheets_s56_s62_a2v1_current_adp_v1/s0061-signal-final-58fafe8be18fd0cc_twirl_twoap_current_adp.png
61,819713470,eclipsing_binary_or_pceb,20.1219173466731,0.152302826732718,30,0.775427297177031,25.1506417558667,783.857306456106,s60_s62_tehan_hv2_3k_20260721,s0061-signal-final-b4ab95160053ea7e,1,false,s0061-signal-final-b4ab95160053ea7e_twirl_twoap_current_adp.png,../../data_local/label_reviews/s56_s62_signal_rereview/vet_sheets_s56_s62_a2v1_current_adp_v1/s0061-signal-final-b4ab95160053ea7e_twirl_twoap_current_adp.png
61,820147672,eclipsing_binary_or_pceb,19.3654354155989,0.249811136588978,30,0.287398267101322,7.47721474482567,142.855819139889,s60_s62_tehan_hv2_3k_20260721,s0061-signal-final-5ccb51a7fd364eac,1,false,s0061-signal-final-5ccb51a7fd364eac_twirl_twoap_current_adp.png,../../data_local/label_reviews/s56_s62_signal_rereview/vet_sheets_s56_s62_a2v1_current_adp_v1/s0061-signal-final-5ccb51a7fd364eac_twirl_twoap_current_adp.png
61,820283446,eclipsing_binary_or_pceb,20.1071365418424,6.00885833301182,30,2.41234262567307,14.4447527205434,57.9360323667968,s60_s62_tehan_hv2_3k_20260721,s0061-signal-final-5d601071a88732a8,1,false,s0061-signal-final-5d601071a88732a8_twirl_twoap_current_adp.png,../../data_local/label_reviews/s56_s62_signal_rereview/vet_sheets_s56_s62_a2v1_current_adp_v1/s0061-signal-final-5d601071a88732a8_twirl_twoap_current_adp.png
61,820376659,eclipsing_binary_or_pceb,19.7198158648597,0.569273866288194,30,1.73293108199933,30.6193923513976,283.674708493394,s60_s62_tehan_hv2_3k_20260721,s0061-signal-final-fd8c815dcd5ec897,1,false,s0061-signal-final-fd8c815dcd5ec897_twirl_twoap_current_adp.png,../../data_local/label_reviews/s56_s62_signal_rereview/vet_sheets_s56_s62_a2v1_current_adp_v1/s0061-signal-final-fd8c815dcd5ec897_twirl_twoap_current_adp.png
61,821526189,eclipsing_binary_or_pceb,20.1135182408727,0.129870659824762,30,0.413221402368006,14.2533104706991,169.35223809131,s60_s62_tehan_hv2_3k_20260721,s0061-signal-final-ec768e3af351b82c,1,false,s0061-signal-final-ec768e3af351b82c_twirl_twoap_current_adp.png,../../data_local/label_reviews/s56_s62_signal_rereview/vet_sheets_s56_s62_a2v1_current_adp_v1/s0061-signal-final-ec768e3af351b82c_twirl_twoap_current_adp.png
61,821867904,eclipsing_binary_or_pceb,18.892815928934,0.476894797006469,30,0.577579893710567,11.2347002547952,411.32257120012,s60_s62_tehan_hv2_3k_20260721,s0061-signal-final-89839eab6b300cdd,1,false,s0061-signal-final-89839eab6b300cdd_twirl_twoap_current_adp.png,../../data_local/label_reviews/s56_s62_signal_rereview/vet_sheets_s56_s62_a2v1_current_adp_v1/s0061-signal-final-89839eab6b300cdd_twirl_twoap_current_adp.png
61,823087102,eclipsing_binary_or_pceb,19.4665633314738,2.76802134927665,30,2.69683222452199,22.7903369755436,121.09401861913,s60_s62_tehan_hv2_3k_20260721,s0061-signal-final-9c52f99580ff1d44,1,false,s0061-signal-final-9c52f99580ff1d44_twirl_twoap_current_adp.png,../../data_local/label_reviews/s56_s62_signal_rereview/vet_sheets_s56_s62_a2v1_current_adp_v1/s0061-signal-final-9c52f99580ff1d44_twirl_twoap_current_adp.png
61,823165648,eclipsing_binary_or_pceb,19.9877806131834,0.60524258213751,30,0.461025475630136,8.03573661060092,100.133956465757,s60_s62_tehan_hv2_3k_20260721,s0061-signal-final-00834c0a32ec5c57,1,false,s0061-signal-final-00834c0a32ec5c57_twirl_twoap_current_adp.png,../../data_local/label_reviews/s56_s62_signal_rereview/vet_sheets_s56_s62_a2v1_current_adp_v1/s0061-signal-final-00834c0a32ec5c57_twirl_twoap_current_adp.png
61,823658217,eclipsing_binary_or_pceb,20.5881932908154,0.676233652526743,30,10.7860680423899,180.054229719663,759.951728861008,s60_s62_tehan_hv2_3k_20260721,s0061-signal-final-8737d5d230a43d04,1,false,s0061-signal-final-8737d5d230a43d04_twirl_twoap_current_adp.png,../../data_local/label_reviews/s56_s62_signal_rereview/vet_sheets_s56_s62_a2v1_current_adp_v1/s0061-signal-final-8737d5d230a43d04_twirl_twoap_current_adp.png
61,824288829,eclipsing_binary_or_pceb,20.6742430644736,0.510495248656482,30,0.345644295210928,6.49968541175697,12.9551041106514,s60_s62_tehan_hv2_3k_20260721,s0061-signal-final-7a8ecc1e58d96e48,1,false,s0061-signal-final-7a8ecc1e58d96e48_twirl_twoap_current_adp.png,../../data_local/label_reviews/s56_s62_signal_rereview/vet_sheets_s56_s62_a2v1_current_adp_v1/s0061-signal-final-7a8ecc1e58d96e48_twirl_twoap_current_adp.png
61,824312462,eclipsing_binary_or_pceb,19.819143184699,2.90917724234426,30,0.99753466969418,7.88931273624814,52.1269116738518,s60_s62_tehan_hv2_3k_20260721,s0061-signal-final-9fdd287e85b7ec00,1,false,s0061-signal-final-9fdd287e85b7ec00_twirl_twoap_current_adp.png,../../data_local/label_reviews/s56_s62_signal_rereview/vet_sheets_s56_s62_a2v1_current_adp_v1/s0061-signal-final-9fdd287e85b7ec00_twirl_twoap_current_adp.png
61,824474784,eclipsing_binary_or_pceb,20.0630073936676,0.148084448231136,30,1.11271837673612,36.1695879549908,724.837410790807,s60_s62_tehan_hv2_3k_20260721,s0061-signal-final-561383fef9c12b26,1,false,s0061-signal-final-561383fef9c12b26_twirl_twoap_current_adp.png,../../data_local/label_reviews/s56_s62_signal_rereview/vet_sheets_s56_s62_a2v1_current_adp_v1/s0061-signal-final-561383fef9c12b26_twirl_twoap_current_adp.png
61,824799916,eclipsing_binary_or_pceb,20.2586388639739,0.567849895313316,30,0.546700798957795,9.52187604090738,33.6157098749865,s60_s62_tehan_hv2_3k_20260721,s0061-signal-final-2ba79beb5cafeec2,1,false,s0061-signal-final-2ba79beb5cafeec2_twirl_twoap_current_adp.png,../../data_local/label_reviews/s56_s62_signal_rereview/vet_sheets_s56_s62_a2v1_current_adp_v1/s0061-signal-final-2ba79beb5cafeec2_twirl_twoap_current_adp.png
61,825473680,eclipsing_binary_or_pceb,19.1143711271297,0.922788985104479,30,0.586146124248013,8.50923239629978,201.85911703245,s60_s62_tehan_hv2_3k_20260721,s0061-signal-final-014cced595909519,1,false,s0061-signal-final-014cced595909519_twirl_twoap_current_adp.png,../../data_local/label_reviews/s56_s62_signal_rereview/vet_sheets_s56_s62_a2v1_current_adp_v1/s0061-signal-final-014cced595909519_twirl_twoap_current_adp.png
61,826955018,eclipsing_binary_or_pceb,19.9283652419801,4.93747590098394,30,0.707043693451727,4.23365618781112,59.7422941667771,s60_s62_tehan_hv2_3k_20260721,s0061-signal-final-23d5a007b8434ffb,1,false,s0061-signal-final-23d5a007b8434ffb_twirl_twoap_current_adp.png,../../data_local/label_reviews/s56_s62_signal_rereview/vet_sheets_s56_s62_a2v1_current_adp_v1/s0061-signal-final-23d5a007b8434ffb_twirl_twoap_current_adp.png
61,827217853,eclipsing_binary_or_pceb,20.2703293850121,1.62249252751838,30,1.36943251450144,14.144722706945,74.2912660796426,s60_s62_tehan_hv2_3k_20260721,s0061-signal-final-71bf42ea75ae1b1b,1,false,s0061-signal-final-71bf42ea75ae1b1b_twirl_twoap_current_adp.png,../../data_local/label_reviews/s56_s62_signal_rereview/vet_sheets_s56_s62_a2v1_current_adp_v1/s0061-signal-final-71bf42ea75ae1b1b_twirl_twoap_current_adp.png
61,827301953,eclipsing_binary_or_pceb,20.7478787528206,0.919511127708158,30,0.842813683684761,11.7264927310487,248.972277795564,s60_s62_tehan_hv2_3k_20260721,s0061-signal-final-a1884de4dd218a4a,1,false,s0061-signal-final-a1884de4dd218a4a_twirl_twoap_current_adp.png,../../data_local/label_reviews/s56_s62_signal_rereview/vet_sheets_s56_s62_a2v1_current_adp_v1/s0061-signal-final-a1884de4dd218a4a_twirl_twoap_current_adp.png
61,827824669,stellar_variability,19.201203494423,0.121684148511929,30,1.12780748406148,39.941458396256,1023.92292310717,s60_s62_tehan_hv2_3k_20260721,s0061-signal-final-29ca0d7be845cc8e,1,false,s0061-signal-final-29ca0d7be845cc8e_twirl_twoap_current_adp.png,../../data_local/label_reviews/s56_s62_signal_rereview/vet_sheets_s56_s62_a2v1_current_adp_v1/s0061-signal-final-29ca0d7be845cc8e_twirl_twoap_current_adp.png
61,828815782,eclipsing_binary_or_pceb,19.7388472990127,1.07062817929473,30,0.496243079650881,6.58981479843474,141.816046504118,s60_s62_tehan_hv2_3k_20260721,s0061-signal-final-373ff3f4f5d766ee,1,false,s0061-signal-final-373ff3f4f5d766ee_twirl_twoap_current_adp.png,../../data_local/label_reviews/s56_s62_signal_rereview/vet_sheets_s56_s62_a2v1_current_adp_v1/s0061-signal-final-373ff3f4f5d766ee_twirl_twoap_current_adp.png
61,828865460,eclipsing_binary_or_pceb,20.5802797699435,0.695166492818565,30,0.53737565760122,8.69461508504021,61.8477787874815,s60_s62_tehan_hv2_3k_20260721,s0061-signal-final-e5e5ef8bac5ff832,1,false,s0061-signal-final-e5e5ef8bac5ff832_twirl_twoap_current_adp.png,../../data_local/label_reviews/s56_s62_signal_rereview/vet_sheets_s56_s62_a2v1_current_adp_v1/s0061-signal-final-e5e5ef8bac5ff832_twirl_twoap_current_adp.png
61,829310421,eclipsing_binary_or_pceb,20.1184262661939,0.517495590768825,30,0.500849526276953,9.17029598832898,59.3685132995562,s60_s62_tehan_hv2_3k_20260721,s0061-signal-final-23698c55924b8f90,1,false,s0061-signal-final-23698c55924b8f90_twirl_twoap_current_adp.png,../../data_local/label_reviews/s56_s62_signal_rereview/vet_sheets_s56_s62_a2v1_current_adp_v1/s0061-signal-final-23698c55924b8f90_twirl_twoap_current_adp.png
61,829533356,eclipsing_binary_or_pceb,19.9629997411552,0.266418134547805,30,1.76575354445729,44.8357180075551,909.349573174731,s60_s62_tehan_hv2_3k_20260721,s0061-signal-final-46a5d480eac21ce3,1,false,s0061-signal-final-46a5d480eac21ce3_twirl_twoap_current_adp.png,../../data_local/label_reviews/s56_s62_signal_rereview/vet_sheets_s56_s62_a2v1_current_adp_v1/s0061-signal-final-46a5d480eac21ce3_twirl_twoap_current_adp.png
61,829641683,eclipsing_binary_or_pceb,17.7229193371186,0.463805119895342,30,0.0711698808936626,1.38428006064333,22.6911729168333,s60_s62_tehan_hv2_3k_20260721,s0061-signal-final-099a66403f903d69,1,false,s0061-signal-final-099a66403f903d69_twirl_twoap_current_adp.png,../../data_local/label_reviews/s56_s62_signal_rereview/vet_sheets_s56_s62_a2v1_current_adp_v1/s0061-signal-final-099a66403f903d69_twirl_twoap_current_adp.png
61,829644752,eclipsing_binary_or_pceb,17.5366297738838,0.4788728019898,30,0.140611149717059,2.70501166175741,108.034769670625,s60_s62_tehan_hv2_3k_20260721,s0061-signal-final-fd0bde571aae3667,1,false,s0061-signal-final-fd0bde571aae3667_twirl_twoap_current_adp.png,../../data_local/label_reviews/s56_s62_signal_rereview/vet_sheets_s56_s62_a2v1_current_adp_v1/s0061-signal-final-fd0bde571aae3667_twirl_twoap_current_adp.png
61,829656262,eclipsing_binary_or_pceb,18.4265468826148,0.745880566360283,30,1.14046593432218,17.5675473141782,230.484417864841,s60_s62_tehan_hv2_3k_20260721,s0061-signal-final-253f353e80cf5220,1,false,s0061-signal-final-253f353e80cf5220_twirl_twoap_current_adp.png,../../data_local/label_reviews/s56_s62_signal_rereview/vet_sheets_s56_s62_a2v1_current_adp_v1/s0061-signal-final-253f353e80cf5220_twirl_twoap_current_adp.png
61,829730192,eclipsing_binary_or_pceb,20.0109203744317,0.648276461311164,30,0.41590695444672,6.94291874386263,58.3668175521287,s60_s62_tehan_hv2_3k_20260721,s0061-signal-final-ac700d6e021d37ca,1,false,s0061-signal-final-ac700d6e021d37ca_twirl_twoap_current_adp.png,../../data_local/label_reviews/s56_s62_signal_rereview/vet_sheets_s56_s62_a2v1_current_adp_v1/s0061-signal-final-ac700d6e021d37ca_twirl_twoap_current_adp.png
61,829826814,eclipsing_binary_or_pceb,19.0519538868672,0.126171746734048,30,2.06518740576583,72.3863756866768,2581.98338661869,s60_s62_tehan_hv2_3k_20260721,s0061-signal-final-d895a77577f697b0,1,false,s0061-signal-final-d895a77577f697b0_twirl_twoap_current_adp.png,../../data_local/label_reviews/s56_s62_signal_rereview/vet_sheets_s56_s62_a2v1_current_adp_v1/s0061-signal-final-d895a77577f697b0_twirl_twoap_current_adp.png
61,830014525,eclipsing_binary_or_pceb,19.900140567172,0.158606752628852,30,0.2082184007165,6.63079525029805,135.702111393232,s60_s62_tehan_hv2_3k_20260721,s0061-signal-final-16827a1cff76a348,1,false,s0061-signal-final-16827a1cff76a348_twirl_twoap_current_adp.png,../../data_local/label_reviews/s56_s62_signal_rereview/vet_sheets_s56_s62_a2v1_current_adp_v1/s0061-signal-final-16827a1cff76a348_twirl_twoap_current_adp.png
61,830487414,eclipsing_binary_or_pceb,19.7487569364386,4.63041275906625,30,6.63525954520858,39.7306576583135,342.93276193242,s60_s62_tehan_hv2_3k_20260721,s0061-signal-final-04b1b6d48bba5faf,1,false,s0061-signal-final-04b1b6d48bba5faf_twirl_twoap_current_adp.png,../../data_local/label_reviews/s56_s62_signal_rereview/vet_sheets_s56_s62_a2v1_current_adp_v1/s0061-signal-final-04b1b6d48bba5faf_twirl_twoap_current_adp.png
61,830529891,eclipsing_binary_or_pceb,20.402511416236,0.581691192445572,30,2.95121941589459,51.4410089098779,733.701408785319,s60_s62_tehan_hv2_3k_20260721,s0061-signal-final-1470a5158632fa49,1,false,s0061-signal-final-1470a5158632fa49_twirl_twoap_current_adp.png,../../data_local/label_reviews/s56_s62_signal_rereview/vet_sheets_s56_s62_a2v1_current_adp_v1/s0061-signal-final-1470a5158632fa49_twirl_twoap_current_adp.png
61,831049236,eclipsing_binary_or_pceb,18.8846271793002,0.235331980647598,30,0.502786500547922,13.4556068071138,535.73578491294,s60_s62_tehan_hv2_3k_20260721,s0061-signal-final-b3f28d962534e092,1,false,s0061-signal-final-b3f28d962534e092_twirl_twoap_current_adp.png,../../data_local/label_reviews/s56_s62_signal_rereview/vet_sheets_s56_s62_a2v1_current_adp_v1/s0061-signal-final-b3f28d962534e092_twirl_twoap_current_adp.png
61,831135933,eclipsing_binary_or_pceb,19.7182903779097,0.379865807885899,30,0.217728439736792,4.7333413873028,102.040905979826,s60_s62_tehan_hv2_3k_20260721,s0061-signal-final-ab8b4b6e1f2a637f,1,false,s0061-signal-final-ab8b4b6e1f2a637f_twirl_twoap_current_adp.png,../../data_local/label_reviews/s56_s62_signal_rereview/vet_sheets_s56_s62_a2v1_current_adp_v1/s0061-signal-final-ab8b4b6e1f2a637f_twirl_twoap_current_adp.png
61,832562246,stellar_variability,19.7517402129186,0.225959599268173,30,0.330030053785259,9.04282227954012,38.0626407080689,s60_s62_tehan_hv2_3k_20260721,s0061-signal-final-7da2c31057c18bc8,1,false,s0061-signal-final-7da2c31057c18bc8_twirl_twoap_current_adp.png,../../data_local/label_reviews/s56_s62_signal_rereview/vet_sheets_s56_s62_a2v1_current_adp_v1/s0061-signal-final-7da2c31057c18bc8_twirl_twoap_current_adp.png
61,832605033,eclipsing_binary_or_pceb,19.8601460143213,1.41579524980512,30,2.64000145784099,29.4225208367057,244.023037416171,s60_s62_tehan_hv2_3k_20260721,s0061-signal-final-825ad426daa3581b,1,false,s0061-signal-final-825ad426daa3581b_twirl_twoap_current_adp.png,../../data_local/label_reviews/s56_s62_signal_rereview/vet_sheets_s56_s62_a2v1_current_adp_v1/s0061-signal-final-825ad426daa3581b_twirl_twoap_current_adp.png
61,832861438,eclipsing_binary_or_pceb,19.459939621318,0.469694624313491,30,0.735958528443993,14.3151882859839,174.105980867414,s60_s62_tehan_hv2_3k_20260721,s0061-signal-final-1446276969cf13bb,1,false,s0061-signal-final-1446276969cf13bb_twirl_twoap_current_adp.png,../../data_local/label_reviews/s56_s62_signal_rereview/vet_sheets_s56_s62_a2v1_current_adp_v1/s0061-signal-final-1446276969cf13bb_twirl_twoap_current_adp.png
61,833280885,eclipsing_binary_or_pceb,20.4790422303993,0.456586731703604,30,2.32258294003808,45.1766281117732,813.400257528256,s60_s62_tehan_hv2_3k_20260721,s0061-signal-final-72180a768f8bc623,1,false,s0061-signal-final-72180a768f8bc623_twirl_twoap_current_adp.png,../../data_local/label_reviews/s56_s62_signal_rereview/vet_sheets_s56_s62_a2v1_current_adp_v1/s0061-signal-final-72180a768f8bc623_twirl_twoap_current_adp.png
61,833333751,eclipsing_binary_or_pceb,19.5777790071287,0.147358094312786,30,0.674651638769937,22.1213807270148,321.09311777859,s60_s62_tehan_hv2_3k_20260721,s0061-signal-final-b4b02f125187003b,1,false,s0061-signal-final-b4b02f125187003b_twirl_twoap_current_adp.png,../../data_local/label_reviews/s56_s62_signal_rereview/vet_sheets_s56_s62_a2v1_current_adp_v1/s0061-signal-final-b4b02f125187003b_twirl_twoap_current_adp.png
61,833348014,eclipsing_binary_or_pceb,18.1039548230883,0.890359616026374,30,0.123277365806773,1.71521809138615,26.9457140189988,s60_s62_tehan_hv2_3k_20260721,s0061-signal-final-b8f4f4566be89191,1,false,s0061-signal-final-b8f4f4566be89191_twirl_twoap_current_adp.png,../../data_local/label_reviews/s56_s62_signal_rereview/vet_sheets_s56_s62_a2v1_current_adp_v1/s0061-signal-final-b8f4f4566be89191_twirl_twoap_current_adp.png
61,833404028,eclipsing_binary_or_pceb,18.2055132776879,2.89583112730989,30,5.44231074889551,45.6710172201878,413.849024711703,s60_s62_tehan_hv2_3k_20260721,s0061-signal-final-4b88936c520378e8,1,false,s0061-signal-final-4b88936c520378e8_twirl_twoap_current_adp.png,../../data_local/label_reviews/s56_s62_signal_rereview/vet_sheets_s56_s62_a2v1_current_adp_v1/s0061-signal-final-4b88936c520378e8_twirl_twoap_current_adp.png
61,833507781,eclipsing_binary_or_pceb,18.2367471491278,1.26133552901549,30,0.240419018018183,2.86152719896455,27.3311212152641,s60_s62_tehan_hv2_3k_20260721,s0061-signal-final-b1da65e5e2b12e24,1,false,s0061-signal-final-b1da65e5e2b12e24_twirl_twoap_current_adp.png,../../data_local/label_reviews/s56_s62_signal_rereview/vet_sheets_s56_s62_a2v1_current_adp_v1/s0061-signal-final-b1da65e5e2b12e24_twirl_twoap_current_adp.png
61,833836746,eclipsing_binary_or_pceb,20.1501033161543,0.199645858140023,30,0.0793598139758829,2.2809072957775,115.159137163132,s60_s62_tehan_hv2_3k_20260721,s0061-signal-final-bba948d1214fe53b,1,false,s0061-signal-final-bba948d1214fe53b_twirl_twoap_current_adp.png,../../data_local/label_reviews/s56_s62_signal_rereview/vet_sheets_s56_s62_a2v1_current_adp_v1/s0061-signal-final-bba948d1214fe53b_twirl_twoap_current_adp.png
61,835141062,eclipsing_binary_or_pceb,19.183104737569,0.142466821149,30,1.145442620313,37.9861690046532,961.362595249624,s60_s62_tehan_hv2_3k_20260721,s0061-signal-final-45fea53bb68f346f,1,false,s0061-signal-final-45fea53bb68f346f_twirl_twoap_current_adp.png,../../data_local/label_reviews/s56_s62_signal_rereview/vet_sheets_s56_s62_a2v1_current_adp_v1/s0061-signal-final-45fea53bb68f346f_twirl_twoap_current_adp.png
61,835262698,eclipsing_binary_or_pceb,18.9326516481489,1.54422215324357,30,1.42902739292417,15.3548257995762,163.703965209879,s60_s62_tehan_hv2_3k_20260721,s0061-signal-final-8fd8fb1926276516,1,false,s0061-signal-final-8fd8fb1926276516_twirl_twoap_current_adp.png,../../data_local/label_reviews/s56_s62_signal_rereview/vet_sheets_s56_s62_a2v1_current_adp_v1/s0061-signal-final-8fd8fb1926276516_twirl_twoap_current_adp.png
61,835516333,eclipsing_binary_or_pceb,19.4052206379818,3.14736564630791,30,0.352942429224369,2.98260034173526,27.0284743393801,s60_s62_tehan_hv2_3k_20260721,s0061-signal-final-2325882dfc8505d3,1,false,s0061-signal-final-2325882dfc8505d3_twirl_twoap_current_adp.png,../../data_local/label_reviews/s56_s62_signal_rereview/vet_sheets_s56_s62_a2v1_current_adp_v1/s0061-signal-final-2325882dfc8505d3_twirl_twoap_current_adp.png
61,835783930,eclipsing_binary_or_pceb,20.2451556077923,0.316158933085428,30,0.941004086716098,21.9967780638899,197.910159084841,s60_s62_tehan_hv2_3k_20260721,s0061-signal-final-ecc5429c25bbd305,1,false,s0061-signal-final-ecc5429c25bbd305_twirl_twoap_current_adp.png,../../data_local/label_reviews/s56_s62_signal_rereview/vet_sheets_s56_s62_a2v1_current_adp_v1/s0061-signal-final-ecc5429c25bbd305_twirl_twoap_current_adp.png
61,835981852,eclipsing_binary_or_pceb,18.8407347419285,0.329214641669544,30,0.831039606988288,19.0069792563882,556.530698003353,s60_s62_tehan_hv2_3k_20260721,s0061-signal-final-44da503d40459eae,1,false,s0061-signal-final-44da503d40459eae_twirl_twoap_current_adp.png,../../data_local/label_reviews/s56_s62_signal_rereview/vet_sheets_s56_s62_a2v1_current_adp_v1/s0061-signal-final-44da503d40459eae_twirl_twoap_current_adp.png
61,836024019,eclipsing_binary_or_pceb,18.2963492413399,0.188420840146627,30,0.106855147360876,3.16615853066823,46.0271106746408,s60_s62_tehan_hv2_3k_20260721,s0061-signal-final-b2fb12dcbfbabb09,1,false,s0061-signal-final-b2fb12dcbfbabb09_twirl_twoap_current_adp.png,../../data_local/label_reviews/s56_s62_signal_rereview/vet_sheets_s56_s62_a2v1_current_adp_v1/s0061-signal-final-b2fb12dcbfbabb09_twirl_twoap_current_adp.png
61,836141009,eclipsing_binary_or_pceb,19.0290358918914,0.202313110314451,30,1.54580386417737,44.1875045099323,1269.85885852678,s60_s62_tehan_hv2_3k_20260721,s0061-signal-final-6f4313c97891fa3a,1,false,s0061-signal-final-6f4313c97891fa3a_twirl_twoap_current_adp.png,../../data_local/label_reviews/s56_s62_signal_rereview/vet_sheets_s56_s62_a2v1_current_adp_v1/s0061-signal-final-6f4313c97891fa3a_twirl_twoap_current_adp.png
61,836770832,eclipsing_binary_or_pceb,18.0947309152555,0.159262079557574,30,0.0859914415806372,2.73242350944058,155.824520021646,s60_s62_tehan_hv2_3k_20260721,s0061-signal-final-5e60b19ef1d5fc35,1,false,s0061-signal-final-5e60b19ef1d5fc35_twirl_twoap_current_adp.png,../../data_local/label_reviews/s56_s62_signal_rereview/vet_sheets_s56_s62_a2v1_current_adp_v1/s0061-signal-final-5e60b19ef1d5fc35_twirl_twoap_current_adp.png
61,836818695,eclipsing_binary_or_pceb,17.4132086465527,0.205074694177249,30,0.978535267696625,27.8299220352294,2126.30899878091,s60_s62_tehan_hv2_3k_20260721,s0061-signal-final-ab0f24d37e5bac5e,1,false,s0061-signal-final-ab0f24d37e5bac5e_twirl_twoap_current_adp.png,../../data_local/label_reviews/s56_s62_signal_rereview/vet_sheets_s56_s62_a2v1_current_adp_v1/s0061-signal-final-ab0f24d37e5bac5e_twirl_twoap_current_adp.png
61,837207944,eclipsing_binary_or_pceb,20.0617046322924,0.638696370777916,30,0.297996839723345,4.94090938385073,331.442436579129,s60_s62_tehan_hv2_3k_20260721,s0061-signal-final-4f73779e95139fb4,1,false,s0061-signal-final-4f73779e95139fb4_twirl_twoap_current_adp.png,../../data_local/label_reviews/s56_s62_signal_rereview/vet_sheets_s56_s62_a2v1_current_adp_v1/s0061-signal-final-4f73779e95139fb4_twirl_twoap_current_adp.png
62,52776916,eclipsing_binary_or_pceb,18.5816283673912,0.819025233258599,30,0.783285945369396,11.3685484463496,162.825423786916,s60_s62_tehan_hv2_3k_20260721,s0062-signal-final-7322ad71269f418f,1,false,s0062-signal-final-7322ad71269f418f_twirl_twoap_current_adp.png,../../data_local/label_reviews/s56_s62_signal_rereview/vet_sheets_s56_s62_a2v1_current_adp_v1/s0062-signal-final-7322ad71269f418f_twirl_twoap_current_adp.png
62,193092806,eclipsing_binary_or_pceb,14.6879418327757,0.237019329896539,15,0.126095693850318,2.39137917977354,1025.29365388292,s60_s62_tehan_hv2_3k_20260721,s0062-signal-final-be33dbeb95896d0b,1,false,s0062-signal-final-be33dbeb95896d0b_twirl_twoap_current_adp.png,../../data_local/label_reviews/s56_s62_signal_rereview/vet_sheets_s56_s62_a2v1_current_adp_v1/s0062-signal-final-be33dbeb95896d0b_twirl_twoap_current_adp.png
62,682997791,eclipsing_binary_or_pceb,18.4769462361944,0.459983448354216,30,0.202856450586424,3.98878022599987,39.6339943501278,s60_s62_tehan_hv2_3k_20260721,s0062-signal-final-19b1702c5cebe300,1,false,s0062-signal-final-19b1702c5cebe300_twirl_twoap_current_adp.png,../../data_local/label_reviews/s56_s62_signal_rereview/vet_sheets_s56_s62_a2v1_current_adp_v1/s0062-signal-final-19b1702c5cebe300_twirl_twoap_current_adp.png
62,684948099,stellar_variability,20.175369273667,0.190237476116074,30,0.851414146624611,25.179219349034,924.998511677257,s60_s62_tehan_hv2_3k_20260721,s0062-signal-final-65a46781e781bb7f,1,false,s0062-signal-final-65a46781e781bb7f_twirl_twoap_current_adp.png,../../data_local/label_reviews/s56_s62_signal_rereview/vet_sheets_s56_s62_a2v1_current_adp_v1/s0062-signal-final-65a46781e781bb7f_twirl_twoap_current_adp.png
62,727550366,stellar_variability,18.6897728028734,0.145780714575583,30,0.29761511275074,9.84510282906979,222.512589175396,s60_s62_tehan_hv2_3k_20260721,s0062-signal-final-8cfae7c30806b8ba,1,false,s0062-signal-final-8cfae7c30806b8ba_twirl_twoap_current_adp.png,../../data_local/label_reviews/s56_s62_signal_rereview/vet_sheets_s56_s62_a2v1_current_adp_v1/s0062-signal-final-8cfae7c30806b8ba_twirl_twoap_current_adp.png
62,729520243,eclipsing_binary_or_pceb,18.7103282830452,0.644538740051012,30,0.214572214292197,3.58225746545398,20.6399384269332,s60_s62_tehan_hv2_3k_20260721,s0062-signal-final-24700984ba3bcef6,1,false,s0062-signal-final-24700984ba3bcef6_twirl_twoap_current_adp.png,../../data_local/label_reviews/s56_s62_signal_rereview/vet_sheets_s56_s62_a2v1_current_adp_v1/s0062-signal-final-24700984ba3bcef6_twirl_twoap_current_adp.png
62,730957726,eclipsing_binary_or_pceb,17.1757753198251,0.606562658255234,30,0.139276350167525,2.33295682591479,50.5589298470311,s60_s62_tehan_hv2_3k_20260721,s0062-signal-final-a06e6a0714a88697,1,false,s0062-signal-final-a06e6a0714a88697_twirl_twoap_current_adp.png,../../data_local/label_reviews/s56_s62_signal_rereview/vet_sheets_s56_s62_a2v1_current_adp_v1/s0062-signal-final-a06e6a0714a88697_twirl_twoap_current_adp.png
62,732537105,eclipsing_binary_or_pceb,18.7564164434783,0.607573000269626,30,0.671977729351657,11.5514029795725,204.694157052132,s60_s62_tehan_hv2_3k_20260721,s0062-signal-final-6fa23f246729e0de,1,false,s0062-signal-final-6fa23f246729e0de_twirl_twoap_current_adp.png,../../data_local/label_reviews/s56_s62_signal_rereview/vet_sheets_s56_s62_a2v1_current_adp_v1/s0062-signal-final-6fa23f246729e0de_twirl_twoap_current_adp.png
62,734454689,eclipsing_binary_or_pceb,19.5894580364462,5.70555532144499,30,2.48725785902892,14.8933341157858,350.571015420333,s60_s62_tehan_hv2_3k_20260721,s0062-signal-final-7b23641db0c8437c,1,false,s0062-signal-final-7b23641db0c8437c_twirl_twoap_current_adp.png,../../data_local/label_reviews/s56_s62_signal_rereview/vet_sheets_s56_s62_a2v1_current_adp_v1/s0062-signal-final-7b23641db0c8437c_twirl_twoap_current_adp.png
62,737155232,eclipsing_binary_or_pceb,19.9499141187915,2.59263914788342,30,1.82159413168682,15.3940901547709,99.9772980388299,s60_s62_tehan_hv2_3k_20260721,s0062-signal-final-3bb42b9b3325069c,1,false,s0062-signal-final-3bb42b9b3325069c_twirl_twoap_current_adp.png,../../data_local/label_reviews/s56_s62_signal_rereview/vet_sheets_s56_s62_a2v1_current_adp_v1/s0062-signal-final-3bb42b9b3325069c_twirl_twoap_current_adp.png
62,764598403,eclipsing_binary_or_pceb,20.3255881841325,0.23589764204375,30,1.05333093025759,28.1368312422006,353.679121614758,s60_s62_tehan_hv2_3k_20260721,s0062-signal-final-f354a114fd1280c6,1,false,s0062-signal-final-f354a114fd1280c6_twirl_twoap_current_adp.png,../../data_local/label_reviews/s56_s62_signal_rereview/vet_sheets_s56_s62_a2v1_current_adp_v1/s0062-signal-final-f354a114fd1280c6_twirl_twoap_current_adp.png
62,765538856,eclipsing_binary_or_pceb,19.6724306444033,6.25550488550351,30,0.938744444727227,5.62098614459027,17.1197423918078,s60_s62_tehan_hv2_3k_20260721,s0062-signal-final-b42e09f50d77cd67,1,false,s0062-signal-final-b42e09f50d77cd67_twirl_twoap_current_adp.png,../../data_local/label_reviews/s56_s62_signal_rereview/vet_sheets_s56_s62_a2v1_current_adp_v1/s0062-signal-final-b42e09f50d77cd67_twirl_twoap_current_adp.png
62,768694396,eclipsing_binary_or_pceb,19.8705861793718,1.50096538871556,30,1.35641310567764,14.0063558421332,71.4755665981793,s60_s62_tehan_hv2_3k_20260721,s0062-signal-final-5d691961998b3dde,1,false,s0062-signal-final-5d691961998b3dde_twirl_twoap_current_adp.png,../../data_local/label_reviews/s56_s62_signal_rereview/vet_sheets_s56_s62_a2v1_current_adp_v1/s0062-signal-final-5d691961998b3dde_twirl_twoap_current_adp.png
62,768767355,eclipsing_binary_or_pceb,20.1591721828119,1.98110267687322,30,1.25622722578494,12.4269148005123,53.6793326927173,s60_s62_tehan_hv2_3k_20260721,s0062-signal-final-44b3b2112eed7fcf,1,false,s0062-signal-final-44b3b2112eed7fcf_twirl_twoap_current_adp.png,../../data_local/label_reviews/s56_s62_signal_rereview/vet_sheets_s56_s62_a2v1_current_adp_v1/s0062-signal-final-44b3b2112eed7fcf_twirl_twoap_current_adp.png
62,805988504,eclipsing_binary_or_pceb,19.5485149549412,2.24327889608759,30,1.03558107644554,9.77433657647752,95.513851972929,s60_s62_tehan_hv2_3k_20260721,s0062-signal-final-f13d4c6f1d3049ca,1,false,s0062-signal-final-f13d4c6f1d3049ca_twirl_twoap_current_adp.png,../../data_local/label_reviews/s56_s62_signal_rereview/vet_sheets_s56_s62_a2v1_current_adp_v1/s0062-signal-final-f13d4c6f1d3049ca_twirl_twoap_current_adp.png
62,807337502,eclipsing_binary_or_pceb,17.432230636457,2.32854162887514,30,0.371178057339045,3.32530412872933,62.8506200053632,s60_s62_tehan_hv2_3k_20260721,s0062-signal-final-ea5c68c2cd680ce0,1,false,s0062-signal-final-ea5c68c2cd680ce0_twirl_twoap_current_adp.png,../../data_local/label_reviews/s56_s62_signal_rereview/vet_sheets_s56_s62_a2v1_current_adp_v1/s0062-signal-final-ea5c68c2cd680ce0_twirl_twoap_current_adp.png
62,807618818,eclipsing_binary_or_pceb,18.1168518076172,0.199599726514714,30,0.130214296652802,3.7470920722056,107.964993262518,s60_s62_tehan_hv2_3k_20260721,s0062-signal-final-eee2e94f8918b8cf,1,false,s0062-signal-final-eee2e94f8918b8cf_twirl_twoap_current_adp.png,../../data_local/label_reviews/s56_s62_signal_rereview/vet_sheets_s56_s62_a2v1_current_adp_v1/s0062-signal-final-eee2e94f8918b8cf_twirl_twoap_current_adp.png
62,807746672,eclipsing_binary_or_pceb,19.6777308737879,0.957604879842803,30,0.327669224334821,4.45644506311584,18.5197516910979,s60_s62_tehan_hv2_3k_20260721,s0062-signal-final-2191a4686c9d38a4,1,false,s0062-signal-final-2191a4686c9d38a4_twirl_twoap_current_adp.png,../../data_local/label_reviews/s56_s62_signal_rereview/vet_sheets_s56_s62_a2v1_current_adp_v1/s0062-signal-final-2191a4686c9d38a4_twirl_twoap_current_adp.png
62,807794820,eclipsing_binary_or_pceb,19.5139860610721,1.73181192935961,30,1.21286315275098,12.52749965399,82.6854715310861,s60_s62_tehan_hv2_3k_20260721,s0062-signal-final-55ba5e6e12d1d537,1,false,s0062-signal-final-55ba5e6e12d1d537_twirl_twoap_current_adp.png,../../data_local/label_reviews/s56_s62_signal_rereview/vet_sheets_s56_s62_a2v1_current_adp_v1/s0062-signal-final-55ba5e6e12d1d537_twirl_twoap_current_adp.png
62,808479326,eclipsing_binary_or_pceb,19.9218145309945,2.50101469710224,30,1.05560602654865,9.45688258028818,32.1103125363738,s60_s62_tehan_hv2_3k_20260721,s0062-signal-final-4d414be16360f640,1,false,s0062-signal-final-4d414be16360f640_twirl_twoap_current_adp.png,../../data_local/label_reviews/s56_s62_signal_rereview/vet_sheets_s56_s62_a2v1_current_adp_v1/s0062-signal-final-4d414be16360f640_twirl_twoap_current_adp.png
62,808611330,eclipsing_binary_or_pceb,19.844354689263,0.67648296857322,30,0.631541815768251,10.2175306572348,59.6318724069212,s60_s62_tehan_hv2_3k_20260721,s0062-signal-final-96c57662f59bf16f,1,false,s0062-signal-final-96c57662f59bf16f_twirl_twoap_current_adp.png,../../data_local/label_reviews/s56_s62_signal_rereview/vet_sheets_s56_s62_a2v1_current_adp_v1/s0062-signal-final-96c57662f59bf16f_twirl_twoap_current_adp.png
62,808767536,eclipsing_binary_or_pceb,19.9131518329227,2.3305879221042,30,1.10235469508689,9.87535880151647,38.9427855357863,s60_s62_tehan_hv2_3k_20260721,s0062-signal-final-db53bea066f34ab3,1,false,s0062-signal-final-db53bea066f34ab3_twirl_twoap_current_adp.png,../../data_local/label_reviews/s56_s62_signal_rereview/vet_sheets_s56_s62_a2v1_current_adp_v1/s0062-signal-final-db53bea066f34ab3_twirl_twoap_current_adp.png
62,808863359,eclipsing_binary_or_pceb,20.0416021904628,0.389878067402694,30,0.777952543895336,16.4426826286654,128.912528136481,s60_s62_tehan_hv2_3k_20260721,s0062-signal-final-1c6b1539c715183e,1,false,s0062-signal-final-1c6b1539c715183e_twirl_twoap_current_adp.png,../../data_local/label_reviews/s56_s62_signal_rereview/vet_sheets_s56_s62_a2v1_current_adp_v1/s0062-signal-final-1c6b1539c715183e_twirl_twoap_current_adp.png
62,808949028,eclipsing_binary_or_pceb,19.4956353122009,1.55412749890669,30,1.01929610458698,10.5279811399584,47.7663040725661,s60_s62_tehan_hv2_3k_20260721,s0062-signal-final-0f051dd21f9b7c9d,1,false,s0062-signal-final-0f051dd21f9b7c9d_twirl_twoap_current_adp.png,../../data_local/label_reviews/s56_s62_signal_rereview/vet_sheets_s56_s62_a2v1_current_adp_v1/s0062-signal-final-0f051dd21f9b7c9d_twirl_twoap_current_adp.png
62,808976176,eclipsing_binary_or_pceb,20.0833036051487,1.24721098721198,30,0.691561981897209,8.23053377300417,33.9861885633968,s60_s62_tehan_hv2_3k_20260721,s0062-signal-final-7bb97fe3cf211846,1,false,s0062-signal-final-7bb97fe3cf211846_twirl_twoap_current_adp.png,../../data_local/label_reviews/s56_s62_signal_rereview/vet_sheets_s56_s62_a2v1_current_adp_v1/s0062-signal-final-7bb97fe3cf211846_twirl_twoap_current_adp.png
62,809601101,stellar_variability,20.4664226689819,0.350387150447209,30,0.682134343924579,15.2423248149053,82.7917041351268,s60_s62_tehan_hv2_3k_20260721,s0062-signal-final-d06156e418a54a66,1,false,s0062-signal-final-d06156e418a54a66_twirl_twoap_current_adp.png,../../data_local/label_reviews/s56_s62_signal_rereview/vet_sheets_s56_s62_a2v1_current_adp_v1/s0062-signal-final-d06156e418a54a66_twirl_twoap_current_adp.png
62,809649566,eclipsing_binary_or_pceb,18.7355400690476,1.1430496740598,30,0.16481690046345,2.07844630305485,12.3471509086289,s60_s62_tehan_hv2_3k_20260721,s0062-signal-final-09815bc5e2d8eff0,1,false,s0062-signal-final-09815bc5e2d8eff0_twirl_twoap_current_adp.png,../../data_local/label_reviews/s56_s62_signal_rereview/vet_sheets_s56_s62_a2v1_current_adp_v1/s0062-signal-final-09815bc5e2d8eff0_twirl_twoap_current_adp.png
62,813323066,eclipsing_binary_or_pceb,19.9613188796082,0.418896809482821,30,1.05079837433697,21.3429091849012,298.902169897008,s60_s62_tehan_hv2_3k_20260721,s0062-signal-final-bc6827a12e399f71,1,false,s0062-signal-final-bc6827a12e399f71_twirl_twoap_current_adp.png,../../data_local/label_reviews/s56_s62_signal_rereview/vet_sheets_s56_s62_a2v1_current_adp_v1/s0062-signal-final-bc6827a12e399f71_twirl_twoap_current_adp.png
62,814242325,eclipsing_binary_or_pceb,18.9165923269015,2.18959559992485,30,0.38212674424482,3.60654682548783,13.3930327092182,s60_s62_tehan_hv2_3k_20260721,s0062-signal-final-5ded47a36463780f,1,false,s0062-signal-final-5ded47a36463780f_twirl_twoap_current_adp.png,../../data_local/label_reviews/s56_s62_signal_rereview/vet_sheets_s56_s62_a2v1_current_adp_v1/s0062-signal-final-5ded47a36463780f_twirl_twoap_current_adp.png
62,816587565,eclipsing_binary_or_pceb,18.8768849345511,0.524375953614117,30,0.773186698934122,13.8353714815004,120.914870195484,s60_s62_tehan_hv2_3k_20260721,s0062-signal-final-66e757652e987451,1,false,s0062-signal-final-66e757652e987451_twirl_twoap_current_adp.png,../../data_local/label_reviews/s56_s62_signal_rereview/vet_sheets_s56_s62_a2v1_current_adp_v1/s0062-signal-final-66e757652e987451_twirl_twoap_current_adp.png
62,816633058,eclipsing_binary_or_pceb,18.8296135111783,3.02696030239516,30,0.673015272328071,5.3223931382697,19.1667549811295,s60_s62_tehan_hv2_3k_20260721,s0062-signal-final-876df2459bc6674f,1,false,s0062-signal-final-876df2459bc6674f_twirl_twoap_current_adp.png,../../data_local/label_reviews/s56_s62_signal_rereview/vet_sheets_s56_s62_a2v1_current_adp_v1/s0062-signal-final-876df2459bc6674f_twirl_twoap_current_adp.png
62,816736865,eclipsing_binary_or_pceb,19.112345766385,1.78674327671271,30,9.56904881922328,90.3047598088709,437.030659392978,s60_s62_tehan_hv2_3k_20260721,s0062-signal-final-e6f7eff00184b827,1,false,s0062-signal-final-e6f7eff00184b827_twirl_twoap_current_adp.png,../../data_local/label_reviews/s56_s62_signal_rereview/vet_sheets_s56_s62_a2v1_current_adp_v1/s0062-signal-final-e6f7eff00184b827_twirl_twoap_current_adp.png
62,816943907,eclipsing_binary_or_pceb,20.2996284140343,0.180552008199015,30,1.075166923507,31.9697588422678,513.966669503382,s60_s62_tehan_hv2_3k_20260721,s0062-signal-final-962c93e284bd4590,1,false,s0062-signal-final-962c93e284bd4590_twirl_twoap_current_adp.png,../../data_local/label_reviews/s56_s62_signal_rereview/vet_sheets_s56_s62_a2v1_current_adp_v1/s0062-signal-final-962c93e284bd4590_twirl_twoap_current_adp.png
62,822198864,eclipsing_binary_or_pceb,19.2165726576875,3.28255856316602,30,1.06996336045906,9.04191670195742,47.6466791999487,s60_s62_tehan_hv2_3k_20260721,s0062-signal-final-9c6542cc0f0c2b28,1,false,s0062-signal-final-9c6542cc0f0c2b28_twirl_twoap_current_adp.png,../../data_local/label_reviews/s56_s62_signal_rereview/vet_sheets_s56_s62_a2v1_current_adp_v1/s0062-signal-final-9c6542cc0f0c2b28_twirl_twoap_current_adp.png
62,822238594,eclipsing_binary_or_pceb,20.6300468120907,5.67796268523015,30,0.992697334219858,5.15033041555089,44.0570189353978,s60_s62_tehan_hv2_3k_20260721,s0062-signal-final-2d4cd6071b2de1cd,1,false,s0062-signal-final-2d4cd6071b2de1cd_twirl_twoap_current_adp.png,../../data_local/label_reviews/s56_s62_signal_rereview/vet_sheets_s56_s62_a2v1_current_adp_v1/s0062-signal-final-2d4cd6071b2de1cd_twirl_twoap_current_adp.png
62,823150773,eclipsing_binary_or_pceb,18.0454505775031,0.383800132202742,30,0.125403201784583,2.68636563611337,19.9895543110894,s60_s62_tehan_hv2_3k_20260721,s0062-signal-final-82180ee2bb2b28c5,1,false,s0062-signal-final-82180ee2bb2b28c5_twirl_twoap_current_adp.png,../../data_local/label_reviews/s56_s62_signal_rereview/vet_sheets_s56_s62_a2v1_current_adp_v1/s0062-signal-final-82180ee2bb2b28c5_twirl_twoap_current_adp.png
62,826088462,eclipsing_binary_or_pceb,19.9605264287827,1.53236245113541,30,1.94402451964084,20.8856395518977,115.442298009872,s60_s62_tehan_hv2_3k_20260721,s0062-signal-final-ee2005062fd4f9e3,1,false,s0062-signal-final-ee2005062fd4f9e3_twirl_twoap_current_adp.png,../../data_local/label_reviews/s56_s62_signal_rereview/vet_sheets_s56_s62_a2v1_current_adp_v1/s0062-signal-final-ee2005062fd4f9e3_twirl_twoap_current_adp.png
62,826253529,eclipsing_binary_or_pceb,18.1645108724028,1.15549936875196,30,0.330601818809974,3.81136465394596,101.788164238213,s60_s62_tehan_hv2_3k_20260721,s0062-signal-final-d7c423b474cf29ba,1,false,s0062-signal-final-d7c423b474cf29ba_twirl_twoap_current_adp.png,../../data_local/label_reviews/s56_s62_signal_rereview/vet_sheets_s56_s62_a2v1_current_adp_v1/s0062-signal-final-d7c423b474cf29ba_twirl_twoap_current_adp.png
62,826429462,eclipsing_binary_or_pceb,18.0270176258372,0.551496823382666,30,0.284437732377462,4.95701980527465,82.5273917177357,s60_s62_tehan_hv2_3k_20260721,s0062-signal-final-219d31b1c6890632,1,false,s0062-signal-final-219d31b1c6890632_twirl_twoap_current_adp.png,../../data_local/label_reviews/s56_s62_signal_rereview/vet_sheets_s56_s62_a2v1_current_adp_v1/s0062-signal-final-219d31b1c6890632_twirl_twoap_current_adp.png
62,826878676,eclipsing_binary_or_pceb,19.7924305146266,0.471679619093392,30,0.718231456456512,13.807367074042,75.2748922838768,s60_s62_tehan_hv2_3k_20260721,s0062-signal-final-59cfc0f252bb3cd3,1,false,s0062-signal-final-59cfc0f252bb3cd3_twirl_twoap_current_adp.png,../../data_local/label_reviews/s56_s62_signal_rereview/vet_sheets_s56_s62_a2v1_current_adp_v1/s0062-signal-final-59cfc0f252bb3cd3_twirl_twoap_current_adp.png
62,827231793,eclipsing_binary_or_pceb,19.1026197342833,2.41415052221199,30,0.562328106912311,5.03746813497044,26.4895999239343,s60_s62_tehan_hv2_3k_20260721,s0062-signal-final-e55d36c172f693ce,1,false,s0062-signal-final-e55d36c172f693ce_twirl_twoap_current_adp.png,../../data_local/label_reviews/s56_s62_signal_rereview/vet_sheets_s56_s62_a2v1_current_adp_v1/s0062-signal-final-e55d36c172f693ce_twirl_twoap_current_adp.png
62,827878109,eclipsing_binary_or_pceb,19.9092273513321,0.289909972298843,30,0.725161265624762,17.2683475408461,103.735147015583,s60_s62_tehan_hv2_3k_20260721,s0062-signal-final-5beae942b84a32d9,1,false,s0062-signal-final-5beae942b84a32d9_twirl_twoap_current_adp.png,../../data_local/label_reviews/s56_s62_signal_rereview/vet_sheets_s56_s62_a2v1_current_adp_v1/s0062-signal-final-5beae942b84a32d9_twirl_twoap_current_adp.png
62,828513509,eclipsing_binary_or_pceb,19.820221139824,0.287949803764013,30,0.721124917514129,17.6654120800043,291.76335747654,s60_s62_tehan_hv2_3k_20260721,s0062-signal-final-1911b3abefe7fc94,1,false,s0062-signal-final-1911b3abefe7fc94_twirl_twoap_current_adp.png,../../data_local/label_reviews/s56_s62_signal_rereview/vet_sheets_s56_s62_a2v1_current_adp_v1/s0062-signal-final-1911b3abefe7fc94_twirl_twoap_current_adp.png
62,829733017,eclipsing_binary_or_pceb,19.4704606989386,1.8594076104657,30,1.18705231480331,11.4458068336507,91.0614951967234,s60_s62_tehan_hv2_3k_20260721,s0062-signal-final-f5bba55437fd47b8,1,false,s0062-signal-final-f5bba55437fd47b8_twirl_twoap_current_adp.png,../../data_local/label_reviews/s56_s62_signal_rereview/vet_sheets_s56_s62_a2v1_current_adp_v1/s0062-signal-final-f5bba55437fd47b8_twirl_twoap_current_adp.png
62,841480647,eclipsing_binary_or_pceb,19.5124033689731,0.368969342474268,30,0.186799412636807,4.07294465671839,31.7549678930472,s60_s62_tehan_hv2_3k_20260721,s0062-signal-final-18c69a149a8022fe,1,false,s0062-signal-final-18c69a149a8022fe_twirl_twoap_current_adp.png,../../data_local/label_reviews/s56_s62_signal_rereview/vet_sheets_s56_s62_a2v1_current_adp_v1/s0062-signal-final-18c69a149a8022fe_twirl_twoap_current_adp.png
62,841548545,eclipsing_binary_or_pceb,20.2495962870812,0.359859547130197,30,0.188647599457582,4.07566820579514,385.489989624039,s60_s62_tehan_hv2_3k_20260721,s0062-signal-final-fa20a6c0e97b97fc,1,false,s0062-signal-final-fa20a6c0e97b97fc_twirl_twoap_current_adp.png,../../data_local/label_reviews/s56_s62_signal_rereview/vet_sheets_s56_s62_a2v1_current_adp_v1/s0062-signal-final-fa20a6c0e97b97fc_twirl_twoap_current_adp.png
62,841861696,eclipsing_binary_or_pceb,19.5480840245347,1.04747107408064,30,9.17569766244246,121.814158190354,362.937072398621,s60_s62_tehan_hv2_3k_20260721,s0062-signal-final-bebe1d7e54df383a,1,false,s0062-signal-final-bebe1d7e54df383a_twirl_twoap_current_adp.png,../../data_local/label_reviews/s56_s62_signal_rereview/vet_sheets_s56_s62_a2v1_current_adp_v1/s0062-signal-final-bebe1d7e54df383a_twirl_twoap_current_adp.png
62,842028390,instrumental_or_systematic,18.9553927571702,9.88017997344566,30,0.320411854214827,1.35803441002002,21.4502635043224,s60_s62_tehan_hv2_3k_20260721,s0062-signal-final-c9740bcb60467c2a,1,false,s0062-signal-final-c9740bcb60467c2a_twirl_twoap_current_adp.png,../../data_local/label_reviews/s56_s62_signal_rereview/vet_sheets_s56_s62_a2v1_current_adp_v1/s0062-signal-final-c9740bcb60467c2a_twirl_twoap_current_adp.png
62,842038502,eclipsing_binary_or_pceb,19.7971630559643,0.603277346572037,30,2.02323331273285,34.7870901254731,411.411801830994,s60_s62_tehan_hv2_3k_20260721,s0062-signal-final-2f7e770ebba466f5,1,false,s0062-signal-final-2f7e770ebba466f5_twirl_twoap_current_adp.png,../../data_local/label_reviews/s56_s62_signal_rereview/vet_sheets_s56_s62_a2v1_current_adp_v1/s0062-signal-final-2f7e770ebba466f5_twirl_twoap_current_adp.png
62,855683892,eclipsing_binary_or_pceb,20.4578176282861,2.3210538448533,30,1.85882555167014,15.7086855442689,115.133505064472,s60_s62_tehan_hv2_3k_20260721,s0062-signal-final-b1819c63ca55fb0a,1,false,s0062-signal-final-b1819c63ca55fb0a_twirl_twoap_current_adp.png,../../data_local/label_reviews/s56_s62_signal_rereview/vet_sheets_s56_s62_a2v1_current_adp_v1/s0062-signal-final-b1819c63ca55fb0a_twirl_twoap_current_adp.png
62,857008575,eclipsing_binary_or_pceb,20.6313790127306,0.236239298637978,30,0.94513569106833,25.2536138136968,437.200037150162,s60_s62_tehan_hv2_3k_20260721,s0062-signal-final-e5036390c27ca17e,1,false,s0062-signal-final-e5036390c27ca17e_twirl_twoap_current_adp.png,../../data_local/label_reviews/s56_s62_signal_rereview/vet_sheets_s56_s62_a2v1_current_adp_v1/s0062-signal-final-e5036390c27ca17e_twirl_twoap_current_adp.png
62,857553717,eclipsing_binary_or_pceb,20.2368969098066,0.420440880056362,30,0.117402835210286,2.42659537372872,45.3218929810459,s60_s62_tehan_hv2_3k_20260721,s0062-signal-final-93310485c7c76b83,1,false,s0062-signal-final-93310485c7c76b83_twirl_twoap_current_adp.png,../../data_local/label_reviews/s56_s62_signal_rereview/vet_sheets_s56_s62_a2v1_current_adp_v1/s0062-signal-final-93310485c7c76b83_twirl_twoap_current_adp.png
62,858330794,eclipsing_binary_or_pceb,19.8851146654409,0.511395165187344,30,1.27938896260751,23.4912307596338,748.407624931673,s60_s62_tehan_hv2_3k_20260721,s0062-signal-final-3fbbce0c39711782,1,false,s0062-signal-final-3fbbce0c39711782_twirl_twoap_current_adp.png,../../data_local/label_reviews/s56_s62_signal_rereview/vet_sheets_s56_s62_a2v1_current_adp_v1/s0062-signal-final-3fbbce0c39711782_twirl_twoap_current_adp.png
62,858585291,eclipsing_binary_or_pceb,18.1191554920243,2.72050414934522,30,1.16809345294525,8.94243640183377,115.438567129434,s60_s62_tehan_hv2_3k_20260721,s0062-signal-final-44fd8af6da4f4b59,1,false,s0062-signal-final-44fd8af6da4f4b59_twirl_twoap_current_adp.png,../../data_local/label_reviews/s56_s62_signal_rereview/vet_sheets_s56_s62_a2v1_current_adp_v1/s0062-signal-final-44fd8af6da4f4b59_twirl_twoap_current_adp.png
62,859262125,eclipsing_binary_or_pceb,19.938503462178,0.431799229173508,30,0.252685613726463,5.07164343045036,20.4693496935649,s60_s62_tehan_hv2_3k_20260721,s0062-signal-final-9a7d4820b1ddc4c5,1,false,s0062-signal-final-9a7d4820b1ddc4c5_twirl_twoap_current_adp.png,../../data_local/label_reviews/s56_s62_signal_rereview/vet_sheets_s56_s62_a2v1_current_adp_v1/s0062-signal-final-9a7d4820b1ddc4c5_twirl_twoap_current_adp.png
62,859267560,eclipsing_binary_or_pceb,19.3708562360694,3.11748830624236,30,5.26670895579275,44.5078830074479,1058.97252538055,s60_s62_tehan_hv2_3k_20260721,s0062-signal-final-7d06a511a8e92cab,1,false,s0062-signal-final-7d06a511a8e92cab_twirl_twoap_current_adp.png,../../data_local/label_reviews/s56_s62_signal_rereview/vet_sheets_s56_s62_a2v1_current_adp_v1/s0062-signal-final-7d06a511a8e92cab_twirl_twoap_current_adp.png
62,859722081,eclipsing_binary_or_pceb,19.9002919665394,0.184654121441171,30,0.401996606615977,11.9699261517666,87.5045717477765,s60_s62_tehan_hv2_3k_20260721,s0062-signal-final-a31224e13895e038,1,false,s0062-signal-final-a31224e13895e038_twirl_twoap_current_adp.png,../../data_local/label_reviews/s56_s62_signal_rereview/vet_sheets_s56_s62_a2v1_current_adp_v1/s0062-signal-final-a31224e13895e038_twirl_twoap_current_adp.png
62,866372657,eclipsing_binary_or_pceb,18.9879091225287,1.11765671828237,30,15.1755746390335,196.525514180161,702.961191100585,s60_s62_tehan_hv2_3k_20260721,s0062-signal-final-a45e04a103f7b462,1,false,s0062-signal-final-a45e04a103f7b462_twirl_twoap_current_adp.png,../../data_local/label_reviews/s56_s62_signal_rereview/vet_sheets_s56_s62_a2v1_current_adp_v1/s0062-signal-final-a45e04a103f7b462_twirl_twoap_current_adp.png
62,866722266,eclipsing_binary_or_pceb,17.9949625899749,1.74012552146108,30,0.469103645298753,4.84534849583555,132.90224826133,s60_s62_tehan_hv2_3k_20260721,s0062-signal-final-615857fe39b1535e,1,false,s0062-signal-final-615857fe39b1535e_twirl_twoap_current_adp.png,../../data_local/label_reviews/s56_s62_signal_rereview/vet_sheets_s56_s62_a2v1_current_adp_v1/s0062-signal-final-615857fe39b1535e_twirl_twoap_current_adp.png
62,870796055,eclipsing_binary_or_pceb,18.9750244307741,0.286577560470048,30,0.936140889979278,22.8893414391219,413.777724974373,s60_s62_tehan_hv2_3k_20260721,s0062-signal-final-eab21c248d8142a4,1,false,s0062-signal-final-eab21c248d8142a4_twirl_twoap_current_adp.png,../../data_local/label_reviews/s56_s62_signal_rereview/vet_sheets_s56_s62_a2v1_current_adp_v1/s0062-signal-final-eab21c248d8142a4_twirl_twoap_current_adp.png
62,872193747,eclipsing_binary_or_pceb,20.1413384379255,0.25866918060875,30,0.451175473879157,11.3235165511769,54.9397496634038,s60_s62_tehan_hv2_3k_20260721,s0062-signal-final-1e854fbe3846864f,1,false,s0062-signal-final-1e854fbe3846864f_twirl_twoap_current_adp.png,../../data_local/label_reviews/s56_s62_signal_rereview/vet_sheets_s56_s62_a2v1_current_adp_v1/s0062-signal-final-1e854fbe3846864f_twirl_twoap_current_adp.png
62,872262971,eclipsing_binary_or_pceb,20.1395139182203,0.225337747174793,30,1.64714471483203,44.1721224307629,1461.20305124512,s60_s62_tehan_hv2_3k_20260721,s0062-signal-final-b52a40507d936897,1,false,s0062-signal-final-b52a40507d936897_twirl_twoap_current_adp.png,../../data_local/label_reviews/s56_s62_signal_rereview/vet_sheets_s56_s62_a2v1_current_adp_v1/s0062-signal-final-b52a40507d936897_twirl_twoap_current_adp.png
62,872801246,eclipsing_binary_or_pceb,20.332560900228,0.150780106640666,30,0.547360967367944,17.5050789541029,127.741346465996,s60_s62_tehan_hv2_3k_20260721,s0062-signal-final-ba5cea5ffd751e97,1,false,s0062-signal-final-ba5cea5ffd751e97_twirl_twoap_current_adp.png,../../data_local/label_reviews/s56_s62_signal_rereview/vet_sheets_s56_s62_a2v1_current_adp_v1/s0062-signal-final-ba5cea5ffd751e97_twirl_twoap_current_adp.png
62,872806184,eclipsing_binary_or_pceb,19.8195448862901,0.450425011160683,30,0.249598776741159,4.79173203330305,63.6801460620487,s60_s62_tehan_hv2_3k_20260721,s0062-signal-final-0eecf1efa33df8e1,1,false,s0062-signal-final-0eecf1efa33df8e1_twirl_twoap_current_adp.png,../../data_local/label_reviews/s56_s62_signal_rereview/vet_sheets_s56_s62_a2v1_current_adp_v1/s0062-signal-final-0eecf1efa33df8e1_twirl_twoap_current_adp.png
62,872852437,eclipsing_binary_or_pceb,18.6852137256445,0.349811404092106,30,0.263948541070148,5.74281054504057,184.436384384577,s60_s62_tehan_hv2_3k_20260721,s0062-signal-final-38e0929ecf733108,1,false,s0062-signal-final-38e0929ecf733108_twirl_twoap_current_adp.png,../../data_local/label_reviews/s56_s62_signal_rereview/vet_sheets_s56_s62_a2v1_current_adp_v1/s0062-signal-final-38e0929ecf733108_twirl_twoap_current_adp.png
62,872872516,eclipsing_binary_or_pceb,19.2881985622763,0.146220996649435,30,1.58858834831101,51.4935805758056,1686.72563360277,s60_s62_tehan_hv2_3k_20260721,s0062-signal-final-0b8213b47527eca7,1,false,s0062-signal-final-0b8213b47527eca7_twirl_twoap_current_adp.png,../../data_local/label_reviews/s56_s62_signal_rereview/vet_sheets_s56_s62_a2v1_current_adp_v1/s0062-signal-final-0b8213b47527eca7_twirl_twoap_current_adp.png
62,873012099,eclipsing_binary_or_pceb,19.805516032063,0.313268104121702,30,1.06110915877513,24.5895607061071,366.909366626405,s60_s62_tehan_hv2_3k_20260721,s0062-signal-final-666472e22ab4331d,1,false,s0062-signal-final-666472e22ab4331d_twirl_twoap_current_adp.png,../../data_local/label_reviews/s56_s62_signal_rereview/vet_sheets_s56_s62_a2v1_current_adp_v1/s0062-signal-final-666472e22ab4331d_twirl_twoap_current_adp.png
62,874182410,eclipsing_binary_or_pceb,20.561237150328,2.39552511605637,30,2.90609715727371,26.0311088705281,168.068588044718,s60_s62_tehan_hv2_3k_20260721,s0062-signal-final-9b5f4e7a320e70fb,1,false,s0062-signal-final-9b5f4e7a320e70fb_twirl_twoap_current_adp.png,../../data_local/label_reviews/s56_s62_signal_rereview/vet_sheets_s56_s62_a2v1_current_adp_v1/s0062-signal-final-9b5f4e7a320e70fb_twirl_twoap_current_adp.png
62,874225825,eclipsing_binary_or_pceb,20.340956146802,0.530079503384259,30,2.57167421797824,46.0077680655168,732.206594193864,s60_s62_tehan_hv2_3k_20260721,s0062-signal-final-fba3657d7bfd2c5c,1,false,s0062-signal-final-fba3657d7bfd2c5c_twirl_twoap_current_adp.png,../../data_local/label_reviews/s56_s62_signal_rereview/vet_sheets_s56_s62_a2v1_current_adp_v1/s0062-signal-final-fba3657d7bfd2c5c_twirl_twoap_current_adp.png
62,874304054,eclipsing_binary_or_pceb,20.3961953297109,2.0554416835729,30,1.86393505315095,16.6961634149303,100.762354966353,s60_s62_tehan_hv2_3k_20260721,s0062-signal-final-dbb7c0f658f6d6e4,1,false,s0062-signal-final-dbb7c0f658f6d6e4_twirl_twoap_current_adp.png,../../data_local/label_reviews/s56_s62_signal_rereview/vet_sheets_s56_s62_a2v1_current_adp_v1/s0062-signal-final-dbb7c0f658f6d6e4_twirl_twoap_current_adp.png
62,874359170,eclipsing_binary_or_pceb,19.8118950506697,0.129254162021104,30,1.73361319841814,58.8008435145473,1864.43391789738,s60_s62_tehan_hv2_3k_20260721,s0062-signal-final-b0a31d52b72ddb1d,1,false,s0062-signal-final-b0a31d52b72ddb1d_twirl_twoap_current_adp.png,../../data_local/label_reviews/s56_s62_signal_rereview/vet_sheets_s56_s62_a2v1_current_adp_v1/s0062-signal-final-b0a31d52b72ddb1d_twirl_twoap_current_adp.png
62,874397958,eclipsing_binary_or_pceb,19.8974070389792,0.425312360612774,30,0.664505300698303,13.1884915001377,96.3276343547442,s60_s62_tehan_hv2_3k_20260721,s0062-signal-final-43fea7efc6882067,1,false,s0062-signal-final-43fea7efc6882067_twirl_twoap_current_adp.png,../../data_local/label_reviews/s56_s62_signal_rereview/vet_sheets_s56_s62_a2v1_current_adp_v1/s0062-signal-final-43fea7efc6882067_twirl_twoap_current_adp.png
62,874584115,eclipsing_binary_or_pceb,20.2177481053502,0.334326166976082,30,0.856654342479864,19.2748713955166,146.586811603641,s60_s62_tehan_hv2_3k_20260721,s0062-signal-final-ec65c1ea9b0d456c,1,false,s0062-signal-final-ec65c1ea9b0d456c_twirl_twoap_current_adp.png,../../data_local/label_reviews/s56_s62_signal_rereview/vet_sheets_s56_s62_a2v1_current_adp_v1/s0062-signal-final-ec65c1ea9b0d456c_twirl_twoap_current_adp.png
62,874691826,eclipsing_binary_or_pceb,20.275916458113,0.142473919631186,30,0.419467682906587,13.7556801288154,182.118639622052,s60_s62_tehan_hv2_3k_20260721,s0062-signal-final-faaf65c5e49b4395,1,false,s0062-signal-final-faaf65c5e49b4395_twirl_twoap_current_adp.png,../../data_local/label_reviews/s56_s62_signal_rereview/vet_sheets_s56_s62_a2v1_current_adp_v1/s0062-signal-final-faaf65c5e49b4395_twirl_twoap_current_adp.png
62,875009754,eclipsing_binary_or_pceb,19.8566669947152,4.17637740883338,30,9.46543914281664,56.6726925163477,228.678943476623,s60_s62_tehan_hv2_3k_20260721,s0062-signal-final-d131885f09cbe5b2,1,false,s0062-signal-final-d131885f09cbe5b2_twirl_twoap_current_adp.png,../../data_local/label_reviews/s56_s62_signal_rereview/vet_sheets_s56_s62_a2v1_current_adp_v1/s0062-signal-final-d131885f09cbe5b2_twirl_twoap_current_adp.png
62,875100744,eclipsing_binary_or_pceb,19.9110803098405,0.780313261236605,30,1.83778378047502,27.1969149368744,216.028586120517,s60_s62_tehan_hv2_3k_20260721,s0062-signal-final-f4cdab1f08983a8b,1,false,s0062-signal-final-f4cdab1f08983a8b_twirl_twoap_current_adp.png,../../data_local/label_reviews/s56_s62_signal_rereview/vet_sheets_s56_s62_a2v1_current_adp_v1/s0062-signal-final-f4cdab1f08983a8b_twirl_twoap_current_adp.png
62,875186954,eclipsing_binary_or_pceb,20.5346157243558,0.163288870307061,30,0.301391728886539,9.22290598167458,34.6239044608368,s60_s62_tehan_hv2_3k_20260721,s0062-signal-final-a000940591cc6892,1,false,s0062-signal-final-a000940591cc6892_twirl_twoap_current_adp.png,../../data_local/label_reviews/s56_s62_signal_rereview/vet_sheets_s56_s62_a2v1_current_adp_v1/s0062-signal-final-a000940591cc6892_twirl_twoap_current_adp.png
62,875268215,eclipsing_binary_or_pceb,19.303760616013,0.331610175583026,30,1.19990559485766,26.3808157084819,358.949353825893,s60_s62_tehan_hv2_3k_20260721,s0062-signal-final-57d8c10cc8f04340,1,false,s0062-signal-final-57d8c10cc8f04340_twirl_twoap_current_adp.png,../../data_local/label_reviews/s56_s62_signal_rereview/vet_sheets_s56_s62_a2v1_current_adp_v1/s0062-signal-final-57d8c10cc8f04340_twirl_twoap_current_adp.png
62,875523523,eclipsing_binary_or_pceb,20.0803857614387,0.316898016585279,30,2.14839990645458,48.5113144097478,615.265569875446,s60_s62_tehan_hv2_3k_20260721,s0062-signal-final-f6b7e8f6200fc890,1,false,s0062-signal-final-f6b7e8f6200fc890_twirl_twoap_current_adp.png,../../data_local/label_reviews/s56_s62_signal_rereview/vet_sheets_s56_s62_a2v1_current_adp_v1/s0062-signal-final-f6b7e8f6200fc890_twirl_twoap_current_adp.png
62,875737804,stellar_variability,18.7477614225272,3.04543878309081,30,4.15397498211659,35.1001662053214,638.462776878009,s60_s62_tehan_hv2_3k_20260721,s0062-signal-final-fbc5e448aba3406b,1,false,s0062-signal-final-fbc5e448aba3406b_twirl_twoap_current_adp.png,../../data_local/label_reviews/s56_s62_signal_rereview/vet_sheets_s56_s62_a2v1_current_adp_v1/s0062-signal-final-fbc5e448aba3406b_twirl_twoap_current_adp.png
62,875939653,eclipsing_binary_or_pceb,20.0153822052105,1.67917171461445,30,1.66355176616439,17.8697195637271,111.326440226295,s60_s62_tehan_hv2_3k_20260721,s0062-signal-final-bb8d6c4b0afa8e2f,1,false,s0062-signal-final-bb8d6c4b0afa8e2f_twirl_twoap_current_adp.png,../../data_local/label_reviews/s56_s62_signal_rereview/vet_sheets_s56_s62_a2v1_current_adp_v1/s0062-signal-final-bb8d6c4b0afa8e2f_twirl_twoap_current_adp.png
62,876338674,eclipsing_binary_or_pceb,18.468790893586,0.213418564778322,30,0.122835812001346,3.4661107202687,73.2282739055127,s60_s62_tehan_hv2_3k_20260721,s0062-signal-final-c448c98b87841bfa,1,false,s0062-signal-final-c448c98b87841bfa_twirl_twoap_current_adp.png,../../data_local/label_reviews/s56_s62_signal_rereview/vet_sheets_s56_s62_a2v1_current_adp_v1/s0062-signal-final-c448c98b87841bfa_twirl_twoap_current_adp.png
62,902823593,eclipsing_binary_or_pceb,19.6423133089508,1.55566034662102,30,1.50945130645087,16.8250545060981,133.416720268099,s60_s62_tehan_hv2_3k_20260721,s0062-signal-final-f6acf36525ecc502,1,false,s0062-signal-final-f6acf36525ecc502_twirl_twoap_current_adp.png,../../data_local/label_reviews/s56_s62_signal_rereview/vet_sheets_s56_s62_a2v1_current_adp_v1/s0062-signal-final-f6acf36525ecc502_twirl_twoap_current_adp.png
