recovery_mode,n,median_snr,median_tmag,median_period_d,median_depth_retention
bls_peak_mismatch,17,7.282514332115012,18.92540508031963,0.9306665005802915,0.5127080210966098
bls_top1_recovered,73,9.730017840409484,18.377716614497867,0.4960283489196407,0.6878813372196906
bls_topn_harmonic_match,2,5.495782135448735,19.359853912057858,0.32935596723549304,0.48680610425715454
bls_topn_recovered,2,6.121156838673802,18.983960521279748,1.2144896424107376,0.4501938080613962
