recovery_mode,n,median_snr,median_tmag,median_period_d,median_depth_retention
bls_peak_mismatch,90,3.122157798661731,18.529417949746176,0.5540460437295877,0.2676694732273674
bls_top1_recovered,3,11.478927372806083,19.286482686082213,0.3461773403171175,0.2931883433871686
bls_topn_recovered,1,12.989720773586464,18.915310421053174,0.1398892425775845,0.2718137139179662
