sample,n,period_min_d,period_median_d,period_max_d,depth_min,depth_median,depth_max
real_candidates_measured,100,0.121595057969222,0.23182687383434064,12.47750325600204,0.0142079322286766,0.49228454744965167,0.9928990421366044
injections_truth,900,0.1204600943709498,0.4228736468471511,2.4883688051076884,0.0204973384743739,0.2335453272821768,0.5499937780207225
injections_recovered_bls,900,0.1204515512803836,1.2309290839032356,12.547998846216272,0.0540569223538424,0.431173681673938,102.67595597780468
