bin,n,n_planet_like,frac_planet_like,n_certain,frac_planet_like_certain
<1%,0,0,,0,
1-3%,13,12,0.9230769230769231,12,1.0
3-10%,53,39,0.7358490566037735,41,0.9512195121951219
10-30%,75,50,0.6666666666666666,57,0.8771929824561403
30-100%,316,206,0.6518987341772152,240,0.8583333333333333
>100%,0,0,,0,
