bin,n,n_planet_like,frac_planet_like,n_certain,frac_planet_like_certain
<10,5,1,0.2,2,0.5
10-20,90,36,0.4,50,0.72
20-40,140,91,0.65,105,0.8666666666666667
40-80,97,78,0.8041237113402062,82,0.9512195121951219
>80,125,101,0.808,111,0.9099099099099099
