bin,n,n_planet_like,frac_planet_like,n_certain,frac_planet_like_certain
<16,67,53,0.7910447761194029,57,0.9298245614035088
16-17,69,36,0.5217391304347826,48,0.75
17-18,113,60,0.5309734513274337,74,0.8108108108108109
18-19,120,81,0.675,93,0.8709677419354839
19-20,86,75,0.872093023255814,76,0.9868421052631579
>20,2,2,1.0,2,1.0
