bin,n,n_planet_like,frac_planet_like,n_certain,frac_planet_like_certain
<0.25,74,62,0.8378378378378378,62,1.0
0.25-0.5,71,61,0.8591549295774648,62,0.9838709677419355
0.5-1,58,50,0.8620689655172413,53,0.9433962264150944
1-2,81,65,0.8024691358024691,72,0.9027777777777778
2-5,77,45,0.5844155844155844,49,0.9183673469387755
5-10,68,19,0.27941176470588236,38,0.5
>10,28,5,0.17857142857142858,14,0.35714285714285715
