bin,n,n_planet_like,frac_planet_like,n_certain,frac_planet_like_certain
<1,78,60,0.7692307692307693,64,0.9375
1-2,102,56,0.5490196078431373,71,0.7887323943661971
2-4,99,61,0.6161616161616161,71,0.8591549295774648
4-8,103,75,0.7281553398058253,83,0.9036144578313253
8-12,42,32,0.7619047619047619,35,0.9142857142857143
>12,33,23,0.696969696969697,26,0.8846153846153846
