recovery_mode,n,median_snr,median_tmag,median_period_d,median_depth_retention
bls_peak_mismatch,39,7.270781096815345,18.69097126940609,1.3734491720104056,0.5730535418570518
bls_top1_recovered,42,10.645320499610154,18.667495666461924,0.319437053677106,0.6891073662653702
bls_topn_harmonic_match,10,15.908677454752667,17.589000481836873,2.20017264839249,0.7297571667206981
bls_topn_recovered,3,9.934429032444609,18.23286355674184,1.6666012421355374,0.5740008839387504
